0,1,2,3,4,5,6,7,8,9,10,11,12,13,14,15,16,17,18,19,20,21,22,23,24,25,26,27,28,29,30,31,32,33,34,35,36,37,38,39,label
-670.19543,65.06385,0.8889541,14.715979,9.182164,0.660575,-3.846836,-3.583946,-12.959006,-3.3001328,0.9107796,-3.597036,2.3762743,-4.3889413,0.5450804,0.8918514,-4.8025913,-2.105414,-1.6059692,-1.0523903,-7.067281,-0.623061,-2.7280297,-5.307361,-1.9691167,-0.94615275,-5.721111,0.33299103,-2.5438454,0.1822085,-2.3510976,-2.504727,-3.1515071,-2.1908991,-3.8017597,-1.8130877,-1.2612225,-2.1449544,-4.152173,-1.7796154,neutral
-660.23035,63.325817,-2.6304572,17.983355,9.407703,-0.98149824,-2.3246975,-6.8480315,-14.13367,-2.2003324,0.48575455,-3.5897148,0.70367616,-4.2963767,-0.57926387,0.16835245,-5.55693,-1.3754357,-2.431206,0.39963508,-6.5191474,-1.159247,-2.423798,-5.653184,-0.8786646,-2.0320818,-5.72138,1.300427,-2.83868,0.058384795,-1.7864134,-3.113372,-2.5567517,-2.9351122,-3.6549625,-0.9880483,-1.4998254,-3.6171255,-3.751694,-2.7309139,neutral
-661.9645,66.65587,-0.93215764,14.899042,5.3247027,0.47434267,-3.3466513,-7.1025248,-12.873403,-5.088379,0.0013452768,-3.964232,1.5700027,-4.519395,-2.7574663,0.7277307,-6.1253796,-3.963368,-0.18352352,-0.12927589,-6.4628143,-1.3566461,-2.451898,-4.0212307,-1.6523415,-0.51918805,-5.061178,-0.47720957,-2.6639094,-0.45191896,-2.2644928,-2.6436503,-2.937168,-2.361648,-3.3451042,-2.4260595,-1.4600126,-3.281309,-4.208614,-2.7262056,neutral
-657.72235,65.03519,3.1486723,15.666511,7.5826573,2.628087,-1.8500687,-7.477578,-11.976265,-4.458463,0.47438186,-2.418702,0.2018811,-4.021397,-2.4247108,1.2347196,-5.734745,-2.6751385,-0.21636847,-0.6267835,-5.738756,-2.3356442,-1.8039048,-3.3132305,-2.4136574,-1.2878956,-5.5550337,-0.6311903,-2.7793753,0.68004274,-2.9185772,-2.8496115,-3.5914876,-3.1040158,-3.4957066,-1.6284109,-1.304878,-3.0327938,-3.973964,-3.8617792,neutral
-694.5796,72.531715,3.1045616,17.112118,9.077338,1.8362566,-4.146086,-4.797151,-11.764124,-5.92548,0.92036,-3.949307,0.5134986,-4.053604,-0.62032586,1.77352,-6.5415154,-0.92214614,-1.4762514,-1.9375763,-5.5625534,-1.546684,-3.270127,-5.0892906,-2.0948453,-1.4452754,-5.6710796,1.5286288,-3.601097,0.57211053,-2.50713,-1.4058732,-2.2903457,-2.8791432,-2.0690923,-0.5444641,-2.0738163,-2.0806112,-4.573941,-3.246941,calm
-676.02344,80.26263,2.5032032,13.3088665,11.569082,1.1933578,-5.3659854,-5.692615,-9.998198,-5.729335,1.9533229,-2.9317298,-0.2783358,-4.232111,-2.0333169,1.1834761,-5.973,-2.6199806,-1.0506548,-1.7569709,-5.558182,-2.149296,-3.1298778,-5.1158524,-2.582557,-1.6264857,-5.361411,0.38478872,-3.4677885,0.3235419,-4.073999,-2.7750332,-4.051667,-4.126582,-4.494489,-1.4400599,-2.5257032,-3.6805172,-5.1545353,-4.82557,calm
-666.6185,75.51372,0.75422055,15.570236,6.638893,3.128689,-1.8389336,-5.8404164,-10.310458,-5.500112,2.0212364,-2.0762115,1.4491688,-5.4239283,1.5644329,-0.050361045,-7.4645844,-3.1895034,-0.20267998,-2.1165664,-6.9647255,-1.7746927,-2.723619,-3.8337164,-2.771869,-1.2965733,-6.3496385,0.9910259,-4.5076966,-0.20283166,-3.7652102,-2.0190783,-2.9941032,-3.6608634,-4.882985,-2.326971,-2.525656,-2.697036,-5.524481,-3.400655,calm
-667.1171,79.26519,0.21456456,14.969451,8.738844,1.6147742,-1.5327644,-7.3180475,-9.807106,-5.784626,0.626626,-2.4500756,1.2911065,-4.725026,0.25915188,0.99324644,-6.755945,-2.5282087,-0.9139522,-1.5174524,-7.6917267,-1.9538152,-2.9422507,-2.5979004,-3.1744003,-0.90156955,-5.173778,0.1521434,-4.564284,-0.108753026,-4.1977763,-2.1417785,-2.6588342,-3.0961518,-4.1241503,-2.1030493,-1.4097146,-2.7554288,-4.043263,-3.9080098,calm
-687.39374,86.30303,4.9101667,16.588545,11.206295,2.0070603,-4.878831,-3.8133452,-7.948537,-5.705547,2.201086,-0.16574496,-0.34436575,-4.7770615,0.16891813,0.49595395,-2.4586957,-3.282157,-0.51892346,1.2123777,-8.704742,-0.005511592,-3.3424685,-4.8832526,-2.3363047,-1.0039864,-4.046401,1.1709553,-3.9957619,0.20260514,-4.313591,-3.5529664,-4.675297,-2.614001,-6.5780973,0.57004464,-3.575355,-3.031051,-5.966482,-3.9765954,calm
-632.44934,89.4056,-0.7624836,15.570318,9.03804,0.5364826,-6.2400036,-8.146271,-10.77365,-6.5939755,3.4899035,-2.0718486,-1.5570123,-6.293864,-0.2593997,-1.2985007,-5.4691114,-3.0567815,-1.1076869,-0.447974,-8.642469,0.058578257,-2.918598,-4.8966184,-3.2286777,-2.0899036,-6.127,0.17608713,-3.6520662,-0.9486786,-5.3322268,-3.2980516,-5.7123275,-3.876625,-7.0523615,-1.5666845,-2.775461,-3.0271723,-5.990308,-4.581634,calm
-612.8108,91.1305,3.6563616,14.375622,5.6840687,6.5952787,-7.8155255,-7.7080708,-12.261244,-7.313222,2.3346727,0.59225416,-0.21268322,-6.798617,1.2515186,-2.2120385,-6.8001466,-3.5448706,-2.9908335,-0.8893136,-10.403039,-0.67418295,-2.0957518,-6.423266,-3.4163203,0.2691767,-7.55689,1.7350616,-6.386213,-0.40796492,-5.87651,-3.08544,-4.0128646,-3.9857943,-6.4035287,-0.74637496,-2.5170267,-4.6693926,-6.886883,-3.9473896,calm
-615.4578,86.49379,-5.1948757,19.32302,8.7544775,3.514633,-6.1018257,-11.22689,-13.208188,-5.2027082,4.885494,-1.474036,-0.51255983,-7.3895626,-0.6607963,0.08569512,-6.241501,-3.1982992,-0.8431406,-0.18877523,-9.285505,-2.1676736,-2.014457,-5.0593767,-1.6729465,-0.6057876,-5.6028285,1.131764,-3.6940224,-1.1742232,-5.8070245,-4.0277047,-5.182002,-3.6595757,-5.8025265,-0.84912854,-2.1770391,-4.197674,-6.0780406,-5.1339254,calm
-616.1367,73.989075,-5.612793,14.566868,4.5197744,-3.8280938,-7.0307326,-8.178227,-13.892967,-3.1425695,-1.8347381,-8.218003,1.0897971,-5.7070174,-2.9523382,2.3759916,-9.5676365,-3.492208,-3.0170002,-3.032112,-6.996414,-0.15401071,-3.6122756,-5.5995774,-3.2356381,-2.3165612,-6.115536,0.20279561,-4.83521,-1.3289824,-3.4196997,-3.182158,-3.0847425,-4.359793,-4.9631405,-2.792226,-2.9150474,-0.92296064,-2.413197,-0.969556,happy
-601.02,73.71425,-7.1425004,18.018578,7.6638527,-1.9836943,-7.730342,-5.682049,-16.004135,-1.6102892,0.20392558,-7.5068245,3.8738563,-4.734559,-2.736714,3.6645715,-9.231105,-3.2308083,0.37015224,-2.0413215,-7.295741,-0.16759636,-4.372072,-6.5829487,-0.7343604,-1.3135662,-4.2466035,-0.7706641,-4.478012,-1.4435349,-1.8944819,-4.020631,-1.9677854,-3.4679806,-3.627612,-1.8587615,-1.3443514,-2.3628929,-2.7604785,-1.1814468,happy
-624.1426,73.20094,-2.9849498,15.253688,2.0333552,-0.27825752,-6.6547213,-8.6123905,-16.168875,-3.9341974,2.776278,-8.272647,2.255594,-4.7822733,-0.72194105,1.905955,-7.9459333,-2.3812857,-1.1908726,-3.9018831,-5.922452,-2.3207674,-2.8354514,-4.4529524,-2.9136252,-0.5198487,-6.052693,1.4038392,-3.1976666,-0.87107694,-2.8846624,-2.7405617,-2.8686135,-4.4013195,-4.2753286,-2.1497471,-2.0675006,-1.4099271,-4.3288116,-2.6689928,happy
-607.8641,69.66942,-0.6958226,21.833483,2.0618677,-0.17839274,-3.9301245,-8.634003,-17.164713,-5.2714367,0.26509506,-6.399935,2.693739,-5.658616,-1.4491729,1.0056691,-9.389977,-3.1343074,-1.9691657,-3.5088246,-7.084035,-2.0347242,-3.3759427,-5.431683,-3.6853795,0.09807895,-7.9559784,0.37868938,-4.865133,-0.8170768,-3.7811697,-2.7363658,-3.5359163,-3.682557,-4.62905,-2.297451,-2.856305,-3.0255582,-5.650544,-2.42604,happy
-559.3498,59.434597,-7.3483286,6.731324,-1.6105076,-1.6446797,-15.297956,-10.8014145,-12.724634,-10.259271,-0.9808684,-8.853123,-2.5251477,-4.815952,-7.831818,-0.68551916,-9.563294,-4.254345,-3.7189467,-6.3081384,-6.753067,-3.7187629,-5.278647,-6.0989165,-4.4028516,-1.8027309,-2.3074837,3.2584708,0.9699653,0.8144748,-2.7980423,-1.4597548,-1.7789572,1.6586231,1.4441358,6.1974277,2.7241247,0.9207121,-1.577102,-0.9087699,happy
-525.63245,65.39656,-13.422568,7.114838,2.4793038,-2.8943148,-13.134979,-8.312349,-17.194006,-9.487422,3.2600133,-9.445167,-1.7099078,-2.532083,-7.8684645,0.45009577,-8.710567,-6.723274,-2.7868094,-5.5558443,-7.425419,-4.9995346,-4.182294,-5.460987,-2.7530372,1.0446013,-5.280776,0.8361202,-1.1316181,-3.0014799,-1.3383191,1.9318854,1.0149285,1.7291298,-0.4041923,4.946807,4.8868237,6.389383,2.1026232,0.05458685,happy
-460.33026,63.159615,-13.468573,9.937035,-0.075394385,-3.2403307,-13.81861,-12.049683,-23.861622,-6.4673867,-0.10421712,-12.272019,0.17549784,-5.2150364,-9.269622,2.2708852,-12.546608,-5.184422,-3.1558402,-6.288768,-9.308995,-3.2842011,-6.366511,-7.1282487,-5.502723,-3.8811312,-7.686899,-2.397824,-6.656608,-2.5885377,-0.43188468,-0.46020672,2.2796597,1.1547878,0.6360321,2.290169,4.036098,2.9850206,1.3245143,2.9429224,happy
-475.0104,64.74805,-11.6566105,8.972135,-1.3624597,-4.3265195,-12.854099,-12.519541,-22.508835,-9.462559,-2.3589678,-9.268343,-0.5677207,-3.7400565,-10.146372,0.1973273,-11.131612,-7.4570036,-3.4312646,-4.085609,-10.389316,-3.643865,-5.62061,-8.4046135,-5.6802435,-2.3884032,-8.855574,-2.6576178,-5.4910474,-4.051358,-3.8324237,-2.5375051,-3.8434284,1.8160137,-0.5659532,4.7380705,1.8876503,1.7308263,0.9016103,2.9001403,happy
-634.87775,77.04579,-2.8813233,18.228151,8.792021,-3.5449212,-2.9235713,-10.810566,-13.933831,-5.671138,-5.5116515,-2.236655,-1.2557417,-8.325458,-2.6647878,-1.7315233,-7.075952,-5.9192863,-3.9966412,-1.0787857,-8.653606,-3.0007675,-3.3646183,-6.336575,-2.606874,-2.3765152,-5.824426,-1.6907818,-3.1245556,-2.4756913,-3.048692,-2.8089988,-3.2685823,-2.9380736,-5.929226,-3.6716664,-2.9941452,-3.0002754,-4.748886,-3.5988865,sad
-670.48425,72.873276,-5.1224165,16.831566,8.073151,-1.8720026,-0.56346905,-9.439885,-12.27223,-6.3696413,-1.7951287,-2.1579025,-1.9174446,-4.019978,-0.8200491,-1.0795549,-4.499712,-3.1682737,-1.8992167,-0.03345491,-7.971951,-1.5145024,-1.4623287,-5.0189357,-1.5053786,-1.4203625,-4.5484543,-1.1193113,-3.7687902,-1.0662379,-1.5668805,-2.068692,-2.52447,-1.6422297,-4.427451,-0.16416536,-2.0172532,-2.4775257,-4.0564156,-3.261261,sad
-707.9433,70.33209,-3.9816368,16.394806,7.665536,-2.1531868,-2.0609133,-8.838734,-12.73049,-4.4454756,-1.1473311,-1.585549,-1.4445825,-3.8576822,-3.1639438,-0.28633493,-5.2824993,-7.181724,-0.7982676,-0.5464985,-7.220852,-2.4526753,-3.4026446,-5.1541767,-1.9493812,-0.9015921,-3.5024416,-0.04203987,-3.7990975,0.21056965,-2.9764132,-4.1611133,-2.1258528,-1.602657,-3.6401584,-0.9943943,-0.97100997,-2.4562793,-4.884325,-3.2111259,sad
-681.6502,69.696846,0.46915486,18.170816,6.870313,-0.44826296,1.3564287,-8.938223,-14.520136,-4.707396,-2.8978689,-3.0332134,-0.14261873,-4.885949,-3.056107,2.1999576,-3.7448206,-5.2094474,-2.0449781,-0.24154097,-7.8430214,-2.4762502,-2.3986206,-4.3600006,-2.43996,-0.75774604,-5.19757,-2.790206,-2.800651,-0.08250828,-2.1095643,-1.934762,-2.4254668,-2.9693751,-4.8703504,-1.9857113,-2.5730886,-2.0088472,-3.2734528,-3.0102918,sad
-624.8101,77.52801,0.09783766,19.884455,8.857916,-3.2568476,-2.22375,-10.291403,-12.763717,-2.6949503,-3.904852,-4.1572266,-0.907989,-7.24711,-2.4668372,0.57413495,-6.842411,-4.4614463,-3.7321234,-0.6985969,-6.7819014,-1.8096282,-3.318017,-6.629781,-2.8193376,-1.5284668,-4.887973,0.33631653,-2.564757,-0.6175801,-3.788155,-1.4543369,-4.1448655,-2.4826803,-5.1396904,-1.8882735,-2.8223004,-3.6318288,-3.686525,-4.2838573,sad
-587.7398,62.540543,-6.0625525,12.954742,4.5477104,-4.493005,-10.604272,-8.7653885,-18.683168,-5.4651875,-2.7438278,-8.550165,0.38453686,-5.978398,-6.335192,1.3707362,-11.189714,-4.1348557,-0.84806895,-3.2920992,-8.0812,-2.4947405,-8.771584,-4.790197,-4.681863,-1.8375655,-5.729276,-2.7981436,-3.22326,-1.6797478,-3.5090318,-3.6319323,-4.192684,-2.524725,-4.7274237,1.0487723,-0.73722327,-2.215904,-4.0107474,-2.2721188,sad
-577.98413,67.7605,-7.0375943,16.876732,4.9397554,-3.4777794,-8.413763,-11.454424,-22.813314,-5.9835215,-2.8746705,-8.92794,0.4575779,-6.9570003,-4.6691775,1.8295954,-8.299769,-5.654137,-3.5582297,-3.1966133,-9.203224,-4.8167734,-3.3349094,-7.440195,-5.8242807,-1.3806399,-8.370972,-1.847254,-4.424057,-2.2289815,-4.326519,-3.1522548,-4.214752,-3.3816924,-4.984261,-2.892626,-0.9237009,-0.7284994,-0.7197327,-0.32175773,sad
-557.87836,62.92364,-5.18009,16.349602,2.8336828,-3.8141267,-8.793596,-11.089685,-19.799898,-4.8437257,-1.6096739,-7.6002574,0.5843583,-7.919229,-4.7873898,1.7478892,-9.882435,-5.459357,-3.4665058,-3.3617272,-8.5848675,-2.6624317,-3.3549588,-7.0483427,-4.0424223,-1.4286568,-7.349901,-0.14223175,-6.040752,-1.1384003,-4.3413706,-3.2771757,-4.8061247,-3.8904321,-4.9389076,-2.5297618,-1.8988776,-3.0847511,-3.9164906,-2.5584526,sad
-490.88266,54.259254,-7.4870563,15.928641,-1.8539724,-3.7620168,-5.56719,-1.9980389,-15.838935,-6.1874022,-1.18815,-6.118937,-0.9479342,-5.9448056,-4.269844,-2.3766725,-7.8854313,-2.5771987,-5.113807,-4.347992,-6.721822,-3.2926986,-5.5671988,-5.238819,-4.341762,-1.6398293,-6.2198873,1.593617,-2.9304256,-1.0795166,0.028551953,-0.5605457,-2.76548,-2.2101164,-3.227792,-0.03012443,-1.7449636,-0.47193116,-4.556301,-1.5693076,angry
-467.40607,52.420807,-7.031423,10.83077,-4.4285545,-4.9068475,-9.143121,-11.159566,-17.296751,-8.546916,-5.920509,-8.759364,-4.677646,-6.181968,-6.1003737,-4.014664,-11.021619,-2.4491909,-7.340503,-5.613894,-5.990827,-3.4721642,-2.7792346,-1.61053,-2.8825753,-0.21246006,-4.124021,-0.28249946,-4.044201,-2.558202,-1.9458947,-2.7863119,-3.1022503,-2.5781817,-3.0257728,1.8418628,-0.08399453,3.4406376,-0.51581943,1.1878488,angry
-547.852,53.038635,-2.017712,13.761202,-0.44743547,-2.0050333,-6.04138,-7.5075955,-15.572765,-4.4823604,-4.1543255,-5.08456,-1.0711081,-6.2513943,-2.5614452,-0.6266862,-8.949374,-3.1533513,-2.5529606,-5.0702133,-7.302488,-2.5135822,-3.8307898,-5.648984,-3.9197464,-2.3185258,-5.9078755,-1.1890649,-3.0683212,-2.2971225,-1.3586401,-1.4731319,-0.9899927,-1.1038346,-2.927123,0.13577816,-1.0961785,-0.61528665,-2.6003432,-0.5058863,angry
-488.1695,54.694916,-3.38642,10.768422,0.12106793,-4.3983693,-5.4454217,-8.1943865,-18.647001,-6.212215,-3.171641,-7.064699,0.1565992,-6.5233245,-5.536565,1.0029275,-11.336968,-1.7971033,-2.1439152,-6.0620465,-7.720647,-0.81195277,-5.34292,-4.437901,-3.8787217,-3.2865834,-7.0405006,-1.9070435,-3.949614,-1.5069284,-1.152414,-1.3249352,-0.043549407,-2.3342502,-3.320681,0.8164156,-1.5101767,1.3624227,-1.9196767,-1.7709218,angry
-281.96075,38.79511,-25.803072,0.3363779,-16.025085,-7.020027,-17.174591,-16.689877,-17.486822,-11.457616,-8.344426,-6.4184804,-9.525339,-8.518446,-6.8829803,-1.9056754,-10.116424,2.852041,2.3586233,5.0361924,4.073009,6.5173197,5.816111,0.5082085,0.11043091,0.84720975,-3.1744661,3.2679214,2.1567721,-1.5196707,-0.5537948,-1.2045082,1.7810972,0.8781955,-3.2669334,2.598818,1.786219,1.583717,-3.336899,-0.3283013,angry
-302.81027,42.156296,-22.560314,4.514766,-11.462322,-9.415368,-14.79127,-8.066682,-22.015171,-11.771349,-7.8800097,-12.188114,-7.0418053,-5.675289,-8.486818,-5.4493494,-17.249435,-8.477712,-7.9987097,-10.332306,-8.854511,-1.5720153,-2.052761,2.8131204,7.420609,7.05046,1.8536468,4.9363847,-2.7083962,1.5019984,4.96396,3.242655,-1.1203109,-0.48797408,-3.0886908,3.3524528,1.9990169,1.5982523,-2.9082038,-0.18081395,angry
-329.68204,37.055607,-18.648388,6.5496383,-9.69645,-6.251557,-13.365949,-8.641983,-21.028406,-8.458945,-4.560714,-10.382031,-3.66144,-5.9766197,-7.696667,-0.7375307,-13.345436,-2.6788087,-4.848446,-5.5952826,-4.244586,-0.098897204,-2.376394,-0.09666196,0.21520151,2.9356775,-0.65228343,0.51225734,-1.2488644,1.2540886,0.83888495,1.2002751,-1.8619778,0.74287385,-0.875441,3.5796962,1.7076283,4.155754,0.9229353,2.9183989,angry
-203.71127,31.237106,-29.7649,-4.1967,-16.171604,-10.366575,-24.224531,-15.5820465,-22.462692,-13.666406,-3.8765845,-12.2436075,-8.562599,-6.6336803,-5.964758,-1.6022565,-8.183718,2.6915336,6.9725285,2.2979763,0.60346043,3.243782,1.9122957,2.6968155,1.0177811,-1.4852363,-6.2742853,-1.2933087,-1.9117942,-0.27756616,-2.7942626,-2.52876,-1.556143,0.25206,-1.7292386,1.584913,0.462563,2.8834336,-2.116397,-2.4053993,angry
-556.8871,65.23701,-0.8844127,15.528003,9.315155,-3.4577765,-4.75956,-9.59,-14.681817,-2.4063625,-4.3896494,-1.3501875,2.8211205,-5.950896,0.2973821,4.5817943,-6.4379387,-3.3915465,-1.7722455,-2.5688562,-6.8432937,-0.932684,-3.9576643,-4.7166314,-2.1382682,-0.5423284,-4.7933087,0.70975775,-5.0846868,-0.92208195,-2.387239,-1.9862175,-3.4390883,-1.6219783,-5.0305634,-2.3776696,-1.0525196,-0.97810495,-1.4736575,0.29152927,fearful
-567.487,65.36763,-8.041981,10.584493,4.971396,-5.184732,-9.513165,-14.307925,-19.514025,-4.8828053,-4.197841,-7.5470443,-0.60285974,-8.201453,-2.8359308,2.733505,-9.388874,-5.664127,-3.4752736,-4.1663737,-7.373289,-2.0395932,-5.7081776,-6.135213,-4.208549,-2.3768969,-6.9168544,-1.0877365,-4.5618896,-3.299412,-4.882916,-1.8697984,-3.2395093,1.0426626,-1.4028858,1.5495741,1.860205,1.6359074,-2.1753232,0.39991143,fearful
-589.57043,65.85815,5.001099,19.115839,8.962849,2.2062829,-3.108552,-7.925137,-11.226555,-1.3120211,-1.8129708,-1.456782,1.5219243,-3.8890405,-0.21205324,3.4482946,-3.8070805,-2.59912,0.52497935,2.1992974,-7.1305637,-0.96669436,-2.4380462,-4.136274,-3.61499,-0.43760645,-4.6607456,0.42927364,-3.1756508,-1.2889688,-2.3439043,-1.1812257,-3.249499,-2.0938494,-4.4605155,-1.9593049,-1.003217,-1.5606551,-3.8304584,-2.798908,fearful
-572.24146,73.23039,-4.453161,18.55243,8.006945,-0.5232409,-4.976837,-13.243358,-13.188245,-1.2169545,-1.4427078,-1.7660652,0.091265045,-4.5880613,0.94868636,0.47156534,-3.6352062,-4.3751264,-0.3132673,1.804372,-8.524256,0.28375867,-3.5729864,-4.476092,-2.719838,-1.9265733,-6.0300803,0.27667552,-4.644814,-1.3391186,-3.1704261,-0.7512247,-5.2249494,-2.9012597,-5.6857753,-1.2584717,-0.80267113,-2.7020063,-4.1529126,-3.7433002,fearful
-381.20517,46.213745,-16.112617,11.222985,0.36505643,2.1569881,-8.653439,-11.128906,-17.983053,-5.915207,-0.6162267,-4.3829827,-1.8227851,-4.616922,-3.6953332,7.343103,-4.2366157,-7.111952,-1.6815709,-3.0429177,-9.075513,0.2842302,-1.9224772,0.1083727,0.63557047,7.518637,0.2721452,5.078389,4.385578,0.9734948,6.291029,6.464178,2.3303049,4.8571825,-2.25272,1.0797628,3.4325092,4.5862064,0.5062136,2.7642055,fearful
-345.00552,53.832165,-23.191202,-2.9327543,1.2612118,-2.2451472,-14.61324,-17.309965,-22.67938,-11.397805,-7.083717,-12.531209,-9.080573,-8.487774,-6.4912763,2.773384,-12.10728,-10.076799,-3.283378,-5.0582123,-9.542676,-2.6077785,1.1848421,4.3669276,6.184859,10.785544,3.1628177,5.892459,3.5916526,5.881636,8.695485,5.88287,0.38548642,-0.21831465,-3.024437,2.8309827,3.3751836,1.1134937,-3.8008182,-1.7252666,fearful
-327.22842,38.104767,-20.15247,-1.2656245,-8.632889,-4.8855963,-13.674494,-19.788265,-20.102554,-11.717586,-5.850871,-10.58945,-9.681366,-8.227257,-8.597699,3.9817805,-12.332334,-7.4992647,-2.867517,-2.4843853,-5.666285,-1.1533223,1.125668,3.8611898,7.8538375,14.166328,6.32716,7.7791333,0.80768394,0.4531463,1.7253754,3.8434975,3.5352385,0.5524951,-3.3429608,2.3689623,3.3272958,2.6127622,-1.2796069,-0.8279185,fearful
-372.55228,51.752296,-19.792763,0.40403166,-2.402372,0.48074082,-16.220163,-15.567818,-19.226673,-13.107581,1.3469815,-9.818463,-8.82035,-8.300779,-7.166811,3.1241071,-11.655762,-8.31805,-1.5688092,-6.4425497,-9.16103,-2.5886478,-0.9226959,1.267657,2.5136192,8.458217,4.3928194,8.428199,6.013502,4.352053,4.7714553,3.5892591,1.6481379,2.3794918,-1.8079562,5.578155,1.1025269,0.88766974,-2.7002602,1.0796396,fearful
-608.10876,74.05153,-3.7700224,12.989513,4.8434834,-0.29351923,-9.097125,-8.4314375,-17.472172,-5.6186976,-0.8769346,-10.0501795,-2.0687003,-8.900199,-1.477001,-3.8332918,-8.542458,-3.86393,-5.618012,-3.0695407,-7.051498,0.5529022,-7.1326275,-3.2201824,-2.9133124,-2.4756932,-4.11897,-0.5368211,-3.9216008,0.91250145,-2.0191698,0.85082126,-2.268557,0.068172045,-2.671215,-0.3710205,-2.4030533,0.28695148,-3.6497047,-1.5190768,disgust
-570.6642,64.868126,-1.0601848,5.2537594,4.068414,-0.17848699,-11.513788,-8.216217,-16.826479,-5.7203794,0.086738,-7.555612,-4.150433,-5.8726606,-2.57203,-3.2435288,-7.0203004,-3.4810524,-2.5431168,-0.6216636,-6.5244083,0.8930847,-8.106054,-2.6590347,-2.851667,-1.8080573,-5.797596,0.56750387,-2.5059354,1.610379,-2.4924617,0.93011594,-2.6437597,-1.1674378,-1.7762377,1.9525924,-0.36796498,1.7902919,-2.0587995,-1.2057016,disgust
-618.0097,81.75966,5.1432557,17.117785,2.1418347,4.1539726,-6.379088,-14.638542,-9.802097,-3.2726498,-3.2458754,-4.104288,-1.3867999,-7.045141,-1.9322544,0.2651501,-7.9521804,-3.035034,-2.6299198,-3.6688445,-10.200774,-0.35239887,-3.5615385,-5.085666,-5.4984856,-2.8122282,-5.3488345,-2.1896958,-3.4652057,-2.1633418,-5.0448036,-2.0846357,-5.3577523,-2.2937584,-5.76242,-1.6528167,-3.059425,-3.6189654,-6.4400353,-3.3960721,disgust
-615.58765,69.54795,-1.447882,13.171683,-0.5882068,4.2653694,-7.17142,-13.238632,-9.752042,-2.0670478,-0.040096577,-5.222174,-0.75940377,-8.1720705,-1.7537231,-0.032990955,-7.716242,-3.2985306,-1.846455,-2.456936,-7.5991096,-2.3206677,-4.411737,-4.5119534,-5.375691,-1.6348438,-5.499183,-0.79974186,-2.4468281,-2.3038588,-4.104646,-2.1760046,-4.6502376,-2.3784773,-5.6742015,-2.720064,-2.561273,-0.80983037,-4.159687,-2.0882215,disgust
-434.45212,53.705254,-3.9677885,-7.0210414,-10.349297,-2.1920695,-15.132009,-20.78881,-17.664001,-10.190953,-5.4927382,-5.026477,-9.43798,-7.408103,-6.6130857,-8.085607,-9.279678,-3.7129185,-9.083761,-5.7248573,-11.2539215,-4.020912,-3.3162472,0.6332503,0.538457,0.7603788,-0.7208218,4.246888,1.8498071,3.3433769,1.7738496,4.5945573,0.29379952,2.4531612,2.2749357,2.2955704,-0.42639488,0.93039626,-2.444202,-0.6022926,disgust
-446.0513,47.95513,-8.209035,1.8928344,-9.66536,-7.9437284,-20.97265,-17.99677,-11.194994,-8.13829,-7.0824857,-8.804702,-9.3637295,-12.187659,-5.0893526,-1.9726957,-11.904508,-1.5314327,-7.3113027,-5.754774,-6.564314,-4.48714,-2.0418434,-1.7282312,-1.6007354,0.5906801,-4.3179564,-1.3856399,-3.2339299,1.4647355,0.9145929,3.3860056,0.94668937,1.4115891,0.36830476,3.4152982,1.3928362,-0.41940653,-4.504748,-1.9832008,disgust
-454.9489,58.291527,12.474754,-0.9419941,-9.75372,0.6303096,-15.958982,-21.417986,-7.2298517,-11.688665,-11.805818,-4.106274,-10.291333,-14.850829,-6.739281,-6.469526,-16.721323,-6.633051,-7.1701794,-7.15895,-10.903409,-5.1929526,-9.226734,-5.221496,-5.987142,0.91363454,-5.680391,4.9376335,-0.14623058,3.223337,0.05556987,0.73368216,-3.8834305,1.3190249,-0.8128047,2.927627,0.74497014,2.405693,0.29468626,1.556977,disgust
-427.76328,59.560143,-1.5502198,-0.33475083,-5.806928,-2.8845139,-19.334208,-21.564363,-11.722755,-8.262382,-9.703202,-8.8869295,-10.214932,-9.008382,-7.657827,-1.3432962,-11.11489,-4.2183604,-5.5111213,-4.9314103,-8.848616,-4.5215774,-5.6634493,-5.345416,-6.7050705,-2.2874777,-6.417493,-0.498655,-0.84883356,2.7938735,1.3018409,2.173336,-0.9392326,0.28241056,-0.18760027,4.1025124,0.41151223,-0.025066346,-1.370596,-0.83332616,disgust
-632.82214,61.79408,-0.5826766,9.617841,5.2318954,-3.1074874,-6.968034,-7.6794157,-11.350557,-7.0204496,-0.3054881,-6.1307673,-1.0003413,-5.7197647,-5.2665553,0.083916344,-9.7242155,-4.4694524,-3.1505075,-3.5455666,-6.556196,-3.434189,-5.2708826,-6.6345806,-2.6908455,-2.0647597,-6.563456,-0.5253424,-4.659638,-2.2137809,-3.8918166,-4.121522,-1.1622301,-1.9549356,-2.7381983,0.47001457,0.2896402,0.24959362,-2.429817,-1.7815094,surprised
-654.8418,62.003094,-4.082947,12.235204,7.9202394,-2.407815,-7.4999156,-7.0036426,-11.692303,-1.811882,-1.2891904,-6.8958597,-0.60882556,-5.329885,-6.0838413,1.8128018,-6.9639726,-2.7658556,-0.20162559,-1.1333007,-7.8293896,-1.9430194,-3.909243,-4.456781,-3.109707,-3.7242475,-4.2610683,-2.0139685,-2.9862013,-1.8100877,-2.0552943,-2.1300018,-2.3990943,-2.4404428,-4.038055,-1.8209064,-2.375382,-1.1690719,-3.2975209,-2.8015757,surprised
-632.3327,66.466286,-0.38552082,15.092798,3.8434856,-1.5598694,-4.929555,-8.871506,-13.374839,-3.2049842,-1.1833025,-4.63117,-2.4743516,-6.659521,-2.8995304,0.98578775,-7.9900446,-3.8934581,-1.3211479,-1.2706752,-9.571909,-2.6789033,-4.04541,-4.866639,-4.539481,-2.8502533,-5.929795,-1.6914239,-2.525677,-1.5138899,-3.4214044,-2.5649621,-3.5208158,-4.1861672,-4.785289,-3.9654148,-1.3152837,-2.6037893,-3.2896967,-2.6763074,surprised
-636.18677,57.883423,-1.9458165,9.575485,-0.4736713,-4.5527415,-5.053757,-8.310829,-11.084605,-6.352023,-1.153137,-7.762166,-1.1815664,-6.1254344,-4.803131,0.9582301,-9.954755,-4.8530436,-1.8841236,-2.9084804,-8.400495,-2.6421134,-3.0109587,-5.336792,-3.001593,-1.2893242,-7.0727,-0.9915501,-4.0487776,-2.294597,-3.0264885,-4.16588,-3.3849883,-3.9414823,-4.370415,-1.0654836,-0.8319569,0.033048216,-3.2059376,-1.1668173,surprised
-572.1051,59.95486,-6.310765,10.043972,4.6763616,-3.2140574,-9.385596,-7.4930787,-13.019228,-5.5266814,0.479486,-9.202233,0.13204664,-4.4535646,-5.771306,0.8734643,-10.14317,-5.034312,-3.8805354,-5.274272,-6.632057,-2.7159247,-5.1338534,-7.3443537,-3.4103622,-2.519066,-6.2757726,-0.15467586,-2.8999264,-0.30556035,-1.5678698,0.07740123,-0.6566634,-0.6563189,-1.2236027,0.7906279,0.18341056,0.10126715,-2.5259323,-0.8948925,surprised
-520.9261,49.6483,-6.1484604,8.639017,0.09817531,-3.918394,-7.859183,-8.987469,-13.624467,-7.8125753,-1.5222265,-8.011833,-2.35378,-3.941385,-7.945489,-0.911732,-9.715675,-5.992454,-3.2236822,-5.2655544,-6.639855,-3.4245238,-4.8805704,-6.6249704,-2.4248536,-0.413993,-3.000821,3.8785875,-0.32446465,1.9024981,-0.15354308,0.69045174,-0.39368337,-1.8180808,-2.8892608,-0.06912719,-0.58038884,-0.84145004,-1.7668586,-1.2903309,surprised
-561.9387,52.293636,-5.098794,9.044127,0.69887364,-4.7677593,-7.8024426,-10.971273,-17.04796,-2.930842,-3.177515,-6.6127367,-1.205457,-6.3279033,-6.4271326,0.047724474,-10.929854,-3.7616744,-1.5936313,-3.9214149,-8.495636,-2.7440813,-7.7123027,-5.843877,-4.440379,-3.587644,-3.547221,-2.4578362,-4.5200086,-1.2343072,-3.2335637,-2.5706546,-3.6556113,-3.475252,-4.311531,-1.160325,-0.5516137,-0.048537854,-1.4159938,1.6352082,surprised
-544.0781,55.389503,-6.6345234,7.2744007,-0.7410214,-0.8773508,-10.114402,-11.46875,-13.349803,-6.1195154,-1.6771768,-6.709879,-2.1452,-4.5526943,-9.182947,1.2249777,-10.361127,-7.4816084,-2.6702392,-2.7656753,-9.373311,-5.3332586,-2.8857534,-7.010605,-4.5652485,-0.33137596,-2.9201577,0.13650562,-2.087352,-0.11136605,1.9844284,4.5665636,3.2637274,4.8117003,-1.2640679,0.9717261,0.34676725,2.1437895,-0.20984559,1.2330663,surprised
-614.99786,64.27647,-12.088927,9.41706,-5.9766216,-5.099511,-7.0065703,-10.802599,-5.1331625,-1.3218846,-5.8949633,-2.6795142,-6.1952124,0.034248706,-8.362397,-2.5168605,-3.4086435,-2.4346719,-1.6038009,-0.7896219,-0.37219238,-1.2992281,-0.77198285,1.0603936,-1.1326075,-2.6297314,0.24096756,-0.8691821,2.022205,1.2384125,0.27053997,3.7278605,2.3665614,5.1376204,2.57966,3.2960088,-2.0892727,1.5653343,-1.204173,0.88317674,neutral
-614.5419,58.661026,-13.2142725,13.366074,-7.4162087,-3.9187198,-6.455828,-8.870977,-3.4282825,-2.27653,-4.0568023,-2.7673712,-6.766611,-0.2802809,-7.3582735,-3.7740266,-2.8640046,-1.185219,-2.2930968,-0.64369184,-0.84070545,-1.9740326,-2.223784,-0.11202405,-1.7640456,-3.6160686,-2.2158346,-1.4164749,2.5349145,2.3901765,0.6968546,4.4903746,3.7366726,4.401937,1.7948796,4.1892576,-0.7043669,2.427553,-0.7394922,-0.13836737,neutral
-575.75745,62.652485,-14.190677,4.8386993,-6.5067477,-4.652003,-7.4259653,-12.023653,-6.526121,-2.558681,-6.2436676,-3.7492201,-8.12818,1.8180902,-7.921285,-4.0192156,-4.0016513,-4.2940006,-1.421759,0.060095683,-0.083178945,-0.5083658,-0.6303,-0.37227383,0.3541137,-1.1190559,2.5556724,3.6434994,2.649036,3.5792532,-0.22563441,3.5567923,1.2924078,2.2047665,1.9140855,5.4063897,-1.5671139,0.6540314,-1.4121484,1.5141286,neutral
-603.35846,55.877415,-11.653138,5.7157116,-7.732579,-6.145286,-7.6976557,-12.779856,-7.422775,-3.9748292,-6.9183793,-4.023992,-10.244538,-0.52711266,-8.964047,-3.8159506,-3.6605754,-5.517016,-1.5632138,-1.0775912,-0.4195208,-2.2059162,-2.2375753,-1.0691259,-1.5794201,-0.883109,2.69235,3.5395865,3.615979,5.545119,2.0873387,4.105769,-0.5677424,0.36918852,0.7822412,6.545486,0.7780452,3.0265653,-1.0521356,0.37835583,neutral
-614.89685,65.42289,-5.475077,14.21705,-6.4542055,-2.5322068,-4.5857615,-9.615054,-3.7817645,-2.7383544,-4.1481,-5.384352,-5.8995347,1.4796821,-7.1481566,-2.9749103,-4.3474617,-2.52973,-5.8913574,-2.0033503,-2.3848004,-2.707925,-1.5454623,-0.09106704,-0.5690619,1.0364494,4.781307,6.595351,8.72873,6.7655687,3.647887,4.684044,1.7451614,4.701661,2.087734,3.753631,-1.4590154,1.8898451,0.3558116,1.453279,calm
-600.88873,62.61304,-12.100173,10.685824,-8.025128,-4.256081,-6.50922,-12.307869,-3.9878588,-4.6285143,-5.0154643,-9.292116,-7.0962276,1.7529017,-8.744978,-4.004135,-6.761878,-4.952591,-6.9297338,-3.941132,-2.865095,-3.660585,-2.022685,-0.42068294,-1.1027523,-0.13582693,0.49005103,2.2008183,4.777663,6.755492,4.563415,7.6042113,2.3515847,3.8989532,-1.229398,3.7068696,1.4421365,6.9581428,3.4824278,2.7791455,calm
-608.3357,57.048,-8.4154005,4.5872316,-6.464307,-5.1311865,-9.001697,-11.618759,-7.6787415,-3.2505968,-7.9143667,-6.129338,-8.926025,0.6693853,-11.122292,-6.4806547,-4.4754605,-4.8759174,-6.461074,-3.1622634,-4.3665905,-6.787166,-2.0834,-1.8071891,-1.138854,-0.9084308,2.483576,5.289305,7.1689367,8.938377,5.642326,7.186066,3.1881979,3.7876813,2.5717225,6.1653237,1.4905306,5.2738514,1.6933557,3.746004,calm
-591.92114,62.217,-15.930927,0.88686454,-8.853314,-7.2443743,-10.352103,-15.372656,-8.20509,-4.8054404,-8.849456,-7.176615,-12.2854395,-1.2539711,-12.279388,-7.070283,-6.050956,-5.471624,-7.936443,-4.8283844,-5.757151,-7.398716,-3.2220519,-1.8727264,-1.2746315,-1.0863253,2.4562824,2.1366959,5.9392614,7.553296,5.043273,7.181598,3.9791782,3.8539436,2.500734,6.4727874,1.5081743,6.345007,1.852282,2.6982126,calm
-586.397,59.257652,-8.564562,10.24112,-8.69063,-7.2694373,-5.693656,-11.067939,-8.634658,-3.0904999,-6.2252526,-9.073972,-6.9198585,-2.4626238,-8.711558,-5.1628237,-7.438921,-4.380328,-6.7045307,-4.382121,-2.4377098,-5.5267253,-2.5095265,-2.3581772,-3.3263729,-1.4192053,-0.81354356,2.3901222,2.7985122,2.6518123,-0.31842306,2.4973109,1.2415534,6.151159,5.548649,10.190039,3.452828,4.452708,1.2559413,0.6622149,calm
-597.43634,61.55442,-12.310101,9.647639,-10.685597,-3.8395357,-6.9895825,-12.809221,-6.4846845,-4.982508,-3.6372638,-9.983777,-7.8187795,0.025028111,-8.686186,-5.3908057,-7.863329,-5.1073675,-6.067778,-5.804481,-5.5704656,-7.6818867,-4.8194036,-1.3328564,-0.47225437,1.1213045,0.40752822,-0.120470956,-1.1958511,1.4615715,-0.35092762,4.112996,2.5797727,5.9398317,5.003002,9.652502,4.3539505,4.1070724,-1.226657,-0.36146054,calm
-589.7891,54.990334,-9.950131,0.67818695,-10.586604,-3.6115649,-12.087314,-15.350881,-11.04466,-3.53676,-9.44788,-11.197448,-10.727578,-1.6742265,-11.956036,-4.394796,-6.5472116,-4.8488216,-7.7756715,-5.262617,-3.5949495,-7.997073,-2.3883247,-1.1547147,-2.951291,3.2536461,4.6708317,6.1828523,7.1222467,5.930984,3.404548,5.931141,1.921613,4.5880923,3.812825,8.081881,0.73915994,2.8699713,-1.7186613,1.1240305,calm
-584.249,61.553787,-8.576317,2.741631,-9.749195,-3.1989353,-11.024345,-14.122357,-8.607099,-1.4754696,-7.616971,-11.31955,-11.028863,-0.08082498,-11.373526,-4.078542,-7.5107994,-4.6976223,-7.738015,-5.75088,-5.355262,-8.876527,-3.4549768,-3.6634774,-4.249114,-0.0123004615,1.7883996,4.224539,4.9469166,5.573372,1.5171753,5.0541778,2.7206879,6.9886737,7.469079,9.990127,1.0975167,2.1237342,-3.0363662,0.36569226,calm
-552.389,51.476933,-25.340853,10.078699,-8.707932,-7.4321413,-5.043609,-15.1050825,-5.1551437,-3.8855891,-6.4485097,-3.1699722,-10.167725,-1.0397978,-6.6136403,-4.5832715,-3.0906696,-1.946223,-3.5897443,0.9291612,-2.0683618,-3.3568413,-1.2167704,-1.3098836,0.41274613,-1.0723085,0.56012166,1.9576207,2.7252626,2.6836445,-2.4270422,0.8719273,2.4049058,5.312312,2.4441454,0.5953092,-3.2719514,2.1105335,0.9237247,1.0938059,happy
-563.7197,55.063072,-22.533495,14.489977,-8.119955,-8.174862,-5.7878604,-15.452911,-4.4249306,-5.054753,-7.8037505,-2.2446692,-9.677634,0.042130515,-6.260959,-5.526493,-2.606898,-1.6404126,-3.285007,2.265345,-2.0709128,-3.6563876,-1.9266828,-1.8705069,-2.4048018,-3.6830938,-1.7842996,1.7979207,2.2616107,4.814919,-0.03815854,3.5585117,4.0664673,6.4980297,2.8577013,3.3226295,-1.1960996,2.8108902,-0.45654777,0.2982774,happy
-552.9546,52.526268,-26.320583,6.3765626,-10.194061,-8.647776,-11.249613,-18.74452,-6.3236227,-4.389523,-10.269541,-3.1435146,-12.743048,-1.1284844,-7.7256346,-7.2700534,-3.7041795,-5.318331,-5.416261,1.2186956,-1.3071322,-3.306662,-1.1221203,-1.3106009,0.23603821,1.3404579,3.0894089,3.7080622,1.1379766,1.945807,-2.9362955,0.5070709,2.0340137,5.549301,5.6451945,4.859429,-0.83846766,1.8119822,1.7868209,3.8752878,happy
-551.83655,56.987118,-19.698969,10.135117,-8.045212,-7.632937,-10.723212,-16.123806,-3.730568,-2.5860555,-8.579898,-2.2967308,-10.321215,-0.16459703,-8.57887,-5.664097,-3.282373,-4.1211753,-3.8448253,1.5374138,-2.629459,-4.463826,-3.1545122,-2.4310482,-1.1881117,0.78159136,3.1598141,2.238623,1.8150592,2.9733455,-0.8733995,1.0951216,0.56132203,3.229262,4.247149,3.62196,-3.2370672,-0.91839916,-1.2570317,3.3429859,happy
-449.03467,39.66446,-36.782864,8.386636,-13.9206705,-18.28746,-8.256415,-19.221394,-4.778682,-9.810925,-11.580965,-2.6658454,-14.32836,-0.43801835,-8.115909,-7.748333,-0.69399655,0.8912983,-1.1157635,2.3709645,-2.457223,-3.9668584,0.22624113,-0.52719903,0.620251,-1.1020256,0.46273005,3.7273188,4.397645,5.3082533,2.1130438,3.6874244,2.2962332,2.5611112,2.0029144,3.835257,0.07378787,2.0181408,-0.7132309,-0.005835313,happy
-444.07172,43.547714,-36.769012,7.2156563,-12.154332,-19.19865,-9.829627,-17.055735,-6.294701,-7.373966,-11.178728,-0.8545755,-13.083382,0.9223533,-6.2415905,-5.730143,3.0101616,1.5479935,-0.6766132,2.1377473,-1.1596372,-3.5389512,-0.5807825,-0.8505054,-0.9131839,-1.624961,-0.26449245,1.4395702,1.8969136,4.0708323,3.9877563,7.7882113,6.1073174,4.0962067,1.6601691,4.0228033,1.4016185,5.250661,1.4742976,1.9205085,happy
-496.13336,46.056103,-28.008839,5.3412457,-8.249223,-14.857056,-14.237119,-18.162218,-4.8425684,-4.3715677,-14.122099,-2.7519176,-13.149469,-1.2391164,-8.147504,-9.838854,-3.4547021,-5.805914,-5.0128036,0.9418513,1.5201792,-2.331352,0.4280459,2.9529092,2.0992215,2.848221,3.092536,3.2752464,-0.6938496,1.4289504,1.5150913,5.6695633,5.713723,3.051578,1.7431955,3.3598769,0.3880396,2.5822544,2.2129166,3.1653733,happy
-487.7564,47.04681,-29.170107,5.2774096,-11.200939,-16.293863,-11.7439,-18.563818,-8.006205,-7.5772705,-14.100103,-2.2606685,-15.102828,-0.39211503,-8.639168,-8.440822,-0.08952179,-1.3484397,-2.6759386,2.363222,-1.223464,-5.588596,-0.9319568,0.3246027,0.6314374,1.037566,0.82558405,3.9318738,1.3903359,4.9298215,3.989761,9.335158,7.738788,5.29273,4.4816093,4.771481,1.9463084,3.8525908,1.6853215,2.0645173,happy
-628.7283,64.15025,-14.221365,8.283779,-8.096852,-5.987698,-8.471578,-13.177888,-7.4634733,-4.7036934,-5.9509654,-6.774262,-6.277206,1.6920687,-7.7572737,-3.7830815,-6.209795,-2.7561908,-6.880728,-3.3687906,-3.025503,-3.1102087,-3.3951242,1.2150586,0.8226432,-0.11561772,1.5931094,2.3340595,3.636012,4.849704,4.023228,10.360077,9.53615,9.382942,6.390035,4.8202815,-1.4665861,0.41572466,-1.2685503,0.810143,sad
-621.71545,68.305824,-13.167955,10.50235,-7.1945395,-4.2445602,-6.116157,-11.53013,-8.03344,-1.9603183,-6.2870092,-4.437345,-6.7001905,0.6366553,-7.2881565,-4.232084,-5.7306123,-2.869296,-6.487228,-3.003009,-1.7368741,-3.3257418,-4.356923,-0.5812351,0.31586885,-2.9272842,1.7745996,2.5553732,3.672376,6.451861,4.192642,8.705173,7.190157,5.570681,3.0431552,1.7151895,-3.034591,0.25535312,0.41180214,0.53098905,sad
-623.00977,53.668095,-6.2725306,5.491886,-6.2474394,-5.7604227,-11.383449,-14.228992,-5.4325547,-3.6317334,-8.02001,-4.362391,-8.215564,-0.7876565,-8.294411,-5.3666267,-4.403527,-3.854585,-5.7602754,-3.041179,-3.3255053,-6.6934805,-5.8199887,-2.1707385,-2.0919452,-1.7687628,2.994622,2.437216,2.366735,1.6303988,2.091594,9.897518,13.222181,14.5735235,11.614206,7.6723003,-1.6055156,1.804618,1.3733412,3.1526837,sad
-640.1921,55.702553,-7.1490755,8.307373,-3.9488385,-4.79489,-8.813448,-12.377769,-7.061756,-0.76510936,-7.602501,-4.2746134,-7.612625,-0.8773093,-7.8342056,-3.5636146,-4.1542406,-3.7090008,-4.54475,-4.148624,-2.5680254,-6.536756,-5.918222,-3.3285522,-2.8171499,-3.6046288,0.5939657,2.4861832,4.850257,7.651656,7.2382345,13.507187,14.029609,13.267095,9.530955,6.844565,-2.2200608,0.25696424,0.25823405,3.8531945,sad
-624.2805,59.278934,-12.442747,7.4127984,-11.20595,-7.9807496,-12.587143,-17.335957,-11.643435,-4.7099833,-9.829087,-2.9354122,-8.676535,4.1404505,-6.2531476,-6.6983156,-3.793754,-1.342079,-4.1865587,-0.076654054,0.72045195,-0.14458242,-0.32045946,4.5244975,6.1952033,5.873478,7.8424516,3.381277,2.176417,-0.30412415,-3.5525916,2.199738,0.5867818,1.5043759,-2.8025165,-0.18962282,-3.0292795,-0.04563813,-2.6715877,-0.57130176,sad
-633.17523,66.332184,-7.7334275,9.547893,-6.5590196,-5.861182,-12.64674,-14.854169,-11.2981415,-4.089809,-8.391579,-3.9436438,-8.236676,-0.5921368,-6.4928646,-4.272905,-3.309924,-0.95808196,-6.1408277,-1.9897475,-2.867543,-2.4165752,-1.5696889,1.6644747,2.87687,2.2737355,6.2032313,6.7529216,6.541644,4.993849,0.5450649,2.0726452,-0.6838826,1.765297,-0.6535834,0.73267937,-4.0465894,-1.111331,-1.9977349,0.6540007,sad
-625.6555,53.954395,-8.009159,4.988747,-7.8831344,-5.885268,-13.584994,-17.821512,-12.969573,-5.704457,-10.224981,-4.7127194,-11.563377,-1.4970841,-7.9686713,-9.183801,-3.9140513,-4.420074,-9.115207,-3.1174638,-4.729171,-5.6882353,-2.70601,2.5365565,4.1999154,2.5591333,4.4083405,3.0504324,3.2629852,5.1975303,2.7443078,5.8928213,1.2516341,1.1060742,-2.5544696,1.2073945,-1.9709102,-1.5259671,-2.7332525,-0.8233353,sad
-621.5709,54.184734,-8.577228,6.2578497,-6.6669574,-8.925411,-15.337568,-16.849607,-10.80788,-3.3351154,-11.922726,-4.6182475,-10.247838,-0.66940814,-6.38895,-8.888508,-2.880395,-3.3317919,-8.047081,-2.0184805,-2.851142,-2.4204648,-0.40169,6.6480846,6.3311257,4.3328037,5.035411,1.8528827,-1.0021596,-0.044776563,-2.817189,3.075444,-0.7483893,-0.70301247,-4.1926026,0.31818667,-3.969859,-1.4748349,-3.7808566,0.5993465,sad
-526.7639,52.980293,-13.038193,7.2582326,-7.9943004,-5.933783,-4.6518235,-12.674568,-5.665134,-2.909221,-3.8268614,-3.0173721,-6.0136585,1.1127976,-6.398517,-4.610006,-4.6175737,-2.7833173,-2.54647,0.9434781,2.5743551,0.5479985,-0.18652555,-1.2516375,0.9847538,1.7276332,4.458514,3.6190484,0.3655731,0.80871594,-1.3723141,3.3705328,2.566688,3.4501674,0.54666233,1.7486581,-1.0362986,1.7093302,0.64148957,0.93507606,angry
-491.3484,50.813484,-20.926281,8.912345,-10.166615,-5.6228905,-6.7059965,-12.733592,-3.3142776,-0.9372069,-2.5797007,-2.5125535,-5.0598803,-0.1505144,-6.2644157,-4.4197426,-3.4075234,-1.5759922,-2.002443,3.451337,1.8230925,0.4387024,-0.59213066,-0.3634864,0.31791404,0.92166114,4.2388496,2.055014,0.6744707,0.21994095,-0.8957107,3.994643,2.895699,3.4315524,2.419734,2.6387005,-0.9851017,1.8073158,-0.45257613,1.6373024,angry
-523.048,56.115288,-13.244286,4.462609,-11.113882,-5.0108304,-6.9885845,-14.007077,-7.33927,-2.6772778,-7.4064226,-3.0648665,-8.857741,0.019102141,-7.179973,-5.771052,-4.0027933,-5.8184395,-6.9447207,-2.4381013,-2.1257021,-2.2101145,0.6423152,0.22412203,1.5005496,1.8684516,4.1816335,5.112445,3.7260191,4.7312984,0.79280627,3.1715336,0.48188904,2.647866,1.4634132,2.5441372,0.0127995415,1.1851324,-0.9914606,-1.7296981,angry
-509.92676,51.67913,-19.883677,4.2154803,-14.299189,-8.810763,-6.7596464,-16.04607,-7.4470344,-3.5250883,-6.721862,-2.9916637,-10.61189,1.933178,-7.376374,-4.3123136,-3.9736629,-7.7485566,-8.228562,-2.505578,-2.5760784,-3.5045593,-1.0670831,0.057430092,1.1283854,1.1468055,3.8367784,4.577574,5.7867756,6.4977527,0.54743,1.9196976,-0.8875536,2.8040137,2.201812,3.0876684,-1.5264473,0.027735313,0.59438264,0.917149,angry
-396.93082,39.043587,-30.618122,3.8050466,-19.16739,-10.43557,-3.6165748,-18.058296,-3.2438228,-6.0495296,-5.046117,-4.082437,-9.25967,-0.90569395,-5.3189406,-1.0736127,0.6268543,3.4711692,1.8318254,4.6170945,2.4079857,0.8603519,-1.491618,0.66440105,1.7540896,4.19514,4.7262354,0.78310776,-1.820849,-1.1235093,-0.04549138,3.7650988,-0.35847014,1.7493025,1.7954216,0.13472399,-1.0057235,2.305586,0.39962104,1.8895653,angry
-411.52362,44.337624,-32.37353,3.8966737,-19.903048,-9.613238,0.2938482,-17.105139,-5.3937306,-6.484974,-4.863118,-2.5891721,-11.152633,0.41532686,-7.0505524,-4.344101,-1.2104026,1.1942332,0.11520057,3.5610003,0.57364154,0.15882428,0.21173565,2.5969234,3.4960496,3.946011,3.460119,0.6990252,1.260672,2.239732,0.02732541,1.9046896,-2.3066638,-0.03106302,2.2781882,2.352023,0.29643914,1.5898262,-0.88723975,1.6228427,angry
-363.38934,34.222897,-40.98215,-5.912687,-24.35132,-16.912708,-5.4359336,-24.327091,-9.730372,-9.795455,-10.932236,-6.194124,-15.168343,-4.777621,-8.089925,-2.2988987,0.4178077,4.7490087,3.9755957,7.498849,6.48784,5.589992,3.3794155,0.89436966,-0.43197075,-0.9707619,0.34624785,-0.96221,-3.6142187,-0.8997277,-1.4054941,2.6234539,-1.4883928,0.22882667,2.1921115,1.9942162,0.092991754,2.3126872,1.9912194,5.02669,angry
-362.88577,31.782312,-41.05123,-2.8793163,-25.49648,-14.997866,-4.6181846,-22.679665,-8.159202,-9.065193,-10.813014,-6.156149,-15.753392,-3.763303,-8.809277,-1.2181407,1.9337502,2.6412222,-1.0938113,4.45123,1.2260942,3.337591,5.186807,4.298836,3.0341706,-0.8174069,0.5709495,-0.4709351,0.2421908,0.6348946,-2.7710302,0.62973595,0.4296227,2.5924532,0.6114789,-1.0327209,-1.4816816,1.7830129,-2.579833,-0.63684237,angry
-525.87506,40.33983,-31.554571,5.7833858,-14.889801,-11.855546,-10.203641,-18.596361,-7.3999834,-8.865309,-7.6942563,-6.4471335,-6.125401,2.2245228,-6.85449,-5.847386,-8.937433,-3.1962488,-2.3554072,6.192859,9.071522,9.218116,9.30956,9.354472,3.5185206,1.4966224,3.7816532,2.2847464,0.94498664,-0.62488884,-4.1859965,0.2170943,-2.3620534,-1.1324253,-1.6267787,-2.0215657,-5.2101045,-1.9001648,-1.6010436,0.5178735,fearful
-527.2273,41.778927,-32.042606,2.3944836,-13.835953,-11.16533,-9.085635,-20.667112,-8.25845,-7.4881115,-8.829913,-6.4424663,-7.3411603,3.5929594,-8.320192,-5.554664,-3.734703,0.025179349,1.3716804,9.25125,10.154583,9.301872,5.401932,6.6647243,2.1055439,-0.9428218,1.2406858,0.43163738,-0.032187827,-1.232806,-5.5791287,-0.4290663,-1.7213488,-1.4779884,-0.45940816,-1.1231886,-3.3421772,0.2769257,-1.3018174,-0.4932174,fearful
-521.07825,38.367645,-29.664734,2.405943,-11.703587,-10.812454,-12.949138,-19.941593,-6.2968965,-4.51846,-11.092858,-4.2393036,-8.57407,2.2331424,-8.871635,-5.165696,-4.3705645,-1.9342104,0.27693412,7.9422026,9.418375,8.349352,6.8022604,7.50087,3.1932564,0.32552677,5.2784367,1.8370482,0.6120924,-0.21351397,-4.962749,0.5186289,-2.7769997,-1.6672158,-1.9930298,-0.965423,-3.617366,0.38739124,-0.79788065,1.5066782,fearful
-524.9407,35.46933,-33.27389,-1.2984307,-12.214025,-13.168959,-15.157905,-22.452885,-6.5234947,-5.4763346,-12.194069,-6.7567616,-7.3251605,2.8778274,-10.572476,-4.1428137,-4.4034476,0.1341966,6.7308874,15.729823,17.799381,12.11697,6.295915,5.2780976,-2.4590664,-3.3415072,1.276828,-0.34363416,0.75246686,-2.0616426,-6.0207205,0.26512885,-2.0483217,-2.7761848,-2.4400015,-2.1171007,-4.4165163,2.073689,0.4678462,3.9814012,fearful
-471.26093,26.366768,-40.23626,-0.7816139,-19.083565,-16.09432,-10.719011,-19.591072,-8.447496,-3.7663455,-12.773584,-6.607048,-8.125472,4.23123,0.41785648,8.068684,14.675148,13.890584,5.9986286,2.592229,-3.6908038,-6.630157,-3.3830397,0.5688216,-4.318255,-7.6636133,-3.974032,-2.282755,0.07849784,-1.9452975,-1.6457908,5.9446235,5.8387113,4.3564887,0.48375988,2.7895446,-2.286078,-0.4402584,-2.8708503,2.7244215,fearful
-460.4034,21.679941,-36.107857,-0.95359546,-16.691568,-16.773705,-9.379201,-18.531319,-10.056451,-5.4991503,-12.706193,-3.675996,-6.0152893,4.6063647,-1.0890464,5.6033206,15.336129,16.009672,8.083053,4.1006637,-2.5941472,-8.030513,-4.812373,0.035392057,-3.6886523,-5.8663235,-3.9215426,-3.4359338,0.49136636,0.17137149,-4.0081058,1.3421818,0.75765693,5.8224034,2.522166,2.3348317,0.8433183,1.2286952,-3.0469549,-2.387563,fearful
-458.82507,18.346327,-31.9765,-5.8476787,-14.63744,-15.125193,-9.943978,-15.869433,-8.527439,-6.9329395,-12.471943,-5.325151,-9.251575,3.6929255,-1.2882458,4.996054,10.272324,12.671263,7.423403,6.7058315,0.1860976,-5.1781554,-4.1133432,-0.85467124,-4.0629544,-5.454693,-3.2194636,-3.1557665,-2.104364,-0.82245463,-0.32570177,4.7024436,-0.41900352,1.1095908,1.6641344,1.5158162,-2.4761353,3.6769245,4.289445,1.5628853,fearful
-454.53,23.917507,-30.110619,-4.554771,-13.989168,-12.5655,-13.440819,-18.867107,-6.790041,-3.6876347,-12.4270935,-3.8059528,-7.189545,3.6086767,-0.9268651,8.743738,13.711754,12.561029,7.017651,5.7769394,1.2647024,-2.5812907,-1.198041,-1.2409602,-5.47862,-4.7673006,-0.3998968,-2.617713,-1.1629324,-0.37382743,1.1367464,5.6906643,-1.0143795,0.34565476,2.885183,2.6686363,-1.828591,3.8099034,3.728673,2.5476336,fearful
-592.7067,60.896194,-14.989196,8.37199,-10.79259,0.39643,-11.014794,-14.363543,-4.7178802,-1.8657792,-6.7357817,-1.6456503,-6.7964683,1.5345665,-7.095035,-3.3049421,-5.4039392,-3.970936,-6.7718105,-1.8345675,-4.6939387,-3.678081,-5.481582,-0.09383087,-2.8494318,-0.5761531,-0.17871094,-0.8785305,-0.5238164,0.09866509,1.4620595,3.6252067,3.7674706,5.5461245,3.2627892,2.5612593,-0.96763253,1.1427302,0.49976033,4.0305853,disgust
-604.7727,67.434425,-16.502441,10.641715,-11.811132,-0.029286547,-9.39483,-15.504312,-7.727339,-0.29216826,-7.874717,-3.2929807,-9.16846,-1.2606831,-4.8108606,-5.535836,-4.7438655,-3.582706,-7.184505,-3.3142014,-4.035915,-4.9421334,-7.5264387,-2.573808,-4.786722,-2.6499925,-1.7166421,-0.94026315,1.5660328,1.9382486,-1.1528759,3.0244985,-0.5654365,3.491918,2.148138,4.1078253,1.2133234,1.8641924,-0.0047774683,2.4772296,disgust
-563.2626,65.38126,-12.106494,4.5653677,-7.4617696,-3.946821,-10.706585,-16.981327,-7.4510217,-0.5034561,-11.611933,-2.5374677,-10.542513,-2.1301148,-7.180722,-6.9387445,-3.187099,-6.0693173,-6.8753247,-3.5664208,-4.830171,-8.048812,-7.7499485,-3.5540214,-9.505191,-5.0086236,-4.834024,-1.3412431,2.1838613,5.574804,4.582116,6.7642097,1.9126613,2.7333722,-0.3013585,2.025052,-0.21136051,4.7622256,4.1641016,5.058733,disgust
-575.02545,62.749336,-18.83098,6.5000796,-10.621148,-7.023303,-12.767264,-19.64877,-5.154954,-0.32775128,-13.089859,-2.275665,-11.980129,-3.58829,-7.7372556,-5.417268,-3.6342096,-6.911441,-6.5366626,-4.320569,-4.81367,-8.057362,-5.8217783,-2.514472,-8.591226,-2.5342443,-3.6996934,-0.021745417,1.9826529,4.5043974,3.3014255,6.854874,4.0204053,4.8610992,2.3472648,3.5852604,1.9817158,5.821178,5.047137,4.7740135,disgust
-500.7373,60.248295,-23.757738,6.0586576,-19.646358,-5.9306784,-11.328296,-20.059011,-9.000696,-1.6232415,-11.762385,-4.7644634,-9.986969,-1.2490778,-9.624923,-6.9036,-5.551598,-5.277984,-7.157391,-4.591892,-5.556729,-5.503478,-7.3450074,-2.3917778,-4.272495,-1.0512613,0.3000237,1.7101439,4.1302814,4.275445,0.9608297,5.2176604,2.1109014,4.2327037,1.773766,1.8946495,-1.5819917,0.4778967,-0.6529487,3.4930956,disgust
-502.41617,62.017586,-17.925268,6.9441442,-17.191166,-3.7307575,-8.139369,-16.496319,-8.248668,-0.2113202,-7.7803965,-3.9644103,-9.267419,-0.6084002,-8.636661,-5.818827,-5.1519995,-4.775426,-6.449398,-2.949954,-3.0896075,-5.2414136,-5.2059627,-0.58415693,-0.11862588,2.724494,3.7845342,4.6779113,3.6248965,4.9940553,0.8302747,5.21549,1.7224108,2.242032,-0.49866626,0.84421116,-1.0676733,1.3572834,-0.5073135,0.5128183,disgust
-489.15247,62.372887,-20.602531,-1.0926065,-15.207001,-6.9915247,-17.41209,-20.96378,-7.2164006,-3.593026,-14.915995,-0.17847079,-12.316073,-4.452887,-6.989436,-8.606081,-3.5520098,-5.4051757,-8.2911005,-5.833008,-4.124629,-10.141055,-5.688884,-2.6454923,-6.751924,3.6753387,2.5363564,8.327576,6.470523,6.69738,3.5175922,5.1974654,5.2500935,7.806323,3.4663973,2.4013867,0.25627494,1.2031204,0.83648825,2.5007637,disgust
-488.82843,60.80796,-21.35747,0.60367805,-14.406795,-7.5970373,-15.289898,-18.500656,-8.114031,-1.2455912,-11.524273,1.1979332,-12.259816,-1.85358,-5.6176834,-7.396313,-0.43087465,-6.4656363,-9.324883,-4.228653,-6.519257,-5.7031827,-6.052997,-2.6457047,-5.7081428,0.1984922,3.0570626,5.0294566,5.0034676,8.214927,7.2902365,11.519143,6.1200533,6.749418,2.3597143,1.9211208,1.1161528,2.426002,0.35159525,1.4063292,disgust
-540.18286,44.150513,-17.588543,11.224451,-8.627332,-8.841428,-3.7603848,-6.9353333,-3.6640272,-4.259245,-4.816362,-5.603071,-4.0088377,1.8410653,-2.321767,2.639722,-0.8576321,-0.34095436,-1.0824203,2.8028908,0.4914443,-0.98439753,-2.2744827,0.09988879,0.40842777,1.4696261,4.294485,3.723261,4.520978,6.2540517,3.9992428,4.89246,0.30447716,2.97129,2.158817,4.9477863,0.5527859,2.7123215,1.1933616,1.936436,surprised
-568.2343,47.230236,-21.030231,5.4990067,-8.402812,-7.865889,-3.982386,-9.300813,-6.9318233,-5.777494,-8.013685,-3.5964925,-6.276907,0.46583495,-2.8430417,-0.7211563,-2.6071534,-1.4596764,-2.948389,1.1154234,0.2450916,-1.3614553,-2.6482747,-3.2978318,-1.8999702,0.6297146,3.151446,3.2652688,2.7759311,2.6153245,1.4657495,3.305629,1.3460256,2.4003198,1.503743,2.3933208,-0.76904744,0.40005216,0.9827464,3.671852,surprised
-562.9097,48.0843,-16.773499,3.9679658,-9.592997,-8.334429,-4.9437304,-12.098982,-5.158405,-4.4822884,-9.593713,-4.2547226,-9.983997,2.4467192,-4.6965914,-1.2852644,-0.18142349,-2.9618204,-4.2114577,-0.050405532,-1.4139231,-2.2588766,-0.67760104,-1.4488504,-1.2934135,-1.6146235,-0.19005926,0.70078474,0.7073642,4.2889533,3.5853677,5.438841,1.2269707,1.0862195,0.6534718,1.850482,-0.92940813,0.88853544,0.8134402,1.622467,surprised
-553.65216,47.143368,-20.541315,6.1869226,-9.07475,-12.051598,-9.385798,-13.488495,-7.5503116,-5.919319,-9.502813,-5.498033,-6.711854,4.46948,-3.3380117,-0.9575592,-2.6057434,-4.7518597,-4.888484,0.39252988,0.6282682,-1.7203125,-1.9690303,0.31106064,0.71128035,0.59477407,2.5174599,4.981036,4.3315287,4.469504,0.67734116,4.2185445,-0.2109639,0.3397748,0.06978548,2.6510067,-1.6769865,0.057643246,1.2851931,3.6800766,surprised
-481.70816,41.314762,-22.736254,6.6074724,-11.98685,-8.142219,-5.1758537,-11.533427,-6.275881,-5.3390985,-6.115468,-4.291437,-2.8714895,7.867106,1.4923388,0.6312589,-2.5672157,-3.3843145,-6.000028,0.7284729,0.03427846,-3.8678682,-3.8141897,0.28339484,1.422886,4.732671,1.3710076,6.342759,5.968122,5.1625776,2.2937422,3.5201235,2.7698147,1.8022541,0.5525454,2.0061448,-0.31138292,1.0257355,-0.17043187,1.9059513,surprised
-490.72916,44.8619,-28.711832,4.5816264,-13.963803,-10.800356,-4.43861,-10.232345,-7.2055616,-4.9703193,-7.533649,-3.5519953,-1.9923365,7.4725237,1.0511696,0.822543,-2.1069524,-0.23769346,-6.606479,0.3186053,-2.3891487,-5.735772,-4.4824877,-1.6014558,0.43809894,1.2227626,3.0589988,4.9280906,4.088476,2.379225,1.2965333,5.4097743,3.382073,3.7354991,0.98085386,2.3793569,-0.20575503,1.1427262,1.0475098,2.0850866,surprised
-488.13013,39.067963,-18.850151,-0.71763694,-14.38966,-14.996196,-6.0474114,-14.700704,-9.088449,-7.313401,-7.180404,-2.1238987,-6.514548,4.124434,0.14626092,0.76685685,-0.3609929,-1.517205,-3.146119,0.19476686,-2.0161653,-2.2059996,0.48557118,1.9575038,1.7943089,3.175332,2.2143245,4.3399367,1.6386536,2.9636168,1.1160183,4.3961554,2.1700537,3.8419607,2.2518878,2.5724492,-2.3478622,0.2597681,0.2036411,0.30829665,surprised
-465.36703,43.087322,-26.41512,-5.598099,-16.438341,-13.507423,-11.163749,-17.27758,-8.835964,-7.3550367,-11.135306,-6.649564,-10.562789,1.2427424,-7.2694216,-3.9684176,-2.5349514,0.5519761,-2.5967999,2.7539485,-1.902499,-4.1612463,-1.3117584,0.01885511,0.24997951,0.85550827,0.26274133,4.0246444,2.6543057,3.4630375,-0.69001186,3.54812,2.1991625,4.015027,1.7952051,2.531383,-0.37618747,0.49727273,-0.10608955,1.4642056,surprised
-585.2709,65.953766,-3.3687484,12.292631,4.9232006,-2.873111,-14.097899,-7.846172,-3.646172,-10.000651,-2.334584,-3.1280675,-5.8480663,-0.97412944,-7.0655146,-1.9260935,-5.45777,-3.3893507,-2.2763276,-5.7225904,-4.8328147,-5.3687534,-4.564973,-3.487823,-4.9198837,-0.69317836,-3.0423846,-1.8457286,-3.04418,-1.6744195,-1.7278817,-1.8609681,-1.6318848,0.9538718,0.106973134,-1.36952,-3.1541011,-2.3900926,-1.3298556,3.0096698,neutral
-592.0815,77.1361,4.4490886,18.031532,10.912557,0.4475431,-10.532048,-5.788988,-0.6684284,-6.6338367,-0.9830768,-0.90163314,-1.9603691,1.5352786,-5.3866343,3.251306,-1.7058117,-0.574071,1.1993386,-2.52016,-1.2789135,-1.6342567,-2.2927785,-1.8997777,-2.302672,1.585926,-0.16669215,2.6888978,1.1147188,1.710701,0.6414966,0.85292155,0.12960029,2.388585,1.3593227,2.138107,0.6387547,1.6232765,0.60034984,1.7896813,neutral
-594.8187,69.57478,-0.25404993,14.556712,6.9655704,-0.73840123,-15.642056,-7.1854134,-5.1293163,-9.691586,-0.03948538,-5.006006,-4.851333,0.25130934,-6.9244075,-2.188224,-4.36763,-4.9368997,-2.9494698,-5.0939136,-7.1996856,-3.197637,-4.8861837,-5.452893,-5.73655,-0.08729433,-5.2026253,-1.0277084,-2.8812993,-2.1355097,-3.7709234,-3.640749,-4.0283966,-1.7928392,-3.3119736,-3.9505727,-4.5389028,-3.9502685,-3.2434833,0.7268796,neutral
-584.674,63.550858,3.216503,12.510523,6.313324,0.9370452,-17.175446,-8.413464,-6.622798,-10.023499,-1.4023557,-3.1172624,-5.1848507,-1.4080431,-6.9670963,-2.58695,-4.9373274,-5.1330423,-2.1184587,-3.5549138,-5.8836217,-3.2147708,-4.248083,-4.827011,-5.5283465,-0.17059751,-3.9650965,0.33865854,-2.841598,-1.6770873,-2.9096296,-2.5529306,-3.9826512,-0.6084237,-1.9019158,-1.6646891,-2.6253738,-2.8481526,-2.0120046,-0.83130145,neutral
-579.3524,77.64536,6.332064,13.562618,7.578548,-1.3114725,-15.640059,-5.3633175,-2.596068,-8.506312,4.6902204,-6.7635207,-3.6901276,-1.8993183,-7.632371,0.5688274,-5.2529006,-3.313245,-1.1144592,-5.693433,-4.04987,-3.9282813,-4.5221734,-4.036069,-5.6401153,-0.2516907,-4.8229136,-0.7731167,-2.6203773,-1.2807932,-3.0599723,-2.826762,-3.3489368,-0.48447326,-2.619705,-2.0827904,-4.5470085,-5.4585667,-4.8438635,-1.9582981,calm
-578.5298,74.34523,-0.7495294,12.796852,5.63577,-3.844311,-16.036692,-6.38692,-2.607189,-7.898277,4.1262994,-7.127227,-4.982979,-0.6395218,-10.174828,-0.63404405,-6.009588,-3.0846796,-0.51827586,-6.7836537,-3.2674923,-3.8153005,-5.81499,-5.0232124,-5.4611998,-0.8805933,-5.4222355,-0.019101715,-3.0812874,-2.2500107,-3.9360702,-3.537321,-4.777205,-1.7913322,-3.9260046,-2.8460748,-5.235593,-5.509931,-6.0208426,-2.3018668,calm
-574.90784,83.564255,-0.8561183,8.427508,11.803515,-2.7191796,-25.527386,2.3222237,-4.289372,-10.936437,9.875463,-9.039609,-4.1494293,-2.2597504,-4.5298977,-2.055587,-5.1900234,-1.8575008,-4.113315,-4.8608294,-6.2215624,-4.8953257,-2.7086883,-5.838026,-6.0759983,-1.0428206,-2.8911188,-2.8818576,-2.3041866,-1.9989324,-6.1906543,-0.5280526,-4.326054,-1.1317161,-3.2247849,-0.5520227,-6.471983,-4.495074,-5.540906,-1.6170105,calm
-475.82608,67.17681,-4.4500856,4.2230144,5.752353,-1.5386273,-22.864183,-5.905468,-4.3381934,-13.4462595,6.740577,-10.068941,-7.0813756,-0.96803504,-10.6406,1.2431309,-7.0166306,-5.4147134,-1.0244024,-6.2818294,-7.0671444,-1.624632,-5.2888813,-4.4692073,-4.8081884,0.9529546,-4.363097,-2.3115122,-1.1971025,-3.1933532,-3.479238,-1.8526635,-5.9298053,-3.123414,-2.7638826,-1.4735436,-3.7586372,-2.7892463,-1.5367247,3.1181805,calm
-515.32465,85.20772,-8.088745,9.528167,1.951332,-6.19032,-21.99701,-5.1054187,-3.0405047,-14.841343,12.985036,-9.392868,-5.627865,0.82851154,-10.646229,1.1139784,-4.5395503,-4.0830746,0.50288975,-6.045081,-8.326697,-2.3263485,-6.3041306,-4.1605306,-2.9928823,-2.5448215,-2.5924628,-0.65335387,-1.5182807,-2.5205023,-4.379089,-2.1595192,-5.555472,-0.84706086,-3.0698116,-0.7941628,-5.189399,-5.114855,-5.2556667,-1.9833909,calm
-461.1643,69.696205,-13.032045,9.151575,5.797742,-7.2312846,-17.250275,-9.022475,-4.334193,-10.238933,5.7709436,-7.5981007,-4.5127153,-1.8771281,-9.17587,0.41483358,-5.0389132,-4.355325,0.25734523,-5.7783003,-6.1063995,-3.1180148,-4.702912,-3.571958,-4.0054345,-0.33409303,-5.1811643,-0.028295282,-1.7663,-3.133559,-4.2137656,-2.5406067,-7.132949,-1.9675388,-3.8773537,-1.0168991,-3.0546434,-3.8781497,-3.3797636,0.7100163,calm
-447.17563,70.33894,-6.123382,8.636985,6.885064,-2.1804235,-21.047434,-3.4464617,-3.308716,-13.694787,12.547266,-10.297797,-4.6701503,1.8930368,-9.8660555,2.346468,-5.532154,-2.6567,0.5884473,-7.1616936,-4.218792,-0.46812493,-6.060411,-3.1776109,-5.3443866,1.045653,-4.508036,-2.408844,-0.12443953,-1.1771784,-3.163176,-0.44046226,-6.6445003,-1.8673071,-2.309245,0.6257916,-4.6556177,-3.008915,-6.1351295,-4.506955,calm
-459.52707,63.89997,-5.132178,6.47278,3.031112,-2.490943,-23.064243,-6.645858,-1.0683085,-13.709682,12.088767,-12.573308,-4.5550113,1.7072266,-11.226996,2.2657595,-5.3269043,-4.063277,-0.3578785,-7.1115465,-8.045908,1.4732913,-7.50354,-4.312446,-3.3198383,-0.6158321,-4.908859,-1.3521807,-0.99289715,-1.9408102,-3.8178632,-1.7794423,-6.0200515,-2.7291715,-3.186542,1.1480157,-5.2492895,-3.9775484,-4.8468823,-1.1514895,calm
-495.19867,73.74617,-13.162121,7.372005,4.499565,-2.1968894,-17.810242,-12.869721,-10.539588,-11.666564,3.948326,-9.684409,-6.0379486,-1.5049719,-7.35112,-1.6789216,-6.277371,-4.6523986,-4.6428185,-5.444351,-6.950464,-5.0817456,-4.1117964,-4.9676085,-5.0192823,-0.9942033,-5.7440853,-0.5921993,-2.6509347,-2.632181,-1.1580641,0.035346985,1.6303663,5.323409,2.228818,1.6240352,-2.181534,-4.7963066,-3.8453717,2.3718195,happy
-487.80896,64.70074,-14.769304,-0.08273456,-3.4584186,-0.8119094,-16.94754,-13.7588625,-10.320603,-13.617251,1.8627663,-10.850501,-7.177536,-3.453225,-8.121479,-4.4783397,-8.317429,-4.1453896,-2.9664373,-6.5228367,-7.242806,-3.7665858,-5.103565,-1.3162626,-2.8134341,0.7237255,-2.0527778,1.8856279,5.603906,4.1212106,4.6690593,6.2186966,3.30793,5.1207557,3.3717558,3.1991374,-0.78367215,-1.3579798,-3.397253,2.8954055,happy
-503.27634,55.095684,-7.7463803,5.910003,1.8535599,-2.1346116,-21.446537,-11.521853,-9.21971,-14.968193,-2.0610206,-12.251212,-6.4187293,-4.9643445,-8.581721,-3.7632568,-7.2252073,-5.278446,-2.6711018,-5.3990664,-6.079843,-3.0263243,-6.68274,-3.602422,-5.2725773,-2.1418483,-3.977137,-0.43330047,-1.2753003,-1.3981881,-2.5413892,-2.0370593,-1.1646292,1.0813397,2.5547302,3.222792,1.9056046,0.17173603,-1.0762138,0.6369717,happy
-531.204,61.647118,-4.5723143,2.740763,-2.0886083,3.958043,-19.650616,-11.051279,-7.4744887,-12.864723,2.0314934,-10.209839,-4.99094,-4.5604043,-5.9831195,-2.9391367,-8.464042,-4.3067684,-2.6374333,-6.645582,-8.875962,-4.989164,-6.653123,-5.3541546,-7.584089,-4.1696095,-5.8106794,-1.3994102,-1.2468315,-2.0081196,-1.7215269,-1.272597,-1.7795492,-0.4448938,1.1471808,1.9409078,1.4067949,-1.2218372,-4.0223026,-2.4897585,happy
-369.75833,55.686127,-10.372161,-0.91580266,-9.771794,-3.7939675,-23.219759,-12.208111,-8.074976,-18.771694,3.9965806,-12.102225,-10.398838,-2.3604941,-9.25978,-5.738406,-10.541608,-3.5622764,-5.8243885,-6.633886,-7.7653284,-1.8654904,-3.8853848,6.8440948,10.6743965,17.737133,13.905842,11.432621,3.1985435,0.17810334,-0.56985056,4.403461,5.4727297,5.002292,-1.3608427,1.563422,-0.7719291,2.9766753,-1.0715017,-1.6423334,happy
-332.72922,44.6108,-20.473894,0.11308083,-16.311087,-4.11938,-22.657207,-16.359104,-10.378923,-19.608284,4.1307306,-13.109666,-10.878178,-1.6121216,-12.431127,-4.3744535,-11.033513,-2.6864295,-4.5507674,-7.2199216,-9.861558,-0.29150486,-7.200101,6.6490345,8.360511,16.215847,15.358533,17.67864,11.470457,8.030982,0.56240034,2.3135846,1.6742088,3.2310467,4.113128,5.336502,0.17591682,1.4663658,-0.6482016,1.3529258,happy
-270.60947,47.676464,-10.670215,-5.3609796,-15.29947,-3.1279273,-18.416939,-19.275162,-13.974115,-22.687937,-3.939752,-8.12805,-14.331291,-0.27195668,-4.0928507,-5.088101,-9.765185,-4.0895696,-5.2468147,-3.3150675,0.73395777,8.331194,4.864435,6.333432,5.181017,6.2265673,1.6328379,3.8156414,5.528432,8.296385,4.6816254,4.4257736,-0.09841931,0.4817411,3.137516,7.0781345,2.6149483,0.4805075,-1.2568437,3.5465422,happy
-360.42514,52.369953,-10.864006,-3.421503,-2.9162152,0.13656577,-20.646866,-11.101677,-9.321204,-15.988477,1.8811532,-13.755555,-9.392296,-3.060962,-7.577107,-3.828658,-8.661533,-2.3513126,-4.978018,-7.543759,-8.964925,0.10282969,-0.69277024,4.454683,4.6905575,6.3637695,5.7005043,7.5198107,7.019907,5.524422,0.32002035,0.29309106,1.0094659,4.461899,3.5064518,4.2161283,0.3281334,0.29865742,-2.5107276,3.8868065,happy
-616.48486,86.48913,-3.4348238,11.387207,7.743977,0.7765245,-13.132146,-7.156313,-5.0482383,-9.24055,0.52500445,-6.811184,-5.092262,-1.5933037,-8.337593,-2.9470737,-6.0197144,-1.225151,-4.9240484,-5.728821,-4.1223426,-4.3026905,-4.056375,-2.6433976,-5.2531676,-1.5711713,-4.794989,-0.31947574,-2.9973197,-0.41494864,-2.5097022,-2.7268221,-3.232352,-1.7191191,-1.2668736,-0.5095899,-4.60062,-3.5502656,-3.3295453,-1.2042108,sad
-621.1983,85.423874,1.3800883,11.535571,8.844961,-1.0872753,-11.880875,-5.83182,-2.0718586,-7.2850795,-1.8911828,-4.5569105,-4.27064,-1.6734389,-6.215201,-0.22308573,-4.664508,-1.2165221,-4.64566,-4.9830155,-3.5372863,-4.806838,-3.3560328,-2.6548786,-5.5538406,-0.6587061,-4.816968,0.19862142,-2.339216,1.1768662,-4.622215,-0.67327046,-2.8394263,-1.7250901,-1.1743568,-0.054167278,-2.3599415,-1.2723219,-1.2336769,0.18798931,sad
-559.7239,73.30185,-5.8528438,14.041913,6.680717,-2.61947,-15.786259,-9.715169,-5.551565,-10.048789,1.6355258,-5.7968025,-5.3039503,0.47893426,-5.6015277,-0.27688164,-3.881989,-3.1475346,-2.0358713,-4.986521,-7.892176,-2.747901,-1.2217933,-5.027079,-7.035041,1.1940423,-3.0663254,1.1680588,-2.2161002,-0.15620138,-2.413925,-0.57240015,-3.5151916,-1.1836679,-1.5586904,-1.2085409,-3.1675308,-3.0413618,-3.1896372,2.653169,sad
-573.85815,74.41301,2.466247,15.899393,6.2914033,1.7129209,-18.196924,-6.7850237,-2.9953918,-10.584323,2.062663,-4.355713,-5.945579,-0.53164506,-4.033505,-1.3085066,-4.55906,-2.1453018,-4.326663,-4.1022487,-7.0649714,-3.798468,-2.6546242,-3.3647747,-7.085039,-0.39764062,-2.9033818,0.04767016,-2.9503841,-0.019160343,-3.5237215,-2.6501682,-3.629817,-2.7196827,-2.7947192,-1.4256508,-3.811007,-3.802845,-2.6069143,3.4412012,sad
-485.26413,70.37978,-19.13379,-2.4118507,-2.4093025,-8.798985,-20.795887,-19.295685,-18.422802,-22.531801,-5.305035,-10.752416,-12.196648,-7.520899,-7.34601,-4.423063,-5.2331514,-5.586814,-0.12775551,-3.5958896,-2.9366143,-0.22048339,-2.26214,-1.512786,-4.2073355,0.6397738,-0.46873403,-0.3926305,1.851933,1.6634638,0.8917624,4.165072,1.037932,6.511709,5.275859,4.2618318,1.0800413,2.0287075,-3.268017,1.4088167,sad
-446.15295,56.124733,-10.263525,5.049046,-3.2030025,-4.955495,-17.382341,-15.707906,-10.52368,-15.329366,-2.9432535,-10.3399515,-10.502914,-7.2981343,-7.77202,-4.550976,-5.978169,-3.6254666,-0.44327897,-0.115803175,-1.7782961,2.2909327,0.20108455,-1.615931,-2.5899417,2.8847098,-4.2077518,-1.6436584,2.8222365,3.0786805,4.6211343,4.742475,0.9003356,5.097844,3.1088688,3.1732218,1.5997404,1.5308996,-0.3168669,2.2581265,sad
-411.76306,56.176445,-11.103079,7.009878,5.7766123,-2.364929,-13.633102,-14.778543,-13.641873,-12.89458,-2.5977898,-10.504274,-6.3601937,-4.1023216,-7.638778,-0.28477475,-2.4441006,-2.8824854,-0.048505068,0.5485469,-5.140989,-2.3685176,-0.7580643,-3.3694255,-5.7624927,2.8413136,-3.6093876,1.2965329,2.154471,3.3883674,2.9916515,2.988243,3.1643786,7.8780327,7.125828,7.6628795,7.764559,6.273734,3.8795588,4.567854,sad
-428.83487,68.35522,-8.700511,9.226195,3.4984803,0.16348079,-13.96523,-12.737421,-14.899881,-14.334381,-3.449031,-8.5674095,-7.3876925,-2.5191436,-6.260953,0.9526595,-4.962146,-4.4721565,0.12989989,-2.3082957,-8.467605,-2.4729478,-2.0738313,-5.0432906,-5.106408,1.7024727,-2.7920156,1.8465761,0.85272866,3.9610493,4.6521964,4.3511634,4.4092946,8.073182,7.0760674,8.738119,8.1311865,4.852003,1.1027062,3.1307514,sad
-554.532,75.44737,2.62286,20.056547,4.767844,-3.949522,-8.30006,-12.239655,-6.985274,-5.187912,-5.319271,-4.384283,-2.9387183,-3.4455295,-7.41431,-0.66158867,-2.634857,-4.20179,-2.550532,-0.9172105,-5.2325125,-3.2799454,-5.8457947,-4.898486,-5.40013,-2.888794,-4.5742955,-0.72634417,-1.7656898,-2.1205232,-1.6678734,-1.6674701,-4.225702,-1.1247467,-3.2511442,0.083113715,-4.654759,-3.2926993,-5.548024,-2.1736968,angry
-443.26865,68.094864,-14.163974,15.102847,2.1514797,-6.419689,-10.48282,-14.290045,-6.634252,-9.38467,-9.371455,-4.1802716,-4.743684,-2.9698489,-9.959201,-1.3051707,-3.0079513,-2.5952609,-1.0358169,-2.8781536,-3.0238357,-4.752669,-5.9135036,-2.2648706,-5.947594,-2.195387,-4.2765927,-1.1977725,-1.7184683,-0.3714325,-4.25002,-0.22151342,-5.210523,0.54544914,-0.6154143,2.5015337,-1.1262851,-0.09027839,-4.099149,1.4220762,angry
-476.0283,71.54668,-11.537711,13.415043,1.9662936,-4.936934,-14.299467,-16.420572,-8.2362,-8.562372,-6.429319,-3.7584574,-2.7550418,-5.529956,-9.064968,-1.3247023,-4.357385,-1.5499053,-4.329647,-2.6857808,-3.7323925,-2.8985488,-5.727539,-4.485023,-5.1096034,-2.673958,-4.3285313,-0.8791829,-1.6912123,-1.6205578,-2.2731812,-3.433244,-5.2831197,-2.8470473,-2.7728305,-2.826944,-3.0759718,-4.9413934,-5.912902,-1.329518,angry
-437.69855,63.483234,-11.74978,7.851107,-0.6223723,-6.505449,-16.913113,-13.634898,-9.088369,-8.897516,-5.7690654,-4.84866,-4.5709248,-5.580515,-9.869584,-2.9754038,-5.6912656,-3.961361,-1.57193,-4.52351,-4.9508624,-4.383239,-5.116405,-4.916498,-8.504791,-0.60656196,-6.1372166,-2.6092236,-1.7949345,-2.380887,-4.8724713,-2.973709,-4.335701,-1.1182455,-2.1954079,-0.70980626,-2.920635,-3.0236032,-3.112423,3.005556,angry
-245.88449,54.597626,-25.305695,9.020056,-18.7156,-6.63929,-8.015223,-19.602512,-6.1124144,-9.37465,-9.42124,-2.4619362,-7.13168,-2.5157392,-8.510366,0.7684198,-6.4400997,-5.703766,-1.405245,-3.5370114,-2.5900583,3.6792853,1.612673,7.333502,4.833222,9.653391,9.6631,9.265933,8.628185,8.277098,4.767455,6.32556,2.450838,2.6768649,2.0136898,3.5226398,0.76349425,3.1307926,-2.0172052,1.7519528,angry
-245.86935,54.226143,-20.119827,10.221455,-11.021495,-8.075291,-10.085765,-19.903883,-7.413052,-8.926996,-10.681655,-6.4082193,-6.4803505,-2.892783,-8.453786,-2.3148582,-5.252725,-5.580765,-2.2689319,-2.5030801,-3.9262147,0.7766774,2.3536408,7.762482,3.3996184,7.868437,6.3198357,6.2296114,5.4552197,8.192193,4.8362093,7.71199,1.6021149,1.7757735,0.7174074,3.6212971,2.2528584,3.7920177,-1.5436691,0.25548795,angry
-270.01172,57.885635,-19.255512,6.593861,-14.87265,-7.2976675,-7.3205366,-16.488447,-8.023618,-8.527274,-7.848245,-3.6841707,-9.447991,-3.1995187,-11.197316,-1.6803237,-5.4624667,-4.085784,-1.9016169,0.57345724,-5.015913,0.17669535,-1.4727865,1.557626,1.6829162,5.601869,3.4216561,4.9005804,4.858887,4.31876,2.0076122,4.426136,1.6682289,5.911269,2.9060223,3.4308898,0.31901023,1.5458308,0.00289961,1.9600875,angry
-228.67197,50.904293,-22.13389,8.833098,-18.000534,-8.147868,-8.599549,-15.760545,-11.40476,-8.669071,-5.978555,-5.0815835,-10.999502,-1.6361593,-11.468345,-3.3183506,-4.8734045,-1.8177848,0.33668965,-2.6734695,-5.167001,1.5715004,-0.41262427,2.7833304,3.265238,7.146549,5.0214643,5.1665773,7.1851993,8.943175,4.9246354,6.05011,-1.5621907,1.652345,1.2863791,4.126949,0.6722417,1.2375953,-1.2130321,2.494352,angry
-528.7324,70.55735,-2.7100065,12.64501,4.7413063,-1.1143165,-14.576689,-17.96402,-1.4520723,-7.3599133,-3.8318975,-6.6406784,-6.996825,-4.5380588,-7.557761,-1.3953904,-5.3200974,-2.322611,-3.3945553,-3.672606,-7.532648,-3.8558426,-3.695154,-2.9860013,-4.5361295,-1.9300343,-5.285254,1.4061557,-4.433417,-0.12705418,-2.7435656,-0.19768256,-3.131411,-1.3300909,-1.7779344,-0.1559288,-2.6072195,-1.6778319,-2.7929814,2.5769088,fearful
-460.17416,71.77652,-11.398772,10.458527,3.080317,-6.6328583,-17.840094,-15.84544,-5.080146,-11.891669,-6.8839045,-7.3278446,-10.468134,-4.2720957,-10.226815,-3.8533328,-8.577186,-3.9513457,-3.4637809,-6.5859327,-9.64136,-7.0030904,-5.2827497,-5.3032336,-9.235371,-2.161627,-6.129127,-0.68558246,-4.229312,-0.63421375,-4.0310206,-1.5840008,-4.9035587,-1.7124367,-4.1859903,-1.741135,-3.3375437,-4.550241,-1.330795,2.0536964,fearful
-487.8396,61.65337,-4.6438203,10.125734,1.6592842,-3.509546,-16.700987,-16.598696,-8.674022,-11.250844,-3.3517025,-6.6195493,-9.667209,-2.9271026,-6.1703315,-4.05979,-6.9738555,-4.9478683,-2.3182771,-6.1224957,-8.311236,-4.194385,-5.575475,-5.7668657,-6.7148027,-0.8127686,-3.7032814,-1.1144978,-3.7189825,-1.5786397,-3.5461593,-2.0875616,-5.5273743,-2.2242906,-3.6292048,-1.4130826,-4.2158465,-3.3274422,-2.6853666,3.1806283,fearful
-506.71426,71.6736,-13.181256,11.675985,4.718042,-2.6224825,-17.960787,-16.69908,-7.751725,-10.358241,1.6356484,-5.7813272,-6.605336,-0.63013434,-3.7844095,3.1535053,-4.8709598,-2.6051204,1.7556075,-4.678074,-7.1000905,-4.7000694,-2.9840465,-3.0349407,-6.2264075,0.5913707,0.15340422,0.58078045,-0.7941763,0.23270571,-1.6932667,-2.4752874,-2.341343,-1.6115264,-2.4760432,0.104523845,-3.0304148,-2.7885928,-4.992949,-0.09753784,fearful
-338.03778,72.70631,-14.27293,16.113436,8.785765,3.0635889,-7.7716513,-4.242298,-7.7446213,-9.447785,9.659709,-8.843153,-7.7241297,5.320651,-1.2423052,5.4179854,-4.306757,-1.6598251,2.4558487,-1.6233001,-5.8068256,1.8598783,-1.3245968,-1.8687927,-1.2011945,3.515056,3.166017,5.1598344,3.3093383,9.448423,5.905833,8.674611,3.874999,5.5707254,3.9959135,6.9957867,4.0536413,5.5747733,1.0908744,4.1444144,fearful
-277.7911,54.982277,-26.945316,2.2279913,-7.1847816,-2.953516,-19.156528,-22.611298,-10.795048,-19.483131,-0.8328691,-12.537982,-9.878611,0.9322173,-4.9213433,0.48597595,-3.4446607,-3.6630917,2.3730838,3.6008904,-4.639269,4.945571,1.7489662,4.24539,6.8835196,16.026289,7.361762,12.270574,7.234806,9.2645035,4.8209877,6.1519785,1.3675433,4.4304295,0.6929569,5.9689894,2.0555232,2.0300725,-1.9704716,0.053652808,fearful
-352.0518,52.390106,-11.977114,5.4476495,-0.8982658,4.6675406,-12.505907,-17.823822,-10.894421,-14.500964,0.8949379,-7.1330647,-10.8244095,-0.0732276,-3.8824813,3.4963412,-2.7634094,-2.108776,0.06634832,1.5606285,-5.735903,2.5411048,5.6023054,5.1243134,5.7666283,12.270233,11.185626,10.687908,8.695671,9.879604,4.191482,8.385679,1.7652262,4.421133,3.075867,5.7147493,2.8366354,0.18416148,0.20966949,2.6445398,fearful
-320.37924,52.522175,-25.674797,-1.7201025,-7.0574837,-1.7652035,-20.95875,-16.17581,-13.881871,-18.48439,7.138226,-6.190865,-9.18357,5.0740137,1.5595907,4.3094583,-0.32969302,-3.5647256,1.9118949,1.7647728,-6.643712,2.0867684,4.3203993,4.583953,4.9749374,15.233691,10.909438,9.860169,5.0237484,7.884561,4.33821,6.7050943,1.9848635,1.9660071,1.2169617,4.2000213,3.174619,1.4188348,-2.1532526,1.101829,fearful
-503.3456,64.54216,-7.9043155,10.856309,4.4225526,-8.1215925,-9.797351,-7.744889,-7.9984946,-2.6476984,-1.7379019,-9.697799,-4.776102,-6.748357,-6.489097,-5.8159246,-5.678405,-4.8186255,-4.98692,-4.872555,-6.0801964,-7.4160013,-3.2945764,-4.9371586,-7.4118176,-4.5060515,-3.88853,-1.379783,-5.869,0.9288406,-5.034355,-1.7743685,-5.215032,0.24094273,-2.7013671,1.3375173,-2.3188107,-0.9812529,-1.4210705,-0.015754817,disgust
-526.32574,71.55208,-5.1936364,14.686352,6.6670513,-8.506858,-10.168852,-9.344339,-8.079294,-5.0862184,-0.991518,-8.164281,-5.1878953,-5.9466653,-3.5888472,-4.5391035,-4.094817,-2.3643847,-5.7415075,-2.9045415,-6.541188,-5.5907354,-3.673412,-4.9906697,-4.899832,-1.6943489,-5.1566353,0.54861826,-4.843031,1.266691,-3.6372428,0.35219193,-4.6995063,0.8310893,-3.356361,-0.9758459,-5.132838,-3.8653965,-6.298101,-3.634291,disgust
-561.3643,50.03444,3.3942537,13.887988,4.10836,-2.7127292,-13.8176,-4.84404,-4.7708855,-4.318367,-0.91923493,-10.807907,-5.057912,-4.3611445,-4.4110937,-6.10404,-3.6458962,-5.443843,-4.143504,-3.733389,-9.327044,-4.7620616,-5.59658,-5.7002,-4.1015315,-4.721303,-2.3666165,-2.1101995,-3.0808487,-0.30069318,-3.430742,-1.8229812,-4.2271643,-0.38751456,-4.904392,-1.343597,-6.256469,-4.873382,-4.180969,-2.5976038,disgust
-458.237,63.08756,-16.508278,11.554338,3.9597855,-7.1729746,-17.35498,-11.131866,-9.38755,-5.5355477,1.5918348,-9.504947,-5.8095574,-9.761177,-3.016686,-7.6079063,-3.5689163,-2.986386,-4.5165625,-4.9060826,-7.5341725,-6.4165425,-3.7690926,-4.95527,-6.078275,-2.8886864,-3.0079844,-0.7568728,-5.3546133,-0.3230701,-3.7086473,-2.7752268,-5.925652,-0.15009816,-5.1528997,-1.5661343,-5.730786,-4.8664002,-6.023121,-2.7507856,disgust
-494.17432,69.46342,-8.392274,18.826574,5.2183094,-12.977747,-15.173232,-6.5382566,-4.53712,-6.666006,-3.1522062,-9.932531,-6.517368,-6.428844,-5.83814,-8.302872,-4.4537783,-6.361148,-4.6680584,-5.2088776,-7.5761924,-4.245558,-9.987412,-3.2576847,-6.165961,-3.6124892,-6.3264427,-1.9313488,-3.838919,0.18120381,-5.1776505,-1.5842766,-4.0573897,-2.087638,-4.632253,-0.28226924,-4.6564174,-3.36436,-3.9227989,-0.5759643,disgust
-486.83945,73.52776,2.9122512,17.281183,1.0507717,-6.6163893,-12.511765,-3.500781,-3.5254772,-5.6781106,-0.8610234,-8.619107,-5.714735,-4.4755163,-5.8306255,-7.88088,-1.8427263,-6.779482,-1.5981431,-3.050213,-9.062327,-5.869555,-5.7409434,-3.2814786,-5.16433,-4.926744,-5.5368934,-0.98223907,-4.2913065,-0.38876182,-6.5056295,-0.9915429,-5.1418777,-1.826798,-4.2955737,-0.14969523,-5.6221538,-3.3218462,-3.2062747,-1.8316977,disgust
-451.83173,77.17793,-2.2185776,6.041614,-4.0718055,-4.7507024,-16.848122,-3.5655751,-9.62093,-14.3402815,-3.232762,-6.625569,-8.3267145,-5.94583,-5.478304,-11.319675,-4.1057606,-4.8350816,-4.5964746,-5.1272235,-6.3022113,-7.9249063,-6.2184553,-5.6987495,-5.286691,-3.0586615,-6.7476416,-1.8203733,-4.6981044,-0.9398847,-3.878502,-2.7870193,-5.575222,-0.08001724,-5.234945,0.2271621,-5.765644,-4.857207,-5.9685893,-0.41635025,disgust
-415.70963,55.96475,-8.666822,4.026091,-9.837674,-3.710533,-19.256115,-11.379347,-11.483509,-10.797354,-7.9185114,-5.8148136,-8.1101675,-8.20795,-1.4398623,-10.001976,-7.4083858,-4.731669,-5.211243,-6.3704762,-6.922655,-9.288702,-6.7825885,-5.5981336,-7.794763,-0.07360136,-1.7673212,1.1863027,1.6206901,5.2829466,0.92550856,1.5248609,0.15261711,3.5066957,1.3751413,3.6318808,-2.3112786,-0.4884282,-1.9390882,0.43551162,disgust
-522.4187,67.75387,-17.995623,1.4837147,-7.011966,-4.4090466,-17.808018,-16.72645,-7.838447,-12.379348,-1.4865819,-6.255644,-4.8735313,-2.6956549,-7.6788883,-4.4626126,-4.2947297,-5.6128416,-8.000894,-1.9945219,-4.725624,-1.1661059,-0.34884506,-3.0769186,-1.2750491,1.0975916,-2.8733099,1.5883431,0.10647514,3.2037127,0.87164783,5.643737,2.1625912,3.7906702,0.5570199,-0.5828188,-4.1657286,-1.5650378,-1.6427351,2.7364738,surprised
-517.837,60.76556,-7.092183,10.25826,5.1585183,-2.4819076,-9.32677,-7.081786,-0.4575697,-6.5852766,0.61638933,-2.5293856,-6.559714,0.49682313,-2.8256354,-4.341287,-4.7054877,-1.3186941,-3.650624,-2.7040265,-4.492987,-1.646846,0.87971634,-1.4898158,-0.78141546,-0.2033048,-1.7637472,0.030595923,0.4832551,4.6261935,-0.6823872,2.916684,0.08887581,2.0007463,0.026273005,3.006718,-0.84549004,-0.14740592,1.3266872,4.9648447,surprised
-552.7823,64.62245,-8.781087,7.548832,-4.453403,0.36428759,-13.936874,-12.166335,-6.6154995,-11.628544,0.28177044,-1.4764001,-8.212986,-3.0464401,-4.7859254,-5.9432893,-2.1003356,-5.8879075,-8.408676,0.17207496,-6.099353,-4.226475,-2.094426,-4.2660813,-4.8911524,-2.2759345,-2.786973,-1.5527852,-0.9826886,0.112684995,-2.3299663,-2.5122426,-2.26383,-2.0674648,-4.4144697,-1.2968906,-5.9949636,-3.894236,-0.25696954,4.023658,surprised
-490.7152,68.405136,-19.219542,8.698866,-1.4396389,-6.5861626,-13.989184,-9.615392,-3.6551197,-10.515456,3.3007278,-2.388577,-6.504676,-1.8570883,-2.9767015,-6.797259,-3.1782362,-3.9616911,-5.6524806,-1.497932,-8.208099,-2.0179021,-2.5776062,-2.8862944,-3.4777436,0.055666998,-1.7682097,0.31419072,1.6323,2.098739,0.001307781,-0.34189588,0.08032021,1.2684754,0.21631575,3.028082,-2.3160524,0.88439775,1.1174202,4.9953394,surprised
-466.7433,69.45644,-16.754007,5.4394765,-6.547296,-11.4226055,-11.12344,-14.374788,-6.0129385,-15.266504,-3.6873982,-0.6763667,-9.164789,-2.8894835,-4.587159,-6.569346,-3.6222408,-3.176848,-7.169297,-4.105824,-6.196439,-2.6173818,-3.2498026,-3.7082987,-2.613056,-1.2545509,-1.4352473,2.1503077,2.1360412,3.0453455,-0.30324307,1.3488214,-1.2865986,0.7411003,0.6853335,2.4256027,-2.3034675,0.3520114,0.9431657,3.661639,surprised
-420.12698,51.784157,-11.550022,8.2671995,-2.9793322,-8.860286,-9.021013,-11.040655,0.07705627,-10.435915,-2.256657,0.6248122,-8.690649,-0.38084283,-3.2844594,-4.337411,-6.1735163,-4.098477,-4.669273,-3.3319998,-8.713582,-3.0986688,-0.8532235,-2.8789208,-0.37146404,3.9461253,0.39487347,4.1200447,4.670983,4.651994,-0.49739397,2.5760608,-1.0827966,2.3647456,3.4344645,3.7850158,0.9730662,1.835165,0.48202392,2.0611649,surprised
-422.56363,54.855442,-14.110983,-5.53524,-8.842237,-1.258691,-19.481316,-13.842041,-3.3360472,-13.77683,-0.6245696,-2.3780253,-7.216254,-5.449201,-3.5901558,-2.5364041,-6.387727,-4.3322067,-6.1945124,-2.5198083,-8.530768,-4.1685157,-1.8573071,-2.717465,1.5325648,6.667389,4.70981,6.178127,2.954635,5.072881,-0.65438807,2.2788274,0.426016,3.1726544,1.661707,0.8798881,-2.0323122,-0.45919737,0.20207508,5.2015805,surprised
-505.55362,62.675037,-10.349702,3.020846,-3.6745522,-5.973047,-12.821631,-10.227098,-6.279057,-10.865238,-1.9261723,-5.3586135,-7.476654,-4.5004573,-8.716858,-6.2115536,-4.2723308,-3.9548075,-6.4157515,-2.3172293,-7.8145757,-4.845208,-0.55570835,-5.1728516,-3.4843712,-1.3202924,-3.8670027,0.9304242,-1.6162401,-0.07173432,-3.6693413,-2.5627186,-2.4793499,0.7859004,-0.5652765,2.5955026,-1.1420299,-0.33201852,0.18237579,4.725212,surprised
-663.22577,50.415646,-8.746945,10.637103,-4.9275613,-5.858502,-7.680313,-14.897786,-8.632933,-4.3115644,-3.758657,-8.376314,-5.3670564,0.48096249,-7.641389,-4.04187,-1.7461659,-1.0539142,-0.8645144,5.0946817,-1.6869073,1.2064517,-6.8428845,-2.6755679,-2.352334,0.025926867,0.0887149,3.980957,1.7142121,3.8521361,-0.9901238,0.68640816,-2.3591738,1.7974423,2.3137598,2.8779397,1.1845,0.9526659,4.457749,5.7105207,neutral
-666.22815,51.373123,-8.822218,7.0228615,-9.327578,-8.966896,-10.043185,-17.316082,-12.710355,-6.293464,-5.1221404,-9.435631,-6.201295,-1.1887618,-9.210236,-5.65705,-6.733272,-6.1884017,-5.7598934,2.2516491,-2.4208617,2.5034652,-3.1975431,-1.5563349,-3.658196,-1.6494261,0.41899276,5.528571,3.0169554,2.5185778,-0.17777325,3.1974053,2.0275707,0.36072537,-1.9435717,-0.85914075,0.8595862,0.37996018,2.161223,5.6346917,neutral
-689.76917,54.587715,-7.767386,2.3891096,-7.111548,-5.2612433,-11.357977,-17.237568,-10.331848,-7.163938,-6.5316205,-10.96676,-6.999099,-2.2396898,-9.941334,-5.711678,-4.8605638,-4.8613,-6.88067,0.47094414,-3.7307098,-0.028163688,-4.9880695,-1.3935695,-0.8936291,-0.37891528,-0.5241948,2.5448177,-0.57194734,1.7114856,-0.47978887,3.3071275,2.7029161,3.4884644,2.4884765,4.2049623,3.6903982,2.9208329,4.4100146,3.7014775,neutral
-694.1469,55.14373,-3.7936525,2.519736,-7.0098486,-5.5369124,-10.103714,-16.692476,-10.897629,-6.689817,-5.937129,-10.071752,-7.3564386,-1.2590433,-10.23883,-6.702938,-4.961309,-5.120531,-8.492217,-0.6091014,-5.258276,-0.5719438,-5.2163935,-2.1490602,-2.6678882,-0.6225935,-2.4114647,2.103237,-1.5139169,3.5490367,0.6194199,3.3764958,2.308029,2.8059537,0.10804949,2.1086564,3.5470319,2.4618769,4.952844,4.880401,neutral
-610.5842,62.2295,-14.082695,4.773534,-13.286168,-9.51718,-11.6484,-18.02108,-13.538489,-6.111635,-4.7952213,-10.966275,-5.549448,-0.7681375,-9.425384,-5.3862143,-6.114871,-4.6594696,-6.989045,0.7975628,-5.92401,-0.82801247,-7.2094803,-1.3371481,-3.2990274,0.4023693,-0.8149162,0.6421355,-1.0595338,2.4285555,1.6386415,5.7167315,3.8453603,5.7439046,4.8004255,5.958235,4.5388756,3.9391701,3.4040334,0.80360335,calm
-609.60004,67.35798,-22.664038,5.3500843,-9.652138,-8.411688,-12.709118,-16.70433,-10.5266285,-4.3581047,-3.9132168,-10.938683,-5.7293277,0.8008755,-9.240383,-2.662928,-6.488208,-2.660675,-7.576519,2.0244625,-4.728878,3.0911732,-2.4344013,1.7139145,-2.3977342,1.3305044,-1.3415278,4.4219747,3.1542192,5.1364827,2.3737001,6.13693,9.322897,9.0211115,6.009494,2.3968556,-1.5594089,-2.9808276,0.44105607,1.7161309,calm
-608.9691,60.556744,-8.147472,7.3551936,-10.707987,-5.1684914,-10.761339,-16.392368,-10.853383,-5.36257,-3.668426,-8.395807,-2.7011213,-2.8580034,-7.5629764,-3.7282934,-4.6002812,-6.375922,-5.873879,-1.1133939,-9.232487,-2.2557352,-7.753307,1.1353582,1.8542372,6.2046776,4.4238276,5.6662292,1.4730477,5.67248,4.4058566,10.35893,8.926514,8.8840885,2.0049293,0.21677066,-2.4999204,0.32755983,2.1810114,2.8948245,calm
-630.2046,60.056652,-13.113989,-0.5544941,-9.374075,-5.173482,-13.035058,-20.986456,-10.8939705,-5.0385885,-6.4152427,-9.153585,-8.051103,-0.23676576,-5.8974986,-3.5533986,-5.988445,-4.8686996,-8.71551,-1.6048955,-8.029486,-1.9253347,-4.421067,3.668334,4.2423205,9.92806,4.7773013,6.770242,4.4521494,4.851709,1.7675903,6.981728,7.7298846,5.953924,2.786784,2.245213,1.106196,1.6040581,1.6471167,0.51225317,calm
-604.06555,63.330482,-15.584207,3.0103765,-11.823183,-5.8992295,-13.903689,-17.278666,-12.129172,-5.389876,-4.4249163,-13.380613,-6.682803,-3.273847,-8.473346,-4.8501167,-5.049586,-5.1233106,-4.870606,-0.08896613,-8.133431,2.2492256,-5.8470235,2.337733,0.13540508,3.4916413,1.4798757,3.0656543,3.0656495,8.7940035,7.186174,11.929227,7.013697,3.7194064,-1.6394296,-0.032004986,-0.72181845,0.4183507,1.343708,1.7718891,calm
-614.0458,66.70733,-17.399086,4.9354396,-7.698087,-7.213059,-15.069207,-20.021627,-13.086419,-6.056926,-5.145369,-12.317413,-5.0713983,0.5993792,-8.849278,-3.7773845,-5.31815,-6.1763673,-7.981178,-0.65189373,-7.4299917,0.35811144,-4.848577,-0.39269167,-0.3778318,1.0460975,-1.0433577,3.6932178,1.97936,6.253152,4.6959686,7.8553276,6.0563393,3.8428335,0.6595626,1.0335875,1.7829703,1.9669099,-0.1583043,-1.8926104,calm
-556.5669,68.036575,-19.095531,4.75783,-12.025473,-5.760637,-16.036463,-24.466997,-7.2824097,-4.8841395,-5.890302,-10.502472,-3.8825312,1.2634006,-5.327859,1.2316695,-3.729243,-5.7762866,-7.848158,0.008998343,-7.031972,1.886579,-1.8187674,4.547911,1.9674803,3.4517274,0.49550265,6.621704,6.323962,9.613673,5.830696,8.393557,8.124944,10.465169,7.2274346,5.7555,0.35760134,0.9456708,2.0602658,3.2394648,calm
-603.5284,58.003124,-9.630841,2.5188763,-13.960148,-7.5802946,-17.822075,-18.285198,-12.598509,-7.293146,-9.884377,-15.047151,-6.500557,-6.9989014,-13.286501,-3.413335,-7.2672024,-9.686779,-7.9055214,-3.9166095,-11.801454,-3.9408042,-8.87012,-1.439058,-7.448301,-1.6006002,-1.6347184,1.6491302,4.945047,7.2653604,7.443118,10.088567,5.638577,5.827918,3.6769052,6.6071043,0.9201298,2.6325755,0.0019449674,-1.1220337,calm
-620.73254,54.35371,-18.760172,7.404728,-9.026221,-9.990146,-8.995586,-16.72116,-9.531958,-5.1349463,-9.022138,-10.299762,-7.3609204,-0.15665975,-9.308218,-1.955615,-4.4639845,-5.282914,-6.461603,-1.8765306,-4.132494,-0.17001091,-4.606788,-1.720709,-1.5125036,-3.812703,-4.176574,-2.1085036,-2.1065383,3.9776912,1.7898751,5.5339065,3.272953,3.9355514,1.2000866,0.8992231,1.276958,1.5061395,0.5472159,0.8268251,happy
-568.7025,47.195126,-23.84988,6.8120155,-8.023006,-13.2495985,-6.13556,-18.05779,-10.251771,-3.3333573,-8.623667,-9.015332,-8.186856,-0.43160084,-10.037929,-2.5410414,-2.1586301,1.2583159,0.95461583,4.9717064,-0.34193796,5.0519314,0.8936072,1.7866843,1.2976846,-1.00286,0.2184586,2.7317777,0.95433384,1.1601117,-2.4259405,1.2547472,1.4105533,2.287043,-0.25540403,0.16480398,0.0536759,1.0485733,0.15021034,0.57850105,happy
-589.28723,51.451206,-14.937556,10.344698,-4.797591,-8.6584635,-3.860499,-14.665432,-8.272699,-6.757634,-4.8735194,-7.7073507,-6.10723,-2.2780724,-7.952169,-4.721577,-7.2734394,-3.8656147,-7.599993,-1.0577732,-4.3635516,-1.3666798,-0.7822125,2.5617373,1.1410984,3.7071939,-0.40162283,2.2951205,0.47244358,-0.0026961106,0.54088825,1.3198599,2.908543,3.1984427,2.082286,2.801748,-0.8051996,-0.68176997,-2.4688523,-0.6902474,happy
-580.76245,51.61609,-17.533169,6.9605103,-4.4946303,-11.617944,-6.7849593,-16.847963,-6.5373983,-4.6404104,-6.954449,-6.6006017,-5.601217,-2.1455302,-10.1111,-2.7952816,-3.5793352,-2.6728797,-4.4476237,0.6010263,-4.0625267,1.3614649,-1.0874019,3.854502,2.1923099,1.5434023,0.7157661,-0.796625,-0.90668577,1.284816,0.3190333,1.759763,-0.42773774,-0.16777074,-0.43203723,2.9199576,-1.0571384,-1.4139541,-2.5634012,-0.24801774,happy
-447.51724,40.8052,-28.824287,3.0780125,-8.971757,-12.224409,-5.493223,-19.623446,-9.759967,-1.3792541,-5.301092,-10.504935,-2.2999005,6.3807364,0.85208976,2.810538,-3.8745065,-0.6715948,0.98234063,8.468927,1.7164581,4.9946313,2.3665917,6.7105412,4.684714,3.5844178,0.015781697,5.0436287,3.459699,1.5251316,-0.3248609,0.7552753,-0.87177086,-0.04162027,-1.2612156,0.5449678,-2.037593,0.575464,-0.86426735,0.3511457,happy
-466.66196,24.896338,-25.533567,2.3541648,-10.150316,-12.935442,-2.5089562,-15.83929,-5.8909516,-4.0847917,-7.868541,-8.135136,-7.3295717,4.1838775,-3.7229533,5.7942505,7.9270225,7.348509,6.376019,5.7846136,-1.3518478,3.866853,-2.0211134,2.6807485,1.3640462,0.18626967,-1.8219786,1.8354332,0.7549462,-0.5728589,-2.6071599,2.0966582,0.95051724,1.462653,0.859604,1.1644583,-0.39115518,-0.40142033,0.28745434,2.076276,happy
-486.66183,27.997131,-21.643877,1.1643276,-10.916731,-14.08052,-9.114656,-18.691156,-9.3157835,-6.1324153,-8.867812,-7.256884,-8.076521,-2.8078525,-11.602442,-6.2518206,-5.516186,-3.7796302,1.3812001,6.4931536,2.5871766,3.6122665,0.44559902,0.97508377,3.2415066,5.335948,2.0175662,1.3247671,-2.7545469,-0.10196645,0.31431094,1.4938674,-1.2020775,-0.9159877,0.45462722,2.0888395,0.08489474,1.7169763,2.2184815,0.9350798,happy
-412.3815,28.121786,-31.267769,0.12351955,-12.90967,-17.112282,-13.324246,-21.309998,-6.8925557,-7.336514,-11.233123,-13.123599,-7.926249,2.08403,-7.039634,4.2496915,3.6833262,6.1426044,6.35174,6.146135,3.5642579,4.2841015,0.3150048,0.6610038,-1.6943328,-0.21377312,-2.5285006,-0.831065,-1.0253444,-1.8676679,-2.3583694,-0.26437274,-1.4508095,0.278664,-1.2380954,1.2794999,-0.7332088,1.4920577,-1.5446477,0.23388085,happy
-662.93854,51.545353,-1.3119707,10.572459,-4.385169,-6.2141542,-4.501346,-13.068886,-10.315568,-8.165948,-4.1343813,-8.449177,-7.6443224,-1.6751177,-6.4367647,-5.6669016,-5.1155686,-1.8330035,-6.021454,-1.5449584,-4.3080053,0.030009132,-4.5102243,-1.0992491,-1.2205292,0.784545,-0.9891447,2.3993516,1.5495882,4.5910354,1.7835689,3.0765207,0.79723257,1.2109796,0.81332284,2.3843992,0.47413018,-1.1078377,-1.8785849,-0.2578016,sad
-559.0934,36.17966,-10.765166,0.7427541,-8.509556,-10.078311,-5.8260107,-17.713837,-10.439784,-4.6574054,-5.5573874,-7.5555353,-9.636489,3.3530083,-8.256694,-2.0070777,1.0858341,1.831317,2.7333193,2.730803,1.4637698,4.034919,2.9387946,5.12482,2.2213652,2.0830202,-4.3243327,-1.284241,1.4673046,2.4407043,-0.53441477,-0.8982386,0.5585572,1.1093204,-1.3783472,0.25905296,-1.4679412,0.44893432,-2.4817922,-0.3910042,sad
-555.3167,33.934986,-10.973731,1.921761,-7.188952,-14.898456,-7.9349427,-19.760632,-11.502552,-7.5231853,-8.904704,-8.068839,-9.231933,1.6868154,-10.466448,-3.7018385,-2.5870748,-2.9765139,1.1984535,6.559183,7.927413,7.073778,2.7434793,0.5683156,0.2023919,-0.45634255,-0.6236524,2.1695633,0.6647385,-1.4479221,-3.7518196,-0.73400205,-1.329137,0.20097204,-3.845158,-0.93250585,-1.1927979,2.250981,-2.8641763,-0.25528568,sad
-574.0184,24.713808,-11.364524,-2.8384047,-9.574467,-18.080261,-7.522876,-21.37711,-11.205803,-6.014806,-9.804316,-7.2397823,-8.15308,1.7642608,-8.272011,-0.98568606,-0.3127275,0.7822646,4.9401636,9.75284,6.6273475,3.4841475,-0.77192503,-0.7953297,-0.30511785,2.864128,0.21421298,-1.0210142,-3.1662974,-3.068676,-1.2585096,1.8902167,-0.5815698,-1.6806567,-3.0042496,0.7610563,-1.2780571,1.2247608,1.61503,1.6781749,sad
-497.86688,25.287434,-26.030905,-0.9584811,-9.268011,-19.433582,-11.3195915,-21.625282,-10.480145,-2.2978008,-7.1685877,-4.9397,-3.35351,10.423597,4.9350343,7.4577312,4.627272,3.3759615,4.024104,3.5819547,-0.7788314,-1.3811572,-2.1266654,0.68054855,-2.033167,-1.3332695,-3.2971685,1.5010939,0.06849958,-1.1513803,-4.461348,2.4406703,-1.1292502,2.2081656,-3.0338266,4.1667724,-1.0042366,0.83216107,0.005607429,2.0390887,sad
-458.86658,21.343616,-18.713074,-3.66024,-13.38258,-13.793036,-4.969654,-15.097879,-9.9066725,-0.871754,-2.2713995,1.0377887,2.254479,16.265354,10.61053,10.996611,3.1767917,1.6850402,2.2840364,2.8871498,-2.9646947,0.3783505,0.12614559,-0.07264233,-1.912731,1.3660988,-0.28387457,3.429467,0.301688,-0.35029274,-1.1889787,2.5216732,0.741542,2.4280927,-2.2086735,2.0597868,-2.3390706,-0.06555905,0.13046984,2.829935,sad
-411.91107,5.645647,-37.024414,-9.342114,-17.479345,-24.588762,-17.581554,-25.403652,-12.044065,-5.5087113,-8.062103,1.0663269,9.124275,23.687485,5.6058836,1.3791654,-3.9802134,-7.7965727,0.05282324,0.9246067,-5.077386,-4.252818,-1.4565711,4.347938,1.0223433,1.5592679,1.3608212,-0.23992814,-4.63637,-3.022972,-0.8793983,1.8021982,-5.9043674,-0.37963995,-1.1762594,4.27118,-0.32484284,3.541525,-0.536523,1.3591434,sad
-432.33154,13.220927,-31.615606,-3.0004716,-12.246479,-22.777903,-11.733049,-22.291946,-11.946851,-8.574305,-10.541277,-8.154791,-0.7088186,14.399657,9.6424885,13.992941,7.637454,-1.1249986,-2.8849394,-0.253872,-3.7911463,-1.8062463,-3.8808737,-0.2758451,-0.088553324,1.001105,-1.913802,4.6866755,3.4170132,-1.5462811,-5.8136034,2.0217705,0.13733558,0.86231816,-3.66148,2.4716942,-1.6561389,-0.84746075,-1.4092401,1.354219,sad
-521.82367,42.11239,-13.007959,4.1676183,-11.537406,-9.458173,-9.039138,-16.746555,-10.106771,-6.264058,-5.390397,-10.1159725,-4.5803127,-3.1213975,-12.025077,-4.0855775,-4.155405,-2.342286,-3.5906818,3.9606924,-0.5142062,3.5390534,0.28053167,1.4563828,0.54130745,-0.21753176,-1.6028391,0.33850026,0.9990819,3.483584,1.2017168,1.8979361,0.6044262,-0.122943,-1.2619781,0.33749118,-0.58545876,2.4008217,2.9554095,1.3156602,angry
-506.48383,34.61573,-14.262782,2.8987808,-14.014666,-8.842253,-4.9778085,-16.391575,-8.087156,-4.457948,-4.240612,-7.1059084,-5.239209,2.4619799,-7.094464,0.18903115,-1.2663532,-2.5366917,-2.4834702,1.6560677,-1.912004,1.3208308,-1.6053746,1.2190024,0.6822794,1.3355086,-0.54033506,4.1492887,3.5004833,1.5605977,-1.1583431,0.86118025,1.8183893,0.72699195,-1.7975473,-1.2175366,-0.52210903,0.07215764,-0.11987924,0.62308973,angry
-526.80725,32.98975,-13.119181,-0.2840366,-12.1196,-11.864416,-9.076671,-19.453827,-10.750279,-7.481082,-5.780469,-9.102171,-9.7932,-3.191663,-10.709832,0.855752,0.0032434464,3.6296744,0.030599058,2.7172725,-3.1468086,1.4255698,1.9465234,5.146439,2.9206827,1.6276456,-2.7266471,1.6775628,-1.3051729,-2.2125766,-2.9777226,3.475029,2.5337439,0.6924323,-0.57820976,0.19517937,-1.0082026,-2.4202132,-1.0632136,1.7332854,angry
-529.8411,42.34123,-14.988153,2.4624314,-14.399305,-9.910338,-10.405822,-19.608324,-10.503943,-4.8669567,-4.7767467,-9.858129,-6.1652145,-2.8351717,-9.300766,-4.4893384,-5.5391593,-5.3524284,-5.327293,1.2623044,-5.685054,2.67764,-1.7241731,1.8623645,-0.6196849,1.976658,2.1285405,5.2251787,3.0611742,4.1663685,-0.56929684,1.301211,-0.28196856,1.9607323,0.41719884,-0.76431227,-1.7812078,0.37527412,-0.82200927,-1.8514305,angry
-365.28223,20.822212,-23.78569,-0.14309293,-18.814814,-7.275165,-3.3144362,-19.931765,-4.3695555,-9.459312,-3.8362384,-6.1962667,-2.6476262,7.6270595,-1.167377,6.4847627,3.1852188,2.9517498,3.5085347,0.6815012,0.86216664,7.0195217,4.8921843,4.909209,-2.503164,0.504477,-1.7523584,0.37037992,-0.62556916,0.009436329,-0.5977043,1.4549344,0.19800083,1.8633244,1.7954632,1.6810356,-0.5577952,3.009569,0.019094497,-0.61841774,angry
-387.08075,24.282194,-21.78578,-0.23368624,-20.002573,-8.919757,-6.7984805,-21.43851,-6.754589,-6.208635,-4.6784077,-3.335997,-1.8042337,7.570427,-6.7456303,2.3837066,-1.8438365,-2.9489973,-0.43960488,0.314917,-1.246853,2.7889469,-0.14252514,5.1806083,5.878312,6.8983116,0.18491176,2.0021005,-0.8794821,-0.5535305,0.3093958,3.4333947,0.45624626,-0.5398258,-1.4907048,0.5971587,1.8351392,3.211731,1.2293994,0.85272676,angry
-361.4038,14.390495,-21.897532,0.16975638,-16.27365,-14.336003,-8.644496,-23.769201,-4.6937585,-6.1197395,-3.9881122,-9.456859,-6.55629,-0.13639626,-11.625592,0.49952427,-2.7016783,3.6097345,3.6526735,3.6066334,2.2363145,6.3209286,5.3824763,7.94206,1.1099733,-1.3182304,-2.4885116,-0.97241753,-3.134251,-1.352417,-2.7027752,-0.7216649,-1.1338146,-0.49065304,-1.4730943,1.1923636,-0.94826937,-0.89217436,-2.1394742,2.1279523,angry
-407.7668,15.000645,-24.58743,-9.472788,-25.396992,-11.937102,-10.836519,-24.12343,-7.307849,-11.810644,-4.6388493,-6.3730645,-3.9850502,2.836199,-7.838757,3.5452702,-3.4210951,3.9772513,2.9485188,3.132888,4.088648,4.6674566,6.1866083,5.730435,-1.3642242,1.8932675,-4.5779953,-0.032081958,-0.036183048,-0.64206064,-2.1833758,1.2985233,-0.4100839,0.9930589,1.2393411,-0.40306565,-2.4735067,1.1366938,0.9529129,2.7332792,angry
-528.4878,31.133266,-17.20927,0.058901295,-10.115177,-7.580793,-6.803401,-20.087488,-12.73384,-3.2724974,-7.8066854,-8.657,-6.535803,1.5542513,-6.7397933,-2.554518,-2.8484707,-2.1972303,1.5350405,7.103567,5.0838184,8.259904,1.5999664,2.7517729,0.19117734,3.1114585,0.08251431,1.299284,-2.1892803,-2.208258,-3.5812168,-0.60198927,-1.2367076,-0.98955184,-2.956778,-0.08103155,-1.8814548,0.7018769,-1.5215124,0.32347575,fearful
-507.02945,31.546352,-22.993292,4.2967587,-10.737333,-10.927342,-6.8250713,-17.421438,-11.11281,-4.3849277,-9.518421,-7.985279,-7.277581,0.19500075,-8.821328,-2.4580646,-1.6785854,1.6746942,7.057159,11.053198,5.3937945,6.2150035,-1.3950491,3.5618963,2.6084666,3.8490484,-0.7835685,-2.205894,-3.6785295,-2.3150961,-2.594456,0.18971884,-2.1946452,-0.6816373,1.0030354,2.1021574,-0.19773339,1.4282873,-0.5062515,0.8717336,fearful
-526.0199,32.08212,-16.444221,1.2066392,-6.341256,-10.493578,-8.82744,-19.769249,-10.227118,-3.6640646,-9.411282,-7.5045295,-9.129199,-0.08589271,-8.662233,-2.9524794,-3.2444398,-4.6102953,2.2631655,11.931124,9.797748,13.963058,4.4909325,2.7887897,-3.5456388,0.69910246,-0.3272718,0.53732586,-3.2713194,-3.3466978,-2.492598,-0.07826349,-2.6011224,-3.9040172,-3.2530112,-0.25557536,-1.5256042,-0.414721,-0.8303713,2.2071886,fearful
-527.27094,31.719595,-13.848503,-1.1958902,-8.069009,-9.256395,-6.9605913,-17.75771,-13.292311,-4.932745,-8.547787,-9.354752,-8.077072,-0.38459802,-7.761464,-4.6511164,-2.8033228,-1.5662763,1.7271185,9.449091,9.995299,12.410448,4.6526136,3.2162209,0.45198452,3.1648154,-0.79038167,0.0077673197,-3.90553,-2.8709197,-1.6111095,-0.81779355,-3.2508345,-4.485649,-2.4218888,0.6685033,-1.8049545,-1.1052595,-0.3179582,3.5326328,fearful
-359.82404,6.0679135,-22.93264,1.2341468,-8.472522,-5.8972893,-7.653265,-21.490486,-8.971197,0.30465746,-3.5083745,0.10852004,12.236515,25.892048,3.0746472,-2.7321112,-4.8756323,3.2600775,2.0529737,-0.12213147,-6.974815,1.0681424,1.3473428,6.6392436,-1.3150113,1.2845454,-1.8264711,-4.739463,-2.3499157,-1.0655687,-1.965514,0.43060514,1.9296468,5.1890798,2.2594337,2.9788814,-0.7639606,0.05179552,-0.6796115,2.4517627,fearful
-418.11902,19.72993,-20.596945,-3.1076922,-12.181423,-6.99312,-5.983654,-15.7119,-12.406744,-6.2918105,-6.9835057,0.056423217,6.0909142,18.455263,7.74112,3.3558874,-2.5252159,0.20650302,3.021978,2.7308552,-2.1434162,-0.7444586,-3.1481762,0.1570614,-0.20998588,3.4951358,-1.0641915,1.0660402,0.1465031,-2.7351623,-1.618795,0.57767135,-0.41198725,0.5139549,0.017671403,1.7506571,-0.90018046,3.0434732,2.5496962,1.3888597,fearful
-399.12408,21.012539,-20.72228,-7.573419,-18.203146,-10.055995,-12.457557,-18.515451,-10.566558,-8.815294,-9.972205,-7.4253435,0.8654812,12.948406,1.158079,6.4877768,4.408386,2.4228563,4.328038,2.1383352,-0.9592675,2.2435644,-1.3159487,1.2967103,-1.9231658,1.5697787,-2.9147298,-1.6080045,-1.3246727,-1.0459087,-3.443989,-1.277442,0.75042653,3.149877,-0.5062519,0.9911034,-1.5061913,-1.1783917,-1.1572124,1.8916748,fearful
-406.77344,18.07407,-20.835596,-10.630311,-14.089199,-12.71738,-10.502943,-16.861208,-9.106918,-6.701738,-7.4663143,-5.6279964,0.6492953,10.467316,3.0376194,10.55306,6.6408567,3.0499668,5.720266,2.872103,0.46468002,1.0457594,-0.8218367,2.0831833,-2.0053518,-1.4340677,-0.78480583,1.8522398,-1.5733699,-2.676988,-1.5124071,2.977819,0.046377856,1.1170805,-1.6874782,2.0509536,-0.4892372,1.9748192,0.46805468,0.93555915,fearful
-555.20703,57.21262,-6.6827416,2.1908119,-6.0145874,-5.6174355,-5.4651647,-10.048898,-14.128922,-3.8305566,-4.2655387,-8.610019,-5.0750103,2.1613536,-10.775888,-3.413005,-4.5130568,-1.8078221,-6.3855915,-1.2817353,-3.2482255,-0.48595676,1.2551501,-0.88553643,1.2255772,1.6279483,0.35130358,2.8278701,-0.55421025,2.4328601,0.8750188,2.6899693,2.6459332,5.1416945,0.12727214,0.6169428,-1.8576388,0.016422566,1.0431079,0.10362866,disgust
-540.7495,57.451565,-10.965014,4.313968,-8.93115,-9.416736,-15.698819,-15.410335,-13.288692,-1.0190953,-8.867582,-8.893113,-4.991025,-0.21895392,-7.591684,-0.05427422,-1.7222949,-3.0328805,-6.473016,-2.502067,-1.4673934,4.1454234,4.495392,6.3783693,4.8188186,4.158898,-0.9272339,-0.5301058,1.7700081,4.1110115,2.2389934,1.6429405,-1.0603987,1.3738247,0.34389272,0.46816435,-0.17441359,0.99233305,0.18944517,0.1705933,disgust
-547.7876,41.715694,-11.511909,-2.8631456,-5.0675383,-11.3839245,-9.973887,-17.28173,-9.743123,-4.6447873,-7.3689604,-8.164938,-5.410431,-2.6254137,-11.291938,-3.6797106,-5.3036265,-4.5854726,-5.866978,-3.2827926,-4.270584,1.8343887,1.5640047,7.32969,6.8575974,6.0372834,3.3971388,4.0677414,3.764315,4.6505737,4.294827,3.7316942,1.0104171,-1.182061,-1.8062261,0.31560218,-1.8753371,-0.31491858,-1.4508194,0.44293332,disgust
-522.34467,33.765022,-9.423978,1.1934887,-0.04586041,-11.616585,-7.7095084,-13.798753,-4.9408865,-1.8195662,-6.541657,-4.934279,-2.6433992,0.26678002,-7.413599,2.0485833,1.8255475,1.6417898,-0.56879115,0.57321346,-0.1834725,7.231925,6.377211,15.024463,9.601792,7.9214244,3.4345455,0.19283518,0.6278516,1.5388521,3.5897593,3.9855216,1.5248836,1.7590488,0.3173956,1.5107602,-0.7058941,-0.16473758,-0.63264513,1.0013704,disgust
-452.95145,32.651737,-10.526318,4.9674473,-8.992641,-7.746106,-6.181382,-16.454895,-10.50672,-6.0297947,-5.049293,-7.143205,-5.303719,-0.31189418,-9.898787,-4.4870095,-4.2425666,-0.87737614,-1.2102833,2.42845,0.07486361,5.021131,4.3810716,8.45128,8.765055,9.087731,4.4582095,4.579812,0.2075713,0.70317173,-1.3722168,0.18358742,-1.5506855,-1.506051,-1.5083238,-0.24895535,-0.8190121,0.71712446,0.4909534,1.0174196,disgust
-471.5354,34.299625,-12.176165,1.1300114,-10.285553,-7.4494677,-7.384598,-12.303572,-14.584503,-5.6082816,-5.994272,-6.5017004,-7.2194533,-0.90883154,-10.167576,-5.7723017,-6.230465,-5.7352905,-5.4371996,-4.3360424,-5.267545,-1.8515811,-0.72670424,5.500862,8.442995,9.081222,7.824277,7.3979735,1.3733556,4.730901,2.908593,3.2953932,-0.3334755,-1.7360873,-1.8811704,1.0483029,0.18904871,-1.4002793,-1.2399181,1.2435637,disgust
-508.0005,37.212624,-13.825322,-3.7663488,-8.18483,-12.606744,-12.474555,-22.11437,-17.837925,-4.466982,-9.882721,-13.122439,-6.4345536,0.18320307,-13.913773,-3.4614954,-4.44499,-7.351692,-6.3268847,-5.4250684,-7.013675,-1.5325788,-1.856573,7.7454925,10.706728,10.715943,10.008808,5.690982,2.7068906,1.6984572,1.9728743,2.220303,0.41716772,-0.14632207,-2.8318217,1.5369788,-1.181289,-0.9059472,-1.6352009,-0.54817194,disgust
-478.96857,35.312206,-13.229903,-8.166583,-13.992223,-11.982153,-14.251318,-20.60778,-16.810608,-5.3947206,-10.756241,-12.549591,-6.376993,-5.7503247,-15.015286,-3.65623,-4.843598,-4.0101066,1.1884727,6.3591976,3.249805,6.5882673,0.39687335,6.268581,2.1073346,1.0153811,-2.4113758,-1.9144018,2.1616762,3.0098612,0.33150083,-0.025873154,-2.2862995,0.17533681,-0.23262179,1.3136199,-1.1541647,0.7922998,0.69884914,-0.4784129,disgust
-585.2633,42.779007,-15.532522,1.5915995,-9.995716,-11.7481,-7.902401,-16.770355,-10.046787,-5.3273664,-6.8419986,-9.658724,-7.2292905,0.06648664,-8.808354,-2.2606153,-3.4149623,-2.339034,-2.41141,1.7750671,0.46157864,5.721568,0.28442883,3.6493852,-0.9299279,-0.9291266,-1.6912105,0.012197749,0.07488393,0.40367004,-2.2361066,1.2064027,1.8124816,2.17614,-0.0053197113,-0.32454363,-0.75526536,0.28009316,0.6389368,0.838719,surprised
-557.3058,40.801468,-15.36685,1.3576033,-11.156328,-12.489708,-7.3892384,-19.6307,-9.957266,-5.932602,-8.30991,-10.263837,-8.362689,0.26582357,-7.458587,1.4824979,-1.4705092,-1.9240862,-1.1854947,1.4908096,0.6573696,3.296936,-1.1285695,0.12149396,-2.976661,-1.7232292,-3.1476212,0.23219234,1.8180417,1.4820722,0.13260712,1.2527279,-1.2984471,-0.87510544,-1.4801213,-0.40593007,-0.92324334,0.5887646,0.90386623,1.3090882,surprised
-520.48883,43.90555,-10.728209,-3.6363175,-11.460335,-15.047476,-11.384689,-21.175383,-9.922588,-6.6292834,-10.311416,-10.642049,-8.107075,0.3445525,-7.888852,2.236393,-2.0349379,-1.0274395,0.5037872,1.4442022,-0.31617525,1.390199,-2.805732,0.10196345,0.55787647,1.0313004,-0.10780994,2.0101242,1.2122655,1.7329994,-0.87585974,1.6911168,0.49855205,3.5561905,0.15049662,0.7933652,-1.2447724,-0.54821694,0.6572113,2.1258206,surprised
-529.48505,40.530357,-16.219902,-4.141689,-14.341228,-13.854885,-9.665213,-23.19809,-10.63065,-4.9777784,-10.598071,-12.017254,-8.937307,1.8197327,-7.697516,3.2029395,-2.753513,-2.710095,-0.18633422,-0.23249339,-0.04761362,2.4328415,-1.1267103,4.6984806,1.0048021,3.4022536,0.3368559,1.8037843,1.1477755,-0.052652225,-0.39713237,1.6963681,-1.450009,-0.6637154,-1.5519562,1.0007333,-1.5984985,-0.1709325,-0.79117227,1.3228852,surprised
-448.65146,32.30381,-24.55306,-3.6700048,-16.212788,-14.173931,-6.203002,-22.756899,-9.252106,-2.6284723,-7.949799,-4.9035516,-0.91603464,5.953407,-5.912276,0.35178292,0.5725689,3.2497215,4.189235,2.430984,-2.1068013,6.5288854,4.081333,4.5391793,0.77846336,2.9738584,0.71087235,0.7403555,-1.3762393,-0.503469,-2.4179707,0.5955882,-0.17643967,2.4255009,0.5391428,0.06213643,-1.1073886,1.6343195,0.07301115,0.19001222,surprised
-468.15817,26.683508,-19.705769,-5.189729,-14.749957,-13.219643,-11.519595,-22.650095,-7.361022,-1.8431529,-4.699174,-2.6214213,-0.9826085,3.1301947,-7.972705,-0.5241654,-1.2673548,0.042374246,1.8413975,3.4751854,0.22873905,5.0540605,1.5965714,5.8145814,0.9524428,1.0125113,-3.128603,0.14595252,-2.1634643,0.11350117,1.6390069,1.1816216,-0.678504,0.8362335,0.16587052,0.35715774,-0.12825382,-1.1360967,-2.1223738,2.410663,surprised
-466.36444,31.485119,-16.640453,-3.6786356,-12.267357,-12.688115,-11.49691,-17.596834,-5.807806,-5.1053843,-7.2720637,-4.159562,-2.189633,3.676234,-4.632765,2.944037,0.4471423,1.155714,4.940711,3.8347065,1.5603715,3.639082,-0.26299906,3.742355,0.086347125,0.9795464,-0.9715884,0.35103098,0.4490629,-2.003467,-0.5716357,1.4888258,0.25814688,2.0502195,-0.39698863,0.9962692,-0.22053581,1.1626688,-2.0531006,1.1830977,surprised
-449.57913,28.988594,-17.052874,-7.1889176,-15.72612,-13.232697,-13.23242,-23.72381,-7.884145,-9.132136,-10.823233,-8.406299,-4.741894,1.7594122,-7.9199247,0.82386345,-2.641976,-1.9881756,1.8333104,2.224521,0.9663553,4.7701745,0.50162065,4.915444,2.3522973,3.3541985,-0.4271913,3.6195598,1.4429045,0.15661867,-0.44046512,2.5546367,-0.37002537,-0.6372327,-1.9896015,1.1987724,-1.277136,1.7761087,-0.4918702,0.2263754,surprised
-683.20856,80.11589,7.9506874,16.284683,12.181481,-1.2977474,-0.38459662,-4.6137404,-1.6473027,0.64858395,1.3426527,0.4865756,-1.4972227,0.01045051,-0.9984098,3.4092314,-3.763811,2.3314457,-0.1712143,0.13380262,-1.7302316,1.2095215,-3.2234464,-0.064507864,-1.1494857,-1.7299141,-0.85409546,0.47635376,0.29117864,-0.5548262,-0.7510869,0.5680966,-0.2208976,0.65893507,-0.30602375,2.5563295,-1.1325935,-1.7660908,-2.7507098,0.1716196,neutral
-695.7397,83.38816,4.2886033,22.024881,12.069267,1.3096907,2.0459208,-5.04809,0.5280884,2.9445667,3.2099996,2.618079,-0.51218134,0.09704684,2.4573102,2.6897347,-2.7791007,2.037472,0.40464824,2.492116,-3.3867095,1.2822728,-2.844752,-0.3989955,-1.6513003,-0.5840383,-2.3266006,1.3225502,-0.11229621,-0.8101406,-0.44025657,1.494891,-0.64344263,1.262161,-0.8827718,3.4018023,-0.18403772,-1.1031245,-4.2203116,0.07047829,neutral
-657.8037,75.42492,2.315494,19.272507,8.47477,-2.3100498,1.2052702,-7.9629765,-8.6742735,2.0465453,0.8297888,0.78153074,-1.5466858,-1.0600184,-0.1431094,1.4662222,-4.6560807,-0.77000713,1.4114498,0.72129416,-5.155921,0.9091228,-4.583397,-1.8041369,-2.2439137,1.2676582,-1.3917316,-0.16317044,-1.142877,1.668172,-0.5978294,-0.26796967,-1.7000895,0.52559626,-0.398991,2.571577,-2.0326853,-1.8429804,-5.2930818,-0.2505237,neutral
-684.44727,80.77175,8.890061,18.919254,9.601029,-0.33280155,2.369316,-9.999909,-4.514511,2.5841355,0.7360922,3.4936616,-0.5338903,-0.7673955,1.4508743,3.65975,-3.544991,1.8237473,0.89193773,0.7954416,-4.7451463,1.7172992,-3.6225905,0.5134492,-2.0351214,0.23813412,-0.26167879,1.1476972,0.019740207,0.7830326,-1.244652,0.98779064,-1.0570837,0.32117692,-0.6997411,2.2100196,-1.106429,-0.44306105,-3.4245849,-0.55624425,neutral
-674.4212,95.66606,9.888722,24.050152,4.6561475,-0.6525095,-3.7607305,-3.1357052,-0.7486284,1.5493907,1.984683,2.6603112,-4.1716304,-2.169063,1.4671974,0.26750982,-6.6910276,2.7715673,-1.6352713,0.5848099,-0.34616077,-1.4601943,-5.170078,-1.1852335,-1.6431972,1.9470114,-3.2680848,2.0555372,-2.2568636,-0.70146465,-0.8396837,0.33525065,-0.25325215,0.0637565,0.949049,0.49171188,-2.5806386,-2.5932243,-3.2558138,0.40787527,calm
-710.1805,89.069275,15.047947,29.010548,3.424437,1.1276283,-0.6494927,-3.8448627,3.122953,1.2556596,1.2580988,5.0989933,-5.385331,-0.21802439,1.3238668,2.0916173,-6.3107142,3.749592,-2.5242586,2.405817,-2.9152083,0.5992282,-6.9203396,0.27205712,-2.1438544,2.6823936,-3.9144058,2.4486942,-1.1148677,-1.4526618,-2.6330397,0.19108264,-2.7081087,-0.49931195,-0.47397402,1.6085144,-2.9575253,-3.028553,-3.5845737,0.96046865,calm
-680.4365,90.967476,13.533754,23.007381,1.0591215,2.8710854,-2.921136,-7.3812475,-3.9798162,5.1298113,2.6269238,1.8693446,-3.1476297,-1.2033362,-0.21438572,-1.3565516,-5.89486,2.4411182,-1.5300887,-0.18139479,-3.172269,-0.28290612,-7.0329995,-0.1667139,-3.5070405,2.032139,-3.9325368,1.2205987,-1.5889031,-2.4830341,-1.3580332,0.36388543,-2.0439768,1.4986532,-0.83277804,0.681679,-2.937122,-4.324815,-2.7051315,0.7654978,calm
-634.97906,89.43026,15.382653,17.808895,-1.1677864,3.5951135,-6.5453787,-7.58592,-4.722134,3.3417535,2.7770166,-0.89209926,-3.9787302,-3.5159879,-0.3814044,0.04498394,-6.977164,2.7429247,-2.2791848,-1.1007825,-4.145547,0.863064,-7.9780235,0.9170318,-5.14587,4.0359015,-3.2302792,1.4213982,-1.4805132,-0.82084024,-2.361372,0.5677373,-2.4107103,-0.22990729,-0.5356582,0.70104957,-3.8273437,-4.0413737,-4.4330735,0.15317562,calm
-648.12683,73.65553,5.658602,29.866892,7.9835486,2.8551035,-4.4021707,-0.80618286,2.0766757,0.81166327,2.722064,2.5732367,-5.528695,1.5999731,-1.0963252,1.2822798,-4.530307,2.7222717,-2.2798996,1.1056608,-4.2705665,2.5091903,-8.387722,1.2442491,-2.0509255,-1.2447656,-4.0350575,4.363172,-2.7423453,-2.6254654,-0.4035215,0.14661723,-0.87735397,0.181562,0.17705727,0.84701747,-5.0295897,-3.552663,-4.7191095,-1.7379646,calm
-722.3941,81.48624,17.606735,27.48774,8.215737,3.9695623,-3.034347,-4.616061,2.3976543,6.287436,4.834673,2.3733494,-3.1851504,1.2146459,-0.9982163,-0.40825525,-3.5634072,2.458903,-1.7831736,-0.419181,-2.641621,3.093766,-7.5237784,-0.0015829233,-1.4769047,0.34083006,-3.5971515,2.620834,0.6792686,-3.070671,-1.2009113,-0.9929137,-2.0354018,-0.13286546,-0.3132682,1.4432354,-2.448676,-4.0226994,-4.0037966,-0.279648,calm
-663.58655,81.218216,21.410618,34.02646,4.073998,0.4237067,-0.7098328,-5.611638,-1.129537,6.85666,-1.3613555,2.8269765,-7.253285,-5.455744,4.3962517,-1.7597721,-7.495929,5.716086,-5.881717,-1.1401598,-2.7350051,-2.1529303,-6.446692,0.8270479,-6.413315,1.5437641,-5.23349,3.2152424,-3.0167205,-3.0133743,-4.333539,0.9660567,-4.656343,1.5083059,-1.0657407,-0.1332136,-4.5243134,-2.3566134,-5.472373,-0.5356928,calm
-711.2174,81.38219,23.835348,31.56183,7.5427637,1.6596617,-0.83115387,-8.223646,1.2901478,8.497894,0.8671277,3.1297174,-5.2756233,-1.6210839,2.1879232,0.17208798,-6.0724235,2.9730084,-1.9456233,-0.5997725,-2.2479353,1.5728333,-6.480112,0.7554799,-3.3504536,0.44915557,-5.6269684,4.1318526,-1.446018,-3.0071597,-3.20581,2.4462612,-3.174123,-0.23238079,-1.0718005,0.4045302,-4.855157,-3.293429,-3.2633286,-0.85441613,calm
-615.56036,84.32394,3.0462077,18.413246,9.7378025,-0.042660993,-2.8383868,-3.327552,-15.305825,-6.1954045,6.0101514,-5.511739,-4.457594,1.1645491,-3.1458127,0.009528439,-5.5419116,-2.0226786,-1.8971221,-1.3818479,-4.2927256,0.31646922,-4.680189,-0.9389807,-3.8595448,1.2978199,-4.725622,3.1760638,-2.7309556,1.6544509,-2.4368346,-2.0100687,-2.8882225,-1.7271953,1.1382916,1.7105448,-0.2936348,2.0739324,-0.5059926,3.152437,happy
-624.78094,72.749016,-1.8665729,15.797436,10.955214,-0.745146,-1.5960932,-0.45805016,-7.306256,-0.7231244,3.8626392,-2.414217,-2.8908894,0.7956609,-3.337749,1.3538805,-3.302054,-2.5587142,1.3105652,-0.51395595,-4.2974415,0.5413893,-4.412429,-2.7646606,-1.2956247,1.143041,-3.2237444,2.5303345,-2.8938715,1.4351951,-1.7568603,-1.4410284,-1.2883128,1.0295093,-0.15844692,2.0847056,-0.9174486,-2.261118,0.7271772,0.47641343,happy
-654.4017,62.341633,8.348094,16.432882,7.960195,-0.2644354,-0.56092995,-5.252105,-4.7181807,-0.757684,1.706612,-2.1657848,-2.6121807,-1.254744,-2.4191885,2.2884192,-3.8662791,-1.0836309,2.26387,1.516732,-2.9222097,0.9078079,-2.9541879,0.35029635,-3.03374,3.527555,-2.4136164,1.1289388,-1.2604135,1.4288514,-1.4158914,-0.19899082,-0.34603235,-0.22533807,0.5844954,0.5882584,-1.13953,-2.6135178,-2.1436265,-0.6424047,happy
-565.5512,84.8312,-0.8304521,14.081361,2.713659,-4.348037,-5.3110905,-7.8719015,-11.39083,-2.2339687,2.1365356,-5.332877,-2.5992863,-1.797867,-3.7877011,-0.7925721,-7.1376567,-2.0915234,0.15706456,-4.3429804,-5.4597487,-1.583935,-7.67014,-2.0324693,-4.1818743,-0.010132716,-4.843041,0.78164643,-4.9607997,-0.18925253,-4.1661158,-2.4339294,-1.8036995,-0.9248577,-0.27909875,1.5663898,-0.6449081,-0.22089787,0.059093006,3.989469,happy
-555.75543,68.38532,2.328142,9.172495,-5.204147,-3.86176,-9.081809,-6.0703044,-13.898478,-11.331163,1.1433471,-9.213189,-7.5386715,1.0727853,-2.603428,-3.4836664,-7.7914567,-3.2850087,-4.4166074,0.16139503,-6.090923,-0.6044262,-1.6849849,2.5472806,2.4256828,8.212393,2.0612419,8.4563055,3.2829924,7.4801826,6.2084436,5.662094,2.530561,5.0800457,4.4101076,4.7615914,2.9589148,2.7357342,-0.7255519,1.7187713,happy
-489.38947,73.479614,-15.83717,2.7159154,1.4895921,-4.7973466,-12.601469,-4.7379026,-16.238493,-9.175693,5.762988,-8.722994,-4.1023264,3.7192028,-5.1107044,-1.5405877,-6.127924,-3.7455466,-5.6690135,-2.1764748,-6.885477,1.7209678,-0.89108455,2.3724563,3.9139316,6.0804386,1.2512164,9.451021,4.491829,8.462133,6.894727,4.685007,0.8554262,6.94551,7.2932854,5.7401724,0.8720852,-2.3170636,-0.54725283,1.8478993,happy
-524.6661,67.00437,-5.318593,7.543246,2.3296802,-4.7209992,-10.043455,-8.662612,-19.725815,-6.7084846,2.7121172,-8.232345,-6.44471,0.38729417,-5.029987,-0.81527627,-6.2208652,-5.096725,-2.6016254,-2.3263507,-7.538615,-0.94796985,-6.2194147,-4.281647,-2.6555927,2.996943,-2.1929564,5.7179523,0.8272245,5.822511,2.1043348,1.4035317,3.0461035,5.7549996,7.401922,4.3912687,1.7174354,-1.1858727,-1.3190266,2.3712857,happy
-535.78357,50.710476,-0.5517029,6.13999,0.7894704,-1.1343924,-6.950705,-5.407034,-11.80425,-10.266758,2.0370517,-6.47861,-6.0859866,0.41855973,-3.0960066,-1.3255638,-4.9374266,-4.815241,-2.5426142,-0.6307194,-8.628534,-1.5082475,-5.629675,-2.5178473,-0.7506002,4.5176277,1.5690504,8.030637,5.198438,9.1818495,5.607108,5.517674,3.7606409,3.7824552,2.7500951,1.422569,1.3987972,1.3269446,0.8799323,2.684449,happy
-752.43567,83.277115,17.33453,23.208597,12.4720545,3.1236532,3.491268,-5.417583,1.9817411,3.6343882,0.60631055,6.3273144,-1.0072156,-0.545992,2.4650629,2.002464,-0.69061667,2.7981493,-0.18629672,2.9252477,-3.6926756,1.3098885,-2.492664,1.7141093,-3.4983723,5.112781,-2.5693367,2.8041239,-0.69853157,0.8705093,0.27056846,1.4735667,-1.1156545,2.9416075,0.2329944,1.0852519,-1.5731888,-0.6629345,-3.3049886,2.3531244,sad
-723.01624,81.57042,9.332833,25.295353,10.58152,0.28163487,1.7170888,-3.8515933,-0.9240301,4.9307976,0.57171667,3.501321,-2.5940373,-0.96057683,-0.18292612,1.8576636,-1.3644607,1.7024951,-0.02906682,2.1666207,-4.1000233,2.0020232,-6.8552837,0.588852,-3.3949347,5.641345,-1.1672263,-0.7822092,0.30052245,1.0719527,-0.63538593,1.103484,-2.9983628,3.1647794,-0.21208543,2.1315827,-3.7920444,-1.3586668,-4.1626697,1.8454837,sad
-744.40204,74.569595,16.432123,20.213076,11.792601,3.585819,1.0344461,-6.428661,-5.298868,5.183695,2.0843744,0.41125682,-3.2288756,0.96493065,1.1987673,4.511404,-3.131455,2.8509643,1.47601,1.8925668,-4.4063315,2.3408036,-3.828554,3.6122684,-2.2876225,4.3258514,-1.1439413,1.5107169,1.0244215,2.3768833,1.7803704,1.9617982,-1.3320401,1.628015,-1.8490466,3.2570174,-0.60863906,1.692865,-4.3122516,2.1664643,sad
-705.97046,88.22225,18.08323,23.318642,9.727595,-0.21643312,1.6553041,-8.4745455,-2.1971693,6.050364,2.7132084,1.5905498,-3.7826378,-0.4606686,-0.28352356,1.0783495,-4.2304792,3.7288868,-0.4813985,1.7679217,-4.9613743,0.8336961,-6.788114,1.5884472,-5.2233963,3.7774124,-2.5836115,-0.15940328,0.2169425,0.4628389,0.6564951,-0.84508234,-1.6358471,1.2177413,-0.064786136,1.003379,-3.174212,-0.9003907,-4.3077936,1.2680893,sad
-711.75494,81.82102,14.259099,22.459244,8.163636,0.09300631,-1.912369,-3.2089326,-1.5636847,-0.61593264,-0.38852274,-0.45390385,-3.3177657,2.3829842,-1.1440105,3.878513,-3.8773837,1.8176068,-1.3078957,-0.50193554,-3.1370096,-1.8121486,-3.5884893,1.4627256,-2.3294463,4.2145567,-2.9064243,-0.28209686,1.4902483,0.24830328,0.22545512,0.002170152,1.0396782,2.1896417,2.543102,3.7147346,0.8743968,1.6460598,-2.5654483,3.7239122,sad
-738.34155,76.43145,5.40453,26.825209,14.252053,3.8751311,-4.680481,-0.9166352,-1.1482059,-0.09870623,1.076764,-0.20369114,-2.0027075,2.0550802,-1.9159682,2.8668706,-0.94336075,-0.102304585,1.4907231,-0.3723862,-2.4470947,-2.7139819,-3.7938104,1.2524853,-3.6064067,3.8382795,-2.6851757,-0.8948261,0.41407508,2.253272,1.0958714,-1.0019547,-0.2544345,1.6202204,1.336507,3.3023193,-0.3031963,-0.24300644,0.31146902,4.732035,sad
-702.34503,64.727486,6.5782747,21.245703,6.9801545,0.16650632,-2.7958522,-3.4525163,-1.4145254,0.054993447,2.3295386,-1.7609766,-3.7314487,0.95165086,0.40615588,6.2903504,-2.925923,0.5339807,1.0351565,2.143042,-1.6367089,-0.27471352,-2.2849998,1.0145555,-3.0054674,2.6867397,-1.5442617,-0.29284513,1.3596195,1.1593213,1.0757705,-0.39795026,0.7051186,0.539781,2.19959,1.7878293,0.12701759,1.5815899,0.8710435,3.270916,sad
-719.63934,78.48221,4.201669,20.219576,11.0728245,0.8772369,-2.6380842,-3.7004147,-5.8450146,-0.09894423,3.051616,-0.35217786,-3.7611825,0.4403868,-0.15038095,6.622667,-3.476284,-2.7898939,-0.29219526,3.4944427,-2.1257827,-1.2346526,-5.5735693,2.502475,-2.3661256,4.6323214,-1.2473539,-0.21047649,2.7524633,2.885601,1.6665075,-1.5145603,0.6940697,0.8025189,3.6898077,1.820344,-1.5677453,-0.71153253,1.2389364,4.9626765,sad
-471.8216,73.18985,-17.26226,8.15322,6.6457286,-17.77074,-6.8509974,-4.6550555,-10.153034,-6.864321,1.4033767,-4.6548734,-3.981052,-0.5895807,-7.8095174,2.3135037,-7.3515897,-3.758615,-3.7725472,-1.4827931,-6.3595047,-1.5937214,-7.2764554,-2.1438396,-1.5690078,1.8696183,0.7236911,2.727482,1.3416327,2.8392751,0.8211788,1.4075242,-1.1473681,0.73086596,-0.7094386,3.4328527,-0.58045244,-0.8993568,-3.205489,0.34579003,angry
-493.3808,67.3282,-5.05812,17.412722,7.818023,-13.104818,-5.4108934,-0.23229234,-4.923486,-3.4260893,1.6969757,-1.7012857,-1.9647301,1.9492762,-3.6386569,1.5589038,-4.2629294,-2.2320468,-1.672288,-0.9760952,-4.664944,-0.66628665,-4.6783504,-0.109270886,-3.4064937,0.55156493,-1.8415377,1.6013336,-0.61418116,2.6927056,-0.18680255,0.63226825,2.0353243,3.6194725,2.2646868,4.538705,1.011357,1.1200006,-1.180533,2.4417539,angry
-553.197,100.620285,7.1723156,11.626086,9.791618,-11.271052,-1.0481982,-9.914337,-9.324497,0.56689197,1.7447777,-0.28099144,3.1833477,-3.5510669,-4.8457074,0.92608386,-8.177244,-2.137191,-2.1900673,-1.6069845,-7.4700027,-1.2633275,-5.880363,-1.0089993,-3.3389957,1.9226534,-4.468103,0.52283764,-3.328642,2.245449,-3.0904734,-0.46458605,-1.0624288,0.15462893,-0.4717989,0.992032,-2.7864206,-2.4788082,-5.0102267,-0.5070489,angry
-487.0108,91.67191,-2.9838383,18.23617,4.0296807,-16.995264,-1.6600499,-11.073541,-9.443446,-4.5588655,-2.0018356,0.24250206,-6.736314,1.5518823,-5.325734,-1.4889895,-9.343845,-3.171962,-3.518292,-2.571851,-9.313566,3.0876827,-8.595023,-3.196396,-2.5934894,-0.7944985,-1.8729231,0.8148576,-3.1434608,2.4823256,-2.613262,-0.7199477,-0.462201,-1.4825028,0.07146764,1.8159868,-1.7727945,-3.773516,-2.546095,-1.8503094,angry
-355.13492,40.105938,-20.779875,1.885784,-1.6893287,-12.328642,-14.00781,-2.7149925,-11.548218,-5.827561,0.4146164,-4.46602,-4.2419143,-1.295707,-8.066367,-3.6222873,-5.3748455,-5.4545617,0.112406,-1.5460263,-0.91844606,4.651724,2.8441384,2.6402977,2.0811205,4.3843064,-0.50033206,2.9825342,0.26262334,4.295534,0.06530468,3.1729841,0.55506915,2.7363276,0.94608283,2.9506629,-0.4090255,-1.1518382,-1.2933248,-0.16919476,angry
-375.87012,45.022762,-11.7193,6.126877,-1.2234993,-11.385333,-11.399615,-4.4835396,-8.429957,-6.4568443,0.686049,-4.382816,-3.3994327,-1.0240585,-7.1475987,0.19539118,-3.5793777,-5.3314667,2.347497,0.6569457,0.95930505,5.894575,-0.04539754,3.95788,0.95513576,7.0028744,3.075339,3.795748,2.6841218,3.806728,3.0741384,3.6869774,1.585274,3.7422588,2.2734103,3.6245408,-0.027783204,1.4707997,0.42369378,3.3545902,angry
-316.6432,36.12791,-12.404955,-3.802741,0.12295274,-12.020206,-16.9925,-2.7771213,-13.083395,-8.780956,4.9372983,-1.6748711,-5.451671,-1.5397911,-4.9928856,-4.614733,-4.9163413,-1.6313553,1.5282443,4.7871404,-0.0074836146,1.7893335,0.39973733,-0.9452232,-0.22373152,5.0385094,0.23235886,1.5280261,-2.1182215,3.0933418,1.6824876,5.0941663,0.83068454,1.1260505,0.7015836,2.8545642,2.8764813,0.8727242,1.7651248,2.0317395,angry
-311.44464,36.88757,-18.497072,-5.2174487,-2.4874277,-11.98015,-15.109613,-0.5333003,-16.17764,-11.962641,5.092401,-3.519993,-4.6457014,-0.502819,-3.6797712,-7.0040555,-2.8859177,1.165005,1.2902447,5.4238524,-0.90904963,-0.33097252,1.1752882,1.656904,1.7275763,7.542025,-0.8181415,2.1234307,0.5790771,1.8638616,2.2475746,1.2076517,-1.5262862,1.381263,2.0620034,2.4139109,1.6645468,2.2195964,1.0016059,0.38093412,angry
-628.2668,62.98285,2.458352,11.831867,2.6929188,-7.5439634,-6.665869,-2.8090553,-1.8664454,-2.3387952,-2.3154073,-0.5895113,-5.569601,-1.5028623,-1.1534064,-2.0218108,-0.65686095,3.279833,-2.4815288,3.052954,-6.4297633,-2.938824,-2.5407126,0.16780949,-3.8852,1.2888371,-2.2136042,0.18247132,-0.31062922,2.4399068,0.42161173,1.7438594,0.8151675,4.0000052,3.8125303,1.7313259,-0.5064661,0.81791484,0.79189444,3.24443,fearful
-628.311,58.544228,3.4927824,13.51305,6.095973,-5.574027,-4.272129,-4.790277,-3.7775292,-1.657524,-1.726997,-0.3442593,-5.172537,-2.3455446,-1.9643022,-0.6450392,-3.2382236,2.6359324,-2.615482,0.285553,-3.751562,-2.313154,-3.096393,-1.7642668,-3.8426442,2.9143178,-3.369134,0.88962173,-1.0026047,0.8261281,-1.1155235,-0.41186836,-1.1981516,1.2800754,2.0867248,2.3661058,2.0452342,2.2808664,2.0019372,4.6868873,fearful
-679.7199,70.8022,7.902417,18.534481,7.3664403,-2.5905478,-2.6286857,-4.0287943,-2.7257109,1.8009287,0.763032,0.61899114,-3.2485812,-1.645399,1.5167497,3.5401127,-3.326161,2.5334933,-0.55420405,3.0347986,-3.959241,-0.85586834,-2.868455,0.961339,-2.1486726,4.460546,-1.8426385,1.9421997,0.21119854,1.8467908,-1.2272248,-0.24690773,0.44302994,2.1433263,0.621353,-0.6224642,-2.0593827,-0.9572935,-0.7873376,1.7575637,fearful
-588.02765,63.802708,0.1112896,11.351795,2.8839853,-8.602224,-5.6872044,-5.5984435,-6.2129993,-4.0523014,-1.6044111,-1.737931,-4.0578365,-1.9579736,-2.9706135,0.71720785,-4.232208,0.9275639,-2.105743,0.09534357,-4.4066267,-4.383976,-2.5377302,-0.7652412,-3.2946007,2.4399204,-3.4397483,0.12270034,-2.0012586,0.5989121,-1.6500645,-0.9551775,-1.6244926,-0.6179366,0.60479593,-1.1788412,-2.1671875,0.057449203,0.50010425,4.3803644,fearful
-441.48837,39.860683,-18.857018,-2.721084,-4.3681264,-9.56207,-15.677084,-10.513856,-9.369233,-9.399928,-1.5839999,-4.005548,-7.419668,-2.3018749,-5.868649,0.10603431,-4.669301,0.8880602,2.6706228,5.3335876,2.2153716,4.1241674,3.1138034,6.0495715,2.465315,8.772069,3.2046978,4.7661076,3.823531,5.665611,5.317719,4.251913,2.7112675,4.7064896,3.0976274,2.2728586,1.7521298,1.4428858,1.2029821,3.027936,fearful
-412.9233,49.706165,-23.333174,1.9297163,-6.166538,-10.27578,-17.955217,-13.342471,-11.340948,-11.688135,0.9393956,-6.5148044,-7.5281777,-0.9941533,-9.855503,-0.9386723,-5.946819,-5.358863,-1.035926,-0.99150956,-3.6526039,-1.0396072,0.2411654,5.057892,4.569127,13.586868,6.101837,10.458355,8.033572,5.297716,3.8525038,4.6318097,1.9401383,5.485177,3.8751342,1.8003626,0.95895493,2.7104785,4.2539396,6.8050246,fearful
-456.7783,37.428814,-12.117611,4.0265727,-1.4264312,-10.553397,-12.058045,-6.426705,-15.79165,-11.055845,-1.2294706,-6.057078,-8.528472,-2.8704567,-8.477723,-3.0872672,-6.961945,-7.464509,-2.7313793,-3.268006,-5.8442044,-2.057801,0.21711986,4.0445113,1.5552323,10.972117,4.883279,6.784484,5.4342427,3.5273488,2.4393377,1.1815063,3.4962811,5.4514794,3.4984097,1.3972185,0.2788766,2.9071093,3.566595,5.475869,fearful
-445.04642,48.667892,-16.501339,-0.07783647,-5.6231766,-8.577157,-15.985108,-13.446398,-12.258996,-14.281312,-0.229845,-7.072303,-11.284833,-3.1681242,-9.332291,-5.646581,-9.568592,-8.342775,-4.91228,1.070882,1.5388054,8.975939,12.570735,11.531199,6.8273034,7.5171833,2.5473156,-0.15830353,1.0608714,4.0307603,2.4843056,2.9321969,1.1600121,2.247676,1.1514411,0.9477755,-2.6946206,-1.6589377,-1.2399791,4.706898,fearful
-653.1183,74.743286,11.642479,23.484468,4.3477297,-4.0320783,-0.91006047,-4.12516,-1.0205766,1.8125539,6.6008286,1.761167,-2.4393003,1.8254323,2.5460362,1.4167223,-3.5827658,2.3910332,-2.3327444,0.42298922,-3.1135654,-0.3499189,-5.865003,0.42350674,-2.9655583,3.9969177,-4.592257,2.2625952,-0.95343286,0.23919804,0.6949442,0.44060674,-0.59821177,1.8999214,0.3067949,0.5982509,-1.8999646,-2.5275466,-3.0485728,1.7964461,disgust
-604.75195,59.676476,7.899751,18.585075,0.888995,-6.9088135,-2.1915908,0.43278068,0.03827491,2.468736,6.9560475,2.9428556,-1.5760972,0.8024069,1.9861227,-1.3045471,-2.6584678,0.80477846,-2.502316,2.405996,-4.588127,-1.6436874,-4.2372503,0.27770022,-4.575337,2.190264,-5.3456006,-0.06816973,2.4399505,0.14307736,0.22727649,-0.15508963,-1.5526389,1.9748005,0.5117678,0.03767853,-2.9189758,-2.1658843,-4.096419,0.8935794,disgust
-651.6042,68.777626,14.133286,14.101429,3.4543931,-3.08766,3.2853196,-8.327943,-4.2653575,0.7089964,8.129375,2.3376436,-1.1995965,2.1092267,0.9635659,0.7729631,-4.3594084,0.96167827,0.45742983,1.4127522,-6.2924747,1.7256409,-5.631009,-1.0629696,-4.0654793,5.2897396,-5.6378183,1.8610265,0.436922,0.82067037,-0.41408315,0.6310227,-2.079004,1.1818271,0.25829768,1.4109949,-2.9368925,-1.1111408,-2.8477182,2.647101,disgust
-628.05194,59.6751,12.327789,13.128221,1.5924242,-1.8022282,0.8758707,-7.686483,-4.5401354,-0.18092464,3.5292811,-0.40883988,-1.7707939,-1.8101516,0.8963619,0.21952514,-3.4444933,-0.3371995,-2.02156,1.8638005,-3.8411567,-1.4677383,-4.3831563,-1.5917594,-4.4077883,4.661913,-3.445148,0.6760908,0.7820432,1.5298924,-1.1742549,-0.16904049,-0.8993137,0.13469192,-0.5476155,0.2749668,-2.2965398,-2.5278013,-3.2000394,1.3109505,disgust
-587.8477,79.35479,5.929632,20.853569,-5.062282,-11.472991,-4.5479946,-7.5211997,-1.3542163,-5.8794794,-0.059941057,2.7844245,-6.779709,1.3634012,6.1905527,-3.8017027,-4.786282,-1.8355192,-3.9625337,0.36216247,-4.6450467,-2.563808,-3.0106714,-3.523237,-2.586988,1.7557478,-7.208741,3.0801299,-3.428141,0.12014442,-2.6941934,2.261238,-2.3455665,3.292518,1.7832091,4.5428,1.5756805,3.9036038,0.32606718,2.8605075,disgust
-535.6434,62.605354,2.3504791,15.126072,-3.7505338,-12.781274,-6.7686524,-6.1014,-5.6320443,-6.9274526,-5.041813,0.7068529,-6.4947634,-0.31239355,0.014165169,-3.7101204,-4.199795,-4.4301705,-3.1688654,2.5210648,-5.7804,-1.1004407,-4.0502763,-3.3023384,-2.9059942,0.84672964,-3.810332,-0.7850393,-1.8475801,-0.3027842,-1.1944435,1.9399785,0.3169663,2.1157265,2.3372574,0.7635045,0.66372484,1.0276462,-0.32687294,3.801737,disgust
-509.55872,72.74213,5.9393,6.4709773,-3.6782916,-10.8966675,-14.315701,-16.728523,-9.576736,-8.123689,-5.7030854,-2.605427,-2.8960369,-1.3582243,-3.3625107,-1.5025792,-3.6843493,-5.0420327,-2.6921256,-1.659398,-4.5858965,-0.45674017,-5.143579,-3.5522668,-7.904986,4.069157,-9.971926,4.145307,-5.450325,0.11927581,-3.9211302,-0.7624839,-0.9212246,5.124369,4.0270834,4.938745,1.4742911,-0.5269752,0.5046137,4.026836,disgust
-526.1586,98.94539,12.082929,17.634789,-11.253029,-13.905479,-6.136877,-5.513944,-1.7437202,-6.073721,-9.471209,3.852643,-3.6325755,-3.5536973,0.1477886,-1.168271,-8.973485,-7.9662,-3.041994,-1.8537979,-6.447505,-0.63329387,-6.4283805,-4.1703715,-3.6499267,3.8394063,-7.3928328,1.7281709,-3.325047,-0.26388845,-2.4938161,-0.044976562,-3.3441238,2.1016288,-2.5306244,-0.34536415,-2.7138584,-0.15335329,-0.82249403,2.1288958,disgust
-593.2153,68.26387,3.8391204,12.8700905,3.504981,-6.221395,-5.7198787,-4.3216767,-5.4080453,-4.559719,-0.7606401,-3.516283,-3.8304186,0.18695502,-3.853095,-0.48963007,-6.513848,-1.0997896,-1.7530355,-2.2828336,-2.949708,-0.8478022,-5.687531,0.7403393,-0.3949727,4.864627,-1.6487195,1.611279,-1.5434537,1.307008,0.8852675,3.1637113,1.5986849,3.9349139,1.8000503,2.2249193,-0.96818346,0.7482044,-0.29851988,3.5080152,surprised
-576.69794,70.7977,-4.6920223,10.290173,1.8627254,-13.599665,-5.765763,-5.589519,-8.863969,-6.6573553,-2.4223037,-5.137143,-3.2677798,-0.9725709,-4.916945,0.5829158,-6.1282563,-3.3325849,-1.4434423,-3.3688219,-4.90584,-1.1445527,-5.4755116,-0.3039587,-1.4372262,2.053538,-2.1694102,2.2600412,-0.32549244,3.9955993,1.6057417,2.9199564,-0.023672543,3.1133165,0.5464264,2.2775297,-0.9159851,1.6493871,0.61875,5.469845,surprised
-620.0243,65.41494,-8.687582,8.904599,3.964465,-12.375382,-1.7013776,-8.527656,-10.939978,-3.0782967,-3.071932,-2.8800209,-1.227978,-1.6423887,-2.8080213,1.7620724,-6.2790036,-2.656263,-1.2125263,-0.5306835,-2.8817868,-0.9791133,-5.451797,-0.033186782,-3.1285954,2.0803766,-1.8120819,2.023612,-2.1801093,2.8094606,0.522015,3.8295295,2.6449351,3.9590096,3.009699,2.9258451,-0.697204,1.0625086,0.62111557,3.9327369,surprised
-573.65936,68.09533,2.3491275,11.767485,2.8264098,-5.401245,-5.9462624,-10.605779,-8.328227,-4.4468164,-2.0668838,-5.7155585,-5.9388733,-3.695359,-2.550093,-1.6650923,-6.8928866,-4.21071,-4.351679,-3.3899226,-5.4040604,-2.87515,-6.0323544,-2.7522612,-3.1800652,2.4807785,0.4112082,4.5767446,3.823514,6.5365458,0.8975019,2.3951497,0.26888856,1.1747826,1.6115093,3.1123648,-0.9512569,1.477124,-0.25695187,4.09928,surprised
-526.99817,51.33487,9.177581,12.58088,-3.9851646,-5.6145706,-5.204619,-9.589814,-6.2201905,-7.9339027,0.057652988,-5.6449685,-9.975749,-1.8429372,-5.432497,-5.307286,-5.585113,-4.5079713,-3.7034833,-0.619939,-4.646801,4.9484544,-2.384415,1.3736688,2.0225854,2.7219622,1.2605615,4.8249474,1.1828744,5.0491786,0.07444814,2.3523648,-0.23626392,3.9273047,3.5427468,5.235084,0.76672864,1.2708187,1.7139256,3.345207,surprised
-501.09952,66.651726,2.328235,6.046338,-7.6732635,-8.615062,-6.8593974,-5.295125,-10.181433,-9.083936,2.6528342,-7.0845685,-8.110181,-0.9521965,-4.9307637,-6.4291906,-5.4240212,-0.17453238,-0.42477876,6.0561028,-1.4285603,3.0660434,-3.6965106,-0.2927962,1.0443553,3.497345,0.0044203834,5.4070153,0.95141965,5.0546584,-1.1216556,1.0087022,0.7623088,6.6878586,7.0843062,9.535935,4.347722,3.14194,1.5644222,4.7528615,surprised
-540.6552,53.901096,-3.8712046,4.242713,-3.7325363,-8.069958,-8.878204,-10.070619,-11.589416,-7.2094655,2.1400795,-5.714873,-5.6767955,-2.387654,-4.6914716,-3.2571185,-7.961827,-3.5313644,-0.9839604,-2.1303053,-6.5694346,-0.9281035,-5.5039153,-0.62456906,-0.63047504,3.9928823,1.6009082,3.8581054,0.21203765,3.7579365,1.0985962,6.124026,4.6557083,4.6986294,4.0137897,5.4616823,3.679792,2.4275894,2.6404781,3.4473095,surprised
-561.3537,62.289978,3.395826,5.8915277,-1.3028572,-7.6804924,-4.6748114,-9.09594,-11.438545,-8.93471,-0.9380945,-7.1051373,-8.013844,-2.6792924,-3.9925542,-2.9776928,-6.85069,-6.9533954,-3.164118,-2.8350177,-8.132962,0.33481467,-6.466834,-1.4719063,0.057533264,2.2304585,2.177937,6.738484,2.5231555,7.5424757,0.059739273,2.1135244,-0.040940035,2.0040123,1.6183755,4.565883,0.16861916,2.2215848,1.0933286,3.489279,surprised
-706.3298,60.14033,-19.434261,9.091708,-0.15336709,-12.129916,-10.871417,-11.498452,-8.886056,-0.45218182,-8.3094635,-4.318932,-9.137136,-5.3240476,-8.168272,-3.7996104,-6.00203,-4.951735,-6.5363717,-8.745141,-0.9844037,1.5357205,0.48457333,2.4957101,-0.9012298,1.0810975,-1.5394344,2.427717,3.9736352,8.262759,4.5843806,7.6215386,3.6422026,6.947643,4.213528,5.037648,0.84329975,0.10139051,1.0213423,4.641621,neutral
-662.3906,65.0332,-21.44716,13.457068,-0.22342737,-15.759539,-11.146877,-11.444263,-5.4572134,2.0289953,-6.787421,-1.2072202,-8.397198,-2.1952586,-6.190882,-4.371808,-5.809776,-5.9118495,-6.1472945,-7.2919073,-1.0882785,-0.11005789,-3.1241431,2.8499334,-2.7721446,2.6220644,0.8816967,7.622735,5.310739,9.992103,3.3751163,7.6571336,4.8148537,10.632425,8.358218,9.5897665,2.4446964,0.76843333,2.481927,8.694614,neutral
-671.7243,58.98317,-12.886484,10.50609,0.32054552,-10.389453,-12.84304,-11.062455,-7.2280703,1.684785,-7.825579,-1.5707276,-4.898367,-4.8971367,-5.2568555,-3.7037716,-3.67797,-4.2867,-4.4123335,-4.9977183,-0.6143947,-2.9658012,-3.9941597,1.8879844,-0.44842517,3.4131615,4.8420367,8.218216,4.5479527,5.972242,1.9271692,9.018107,10.065754,12.101474,7.4151187,7.0804687,0.76815104,2.5862687,4.133128,7.452796,neutral
-676.3143,62.1007,-16.739857,9.095532,-0.4985169,-12.43624,-13.584095,-13.039473,-7.4712224,0.008557214,-9.708541,-3.018765,-6.8274045,-4.9412756,-5.3219395,-4.9896717,-3.342099,-4.797679,-5.8290043,-5.8442483,-1.3615605,-1.8791825,-4.4214735,0.010274657,-3.0810661,1.9919463,2.0027406,8.63196,6.538505,10.11622,3.3172667,7.816885,6.874759,10.764804,7.0616484,8.760668,4.546462,3.8358529,2.25393,6.1103745,neutral
-676.25287,54.015865,-4.6994824,10.527398,3.1262298,-12.533907,-19.645565,-9.8714075,-4.209234,-1.7800537,-8.054156,-7.5857673,-9.310243,-2.4902139,-6.20051,-2.2352412,-9.580209,-4.211346,-5.532698,-9.207961,-3.4316628,-4.5197234,-8.019432,-2.321314,-6.1084566,-1.0721632,-1.9257771,4.0055323,0.58462477,5.7286873,0.50114936,7.0201697,4.969889,11.604991,9.041897,11.025708,7.1505876,8.048247,6.8281035,8.391506,calm
-679.31384,58.27862,-3.8992019,6.9361897,2.2464995,-12.87162,-20.076777,-13.903839,-5.5121145,-3.2746928,-7.6318083,-7.4172935,-9.903373,-3.6699746,-5.751635,-3.9792104,-10.079826,-5.6402326,-4.215826,-9.971174,-4.80294,-3.1012514,-8.730544,-1.6294605,-7.9842706,1.9801072,-2.141692,4.0950394,-2.2606697,4.772653,-2.8155632,6.0095177,6.188188,16.339672,11.945796,13.360901,5.7117524,6.7601714,5.787447,7.5852623,calm
-635.28394,75.097374,-7.5339203,4.614744,2.0076597,-11.022589,-24.65646,-16.07847,-5.9302983,3.4737296,-8.713412,-7.294975,-7.500057,-4.5686345,-8.122636,-0.50707716,-4.471814,-4.467357,-4.216688,-7.4625444,-1.6012113,-1.5594648,-7.2297244,-0.643669,-7.9809055,-1.3138691,-5.1376495,2.0367122,-0.545652,9.246628,3.442597,13.715921,9.041442,14.837819,9.905024,15.171737,9.835121,13.000535,6.5344377,7.6648264,calm
-630.9871,72.410995,-4.8991623,-2.7492442,-1.0355906,-16.184055,-25.449188,-12.453522,-5.143613,-1.7665011,-12.7886305,-3.1093032,-8.244748,-10.324968,-4.105283,-4.355588,-7.988163,-3.6989894,-8.401704,-6.737051,-3.9533236,-2.8545547,-3.864113,-4.115875,-6.417427,-3.5756912,-1.8300605,4.5271163,4.1311026,10.281334,2.8384223,7.662243,3.1593258,11.368463,5.858722,11.829167,5.440118,5.322168,6.4287763,10.0066595,calm
-648.3792,56.00422,-6.0706506,10.855719,-2.315841,-16.161518,-14.8958645,-9.40612,-3.6288097,-4.7783556,-5.5427585,-4.0317445,-9.528861,-3.330491,-6.5323887,-6.118765,-11.629998,-4.9512916,-6.166984,-10.92196,-4.2415733,-5.945089,-7.598815,0.9603215,-5.3967733,2.8787344,1.1566414,6.6534514,-1.1972116,2.7206657,-3.2402132,6.3513823,4.765998,12.166475,6.9054823,9.107458,6.6378546,8.449037,7.6316733,7.0742083,calm
-649.4871,58.931522,-1.5851413,9.228352,-3.3619506,-15.131241,-13.865266,-9.621253,-5.1197343,-4.7093835,-5.354632,-7.255541,-8.292381,-2.241055,-4.859558,-3.7548254,-9.697428,-4.183658,-5.224475,-8.03956,-1.6006914,-7.3679867,-7.4636455,-0.88883,-7.2870617,0.81493294,-1.3697996,5.6374555,1.3374704,7.886866,-0.28798404,7.3105426,2.7176428,12.70867,8.644118,12.498679,6.6080866,6.6264753,5.784122,10.988472,calm
-652.15466,64.432396,5.4103847,-2.0910068,-5.105764,-13.567834,-19.416143,-16.849888,-8.966168,-3.6400502,-10.90551,-7.9631414,-11.447142,-8.715383,-8.372789,-6.9611125,-9.652406,-6.3045287,-10.4876375,-11.425452,-3.9669857,-6.3763676,-7.2380724,-2.3406334,-9.641485,-3.42264,-2.8711016,4.7074504,1.9408705,9.990516,1.8419363,10.98587,5.0213156,11.345059,9.723655,13.276784,7.2762833,6.0484447,3.3221276,8.344118,calm
-667.5837,68.896835,4.6460757,1.9907193,-7.922241,-12.432923,-13.628147,-11.956855,-13.50095,-3.1572585,-2.5870433,-8.39352,-11.476153,-1.7416196,-8.210607,-4.8334436,-7.521361,-2.0956707,-5.3900824,-8.404394,-3.3750029,-2.086531,-8.731354,1.573457,-6.213516,-2.1192842,-3.7717032,3.5073345,0.11276949,7.781602,4.1054077,11.89102,7.532979,13.81948,8.893716,15.5316725,12.408378,15.918686,12.187434,10.67417,calm
-583.93536,70.9353,-45.071102,15.83519,-0.09271991,-26.652546,-18.323881,-16.488724,-6.087163,0.21036494,-16.380823,-5.2326612,-4.398149,-5.9219165,-1.9480807,-9.205743,-8.569535,-2.4458594,-6.71137,-5.777552,2.387872,-0.72431815,-1.2973548,0.68255335,-2.4630654,2.471557,1.2945688,6.554868,5.657999,10.79511,7.807499,11.360809,4.254094,8.175553,5.601348,5.6736417,1.9798439,5.265414,5.7096925,6.488723,happy
-532.8213,49.90362,-60.20825,8.730685,-3.7879362,-29.274282,-18.611801,-19.870785,-12.945548,6.4428754,-20.346067,-3.8565936,-6.6358304,-11.458399,-3.4321468,-11.28294,-8.218287,-1.6090533,-3.4208162,-6.1960297,1.4345691,-1.6725193,-1.2562913,1.4633292,0.13705538,5.388706,7.498504,12.328483,7.2654343,6.2620826,0.9026614,7.5222287,2.6615477,10.980021,4.280436,6.389965,0.6520347,2.3324163,1.2777752,4.137022,happy
-611.27014,51.91439,-37.75557,8.258629,-5.115339,-21.364027,-16.023663,-19.374647,-7.5863647,1.0177174,-17.337543,-3.201148,-6.1403613,-10.458742,-5.243429,-7.430624,-10.341215,-1.7955631,-8.836737,-6.991708,1.5232304,-3.6630037,1.5397884,5.888979,1.937398,8.063143,2.9961398,6.6111264,1.0983174,3.9410713,3.739257,12.782814,7.116914,10.314944,3.0283036,4.5603476,4.746416,6.7721167,5.5058174,4.745722,happy
-592.4097,48.555523,-31.893524,6.184257,-0.9616812,-21.416729,-12.1362295,-17.29013,-8.314207,2.8273718,-12.531035,-4.2954,-4.533715,-9.086,-4.4801598,-6.1814213,-7.785417,-1.4230006,-8.409215,-8.910614,1.7425731,-0.46320903,0.7037389,6.6595197,3.6869252,4.9567,2.5203605,3.3396616,3.0670116,5.061124,4.2337894,9.63759,2.8564327,3.8823326,0.9927816,2.334342,2.9895418,1.7138237,-0.73401165,1.1484833,happy
-400.14087,17.552286,-60.948368,-5.390624,-4.7498446,-22.322075,-28.187683,-11.351715,-18.035948,13.265836,0.34868142,17.15589,21.93398,3.9413254,-0.74494874,-9.697655,2.4337552,5.5477347,-2.9634986,-6.222142,5.228407,9.913653,4.7081294,3.8401499,-2.341127,2.4078555,0.23934749,-0.64009213,-0.736883,5.564893,1.1484698,5.324578,2.9012086,7.2882085,5.051438,4.141016,3.9082515,5.2392483,3.6886451,7.120643,happy
-424.0748,15.630322,-57.98665,-6.7956686,-9.080435,-21.462555,-21.137383,-13.034548,-20.509403,3.42869,-12.733151,4.9999743,17.83971,14.735362,12.270733,-7.4824347,-4.257742,3.1740375,2.5391703,-1.9459108,-3.2436395,-4.874751,2.2210464,7.3989196,1.2104456,1.517153,3.2441175,3.3929472,-7.237347,1.24109,2.221157,5.904544,0.063048124,7.2405486,3.418953,5.0806146,1.6964004,4.3008785,1.3715923,3.3995998,happy
-421.43903,12.218252,-58.776226,-7.560285,-9.301987,-27.60809,-20.57959,-17.206974,-14.861433,3.0351102,-12.588216,8.335327,17.316053,20.074232,11.962634,-4.081229,-5.598439,-0.9154867,-0.9592034,1.1282367,4.082808,-1.784638,-0.23088878,7.0194182,5.783514,1.6444939,-1.1752803,7.390934,-1.5962801,-0.05555866,-2.9676285,6.8746686,4.939044,5.715486,2.512949,5.942437,-1.070528,5.3042836,7.8701563,3.432176,happy
-420.08685,25.063395,-53.83396,-9.290799,-6.743671,-29.793379,-19.570507,-15.641652,-12.620737,2.6723187,-12.902962,7.7272778,13.976527,17.83082,12.233657,-4.1424885,-5.8494883,-2.2520745,-3.3766148,0.162779,2.6951578,-0.52135694,3.8716393,8.365545,6.8653636,3.161237,-0.7473989,3.6924405,-2.337857,2.563562,-1.5226346,6.4310985,3.843093,6.703205,2.439634,5.802244,0.42770258,1.7297642,3.7009296,4.0097938,happy
-716.1458,61.616917,-2.9861784,11.513777,3.891085,-6.3119526,-14.16381,-9.603698,-4.687795,0.5091205,-4.221961,-3.6930082,-4.9729004,-3.360335,-5.9726458,-1.4518952,-9.662294,-0.6299153,-5.440891,-5.4694986,-2.305455,-1.5344882,-5.081971,2.8294477,-2.3920238,2.9179277,1.5705802,4.306136,2.076493,8.823998,6.926772,16.71979,11.608596,11.972664,3.8903248,1.0994765,0.7100703,3.0584373,3.6998146,4.5712543,sad
-694.06177,65.93008,-11.013687,14.514137,4.584742,-12.70442,-15.508052,-11.985724,-5.4113364,-0.46276692,-9.003757,-6.0895333,-3.650147,-3.4367423,-6.8878083,-4.298832,-10.181173,-2.6294472,-6.5045834,-8.787699,-2.3538504,-1.7634976,-2.814733,2.0849867,-2.5416527,3.8597865,4.064201,9.143441,4.4153433,8.606491,3.6921976,14.607904,10.045753,11.724269,5.187352,2.5235338,-0.3768066,2.0066016,0.7224802,4.483597,sad
-685.59393,58.02541,-4.9811707,1.3142672,-1.5667167,-12.401314,-14.706235,-16.00211,-8.114615,-2.4015958,-8.171018,-3.8766003,-6.3850327,-8.599738,-4.1696906,-6.8555446,-8.962624,-3.0907145,-8.397813,-8.851115,-3.83283,-4.209989,-6.022879,0.017463744,0.40770778,4.534826,2.6468077,6.7930713,-0.17565535,4.1743937,1.8954948,10.818782,8.780396,10.34563,3.1026273,1.4322451,-0.09522486,1.9882736,2.0276227,1.7106473,sad
-712.4862,61.54517,-3.8656597,1.7540433,0.9088377,-11.522642,-16.388227,-14.119746,-7.8504663,-1.5822371,-8.141173,-4.113889,-6.5612764,-7.0301595,-4.5328536,-5.8882904,-10.351065,-2.8682795,-7.4796314,-6.6228557,-3.9780138,-3.542771,-7.423106,-1.8250736,-5.1057863,0.40188318,2.1691096,11.0076885,7.6228795,11.440602,5.9647593,11.0674095,7.609114,11.029357,7.2473598,3.8797774,0.46373105,1.7185825,3.6269472,7.076903,sad
-429.17813,19.874422,-54.156475,5.485236,-3.7118015,-29.098404,-5.320965,-18.65155,-12.342257,8.997304,-16.682087,3.2967424,7.5340924,3.265514,17.196339,10.708281,14.91692,13.12169,-4.450183,-14.332082,-10.29412,2.086674,5.821392,-1.2481314,-14.510429,-4.59549,-2.1757832,3.0675862,-9.033609,1.8995572,9.305566,18.191301,4.713489,5.7853985,1.9522424,4.547383,-4.6185513,1.1316633,3.961115,2.3445663,sad
-634.6601,42.046997,-22.392464,2.822299,-8.649829,-22.569782,-13.5887,-19.604643,-9.577629,4.9378905,-9.161272,-1.0002248,-1.0143074,0.2816019,4.49868,3.136955,1.0876423,7.705249,-3.7704055,-4.4843554,-0.9198696,0.43331248,0.86062986,1.851248,-4.355372,1.5520841,-0.26837626,3.7100906,-1.4953713,4.0837927,0.597871,7.254773,2.7126849,8.693832,2.9095948,5.536796,-0.19539481,0.99687546,1.5613029,5.026061,sad
-406.5839,34.887222,-30.843277,-3.5089655,-12.661346,-25.015118,-9.095779,-19.171455,-11.210401,-0.08035701,-19.477606,-7.359431,3.9390156,9.441925,15.70371,12.985251,11.557812,7.447176,-8.2427435,-4.773381,-0.99323463,-2.0162122,-5.1996436,-1.5878582,-8.478564,0.8439241,-2.674289,0.65111125,-3.622096,5.2937565,-0.5675446,4.852078,0.015629344,7.3225603,0.6648354,4.8365602,-0.6942727,1.8630148,0.44128546,4.3912807,sad
-493.41525,36.268204,-42.516476,1.8749024,-9.532278,-34.663937,-19.686163,-25.948702,-14.857104,9.536668,-21.090246,-1.3529854,-2.7753243,-12.321766,1.6178521,-15.940116,-2.4382443,5.1804442,-0.41897818,5.198809,12.596082,9.537863,8.967862,10.6933155,0.36501512,-1.105915,-4.423795,1.0417659,-2.3866644,-0.020061316,-4.1446123,0.21954012,-0.038305547,6.8373027,-0.35702842,5.0707655,-0.9564892,1.1260676,-2.9542184,3.9554236,sad
-575.2272,50.50074,-23.563337,9.577182,-4.9764752,-14.427736,-11.699314,-12.788005,-7.338659,-0.3307629,-9.425301,-4.839711,-4.034014,-8.107387,-5.527712,-5.5241137,-8.419676,-5.764329,-5.0716395,-4.896951,2.550504,-0.23173665,-1.3235607,0.22697613,-5.65166,1.6886656,0.71858144,7.2600713,6.0393105,9.080532,5.481319,10.28411,3.6272027,6.1119065,1.9350431,3.5575974,-0.31603765,-0.24072929,1.1184777,4.64731,angry
-548.161,63.790504,-16.404394,17.346886,-3.6217632,-14.097577,-10.781742,-13.800663,-8.884479,2.04975,-5.99441,-2.8541853,-6.6232514,-4.8770432,-3.1016767,-3.9931898,-5.7842464,-4.099304,-3.2279387,-1.0966706,4.1244464,1.4015336,2.0646174,3.969991,-0.64784896,6.7250295,1.6337788,8.155024,4.263746,11.342545,7.5205164,10.318439,3.0124013,4.613544,2.5207233,5.377267,2.3544054,0.98152196,0.9330425,4.9109344,angry
-502.61285,56.381832,-28.529232,2.198373,-11.657724,-26.352453,-13.788398,-20.807655,-11.686605,0.6953146,-11.6465435,-5.2918487,-9.4849615,-7.3715444,-6.7643466,-7.855421,-7.3795304,-8.550378,-6.2033787,-8.308434,-0.87401175,-0.6584867,-0.35930997,5.7175274,3.9198225,9.5039015,5.4501605,12.256845,6.1875863,9.382055,-1.1769043,6.745726,2.303661,7.906872,1.9418066,3.3074248,-2.525783,-0.25941357,0.40998113,3.6297808,angry
-498.51456,42.163143,-18.975075,2.400416,-8.649445,-19.222876,-10.792873,-12.819251,-12.384092,1.1116728,-8.388286,-4.9190993,-6.605206,-5.4061303,-4.70087,-9.23607,-4.5264544,-6.6597385,-9.414615,-9.102516,-3.1294556,-3.6100285,-0.18242118,4.6933594,7.0614305,10.718975,7.569013,12.441871,2.4965262,5.1002345,-2.961492,4.464244,-1.3064129,4.2480273,0.60994595,3.2170153,-3.2685957,-2.4799945,-1.899588,2.414791,angry
-287.23285,31.437834,-59.200863,-13.49442,-17.85698,-26.830845,-11.792944,-17.322739,-11.436541,6.3737936,-1.6572465,14.064386,13.966881,7.888791,-1.2596594,-5.968421,-1.998992,2.1494284,1.6938783,-3.6272008,0.12548265,4.014517,7.400238,4.742991,3.605818,1.6875664,0.5218344,2.0859113,-4.511075,4.62127,-1.9035835,2.9545653,1.6549888,6.0569863,2.3208816,7.661496,1.6307402,2.3649719,-1.2598498,1.9429196,angry
-285.24332,29.088696,-57.577328,-10.073125,-16.92008,-25.189367,-11.681596,-13.950974,-12.010495,2.0583022,-1.9138207,12.807534,13.303428,10.214436,2.3982203,-3.3159635,-4.1855745,1.4019867,1.4194993,-4.6843944,-1.011191,1.6983243,5.504619,4.3515267,2.7251382,2.5785453,1.9630055,3.3915076,-3.5173478,2.6325243,-1.1081321,2.178132,0.24543317,8.489126,4.4595857,7.715391,0.56130624,2.3802557,1.2151942,4.1225266,angry
-287.99902,27.925705,-50.5102,-16.089033,-18.669031,-31.58107,-8.573649,-18.732924,-15.81226,1.7789868,-15.124567,-1.8654267,2.8102064,8.44866,14.829995,10.491137,5.673111,-1.6649482,-3.3710458,-8.56871,2.8937855,2.5661798,-0.7584673,-3.568041,-0.014730953,1.2395111,-0.8151301,4.816502,1.0857515,8.537882,-0.7796103,2.298292,-2.126486,4.82392,0.06250165,4.0660276,-0.45431882,0.75809926,-2.1112022,3.6762774,angry
-307.7972,25.287563,-52.18674,-8.692821,-17.964619,-27.59239,-5.018074,-19.106995,-17.042376,-1.2023231,-15.161808,-0.48435608,10.565678,21.442398,20.167322,9.878861,-2.1292458,-10.349214,-2.5210745,2.0180874,5.86746,-6.7984467,-8.925309,1.3163465,7.413733,4.921366,1.1495163,9.541543,2.7578669,-1.520138,-5.3538947,7.21305,1.4893392,2.1051776,-1.3342742,4.5917377,-1.6439391,5.4371295,5.1914344,1.8671411,angry
-648.8484,52.76597,-8.418155,0.8123869,2.0871155,-9.855151,-10.548691,-11.066402,-6.4507604,-2.2922537,-9.322489,-4.9636345,-8.279473,-4.798618,-5.316144,-6.1426244,-9.044789,-5.3436737,-9.469341,-6.1654673,-1.0100889,2.0652611,4.427085,9.153943,6.3951287,8.788443,2.875329,7.77529,3.914514,8.697414,2.9560933,6.9090447,4.2953076,7.3182693,2.7980099,2.9940112,-0.7061869,0.12798046,0.40061522,3.6226661,fearful
-629.10284,58.114357,-20.214605,6.583482,2.7016315,-12.330255,-11.143167,-15.74327,-4.6648993,1.4425099,-9.982945,-6.872629,-3.1016734,-2.7025166,-7.4524546,-4.613207,-8.905464,-2.2514253,-7.380881,-5.635718,1.0973278,2.8203874,1.047111,8.324156,4.124916,7.018837,2.7486522,6.0000405,2.8421702,7.572147,2.3223035,7.841312,3.8961215,5.2963715,3.5511131,5.6895237,0.94610924,1.7798313,0.85842866,4.1405563,fearful
-614.11505,54.888027,-19.119352,-1.358177,-2.2670264,-20.965673,-15.673805,-19.2397,-9.562742,-1.6467818,-13.534072,-5.998801,-10.255102,-6.1563745,-4.859174,-8.798197,-10.175632,-5.4291124,-9.731374,-9.502188,-0.42678463,3.7806566,7.3397236,16.019623,13.434388,13.556409,6.0398126,7.4703197,2.211398,7.634676,2.1918352,7.6945114,2.58161,6.095584,2.8737938,2.3919008,-1.581569,0.89368105,1.3899919,3.445202,fearful
-625.53174,50.6213,-8.563544,2.770157,3.8842218,-12.924179,-14.106725,-11.794921,-6.253905,-1.1720543,-10.228435,-6.011623,-9.113598,-7.265073,-8.263798,-8.484743,-8.567916,-3.6295152,-7.1187935,-8.719784,-2.8583627,-1.5424936,2.4563468,8.999485,7.740667,11.842247,6.2142324,7.469638,1.0959933,4.3609686,1.6504534,7.6189156,4.4241548,5.4200625,1.2929767,2.863379,1.6725917,2.4617746,2.1578863,4.2509217,fearful
-347.91794,11.505928,-62.75223,-16.866285,-18.279125,-21.688126,-25.568502,-12.100191,-9.474497,20.77579,11.016515,16.902634,14.609606,-7.2992635,-9.810822,-9.287049,1.2658883,6.5810847,-6.570016,-4.209984,14.099842,5.119627,-2.4301295,-1.9762524,-3.3602164,0.36502105,-2.9861841,4.2393055,1.5291299,4.10446,3.0376673,5.837349,0.64765906,5.6125216,1.6558284,3.4802828,-0.426053,2.043784,1.6911943,5.436642,fearful
-342.28876,5.3894916,-60.141006,-15.030254,-20.013605,-26.486977,-21.75577,-3.419012,-4.5042415,24.611958,14.337329,7.924848,1.9732995,-9.514994,-11.695231,1.122679,2.4468074,1.7652832,-3.3211515,4.342084,10.613685,-3.6936219,-7.7145724,0.39308777,-2.306066,0.050041024,3.5779512,6.217222,-2.0069556,5.6024795,2.6910338,1.0268974,1.9366102,7.6026673,1.5080789,5.7950583,0.5581841,1.6419328,2.23723,3.2303405,fearful
-359.44894,12.834175,-54.737537,-17.304161,-16.75364,-30.000267,-24.831455,-12.90527,-13.050646,14.822564,1.2777354,10.621828,13.961166,1.2526367,-5.702261,-6.0854416,-0.21005836,1.7406138,-11.051799,-5.9584055,9.590939,3.4007099,-1.6370735,-1.6793027,-4.8235893,1.6676248,-3.5280995,2.4068148,0.7059422,6.309654,3.5486042,4.371516,0.9896509,5.08238,1.7393829,4.5340495,0.91811335,3.7328591,0.42101523,2.306598,fearful
-302.57712,15.327162,-58.25592,-27.504232,-16.68723,-25.615416,-18.816828,-0.123757936,0.0743481,27.000422,8.377723,0.05036128,3.3423107,-11.194617,-3.857452,-0.24007177,-1.4578923,3.1623302,-1.412546,4.5277104,12.71903,-2.733326,-6.669473,0.5374989,-3.353712,0.36355925,2.628177,4.78471,-2.9535315,7.1217856,5.7023106,-3.5174518,-3.503526,5.211394,1.9921737,6.7675977,1.6287246,2.0339143,3.4970016,3.1346624,fearful
-648.62177,67.37001,-6.9922543,3.6857572,-4.5213795,-9.742316,-17.245056,-13.6984,-7.393235,-2.9011672,-6.8319683,-5.027176,-10.699637,-5.57164,-3.5091906,-6.092803,-10.756361,-2.2619557,-9.66444,-6.022562,-6.0265284,-2.1025789,-5.3645515,0.7818972,-2.9079459,-1.5841635,-3.6058722,3.3961036,0.5640552,9.056532,6.250925,11.560791,5.1685066,7.800359,1.1682223,2.7406301,-0.7131206,5.158019,1.2585524,2.0661654,disgust
-652.6673,52.039516,-0.86760736,12.986099,-6.735246,-5.2230062,-13.310241,-12.041476,-5.562234,0.07476548,-8.694894,-1.1112105,-5.8539147,-5.720829,-0.31275153,-6.420785,-7.1050134,-0.7620716,-8.167301,-5.67976,-3.0406594,-2.7465134,-2.6480966,-0.14951189,-1.2224708,2.3156781,-1.6876354,5.45483,1.5354221,6.694246,4.486466,10.17521,5.7965684,11.180369,3.3113601,6.453081,2.7488997,4.4959097,3.965582,5.682311,disgust
-716.94086,50.934074,7.961104,-2.9465806,-4.1113715,-3.4564261,-20.828632,-9.525712,-5.958018,-2.3628898,-8.135285,-1.8107486,-7.3885355,-6.136181,0.26775864,-5.1843286,-5.1811748,-1.859511,-9.237517,-7.3495708,-5.777007,-3.0292997,-4.8793793,-3.0896218,0.047135103,2.549541,2.5632913,9.207366,4.573302,7.230599,5.23161,9.0302,7.833031,9.1409445,2.674179,3.4174101,-0.5888753,4.517396,1.4893589,3.4503357,disgust
-662.9948,50.75561,-1.1445683,-3.0218656,-0.65172476,-10.087546,-23.24784,-13.576658,-3.7990751,-5.5110464,-13.057546,-1.6008648,-7.9866033,-5.8198986,-4.445606,-7.5016327,-5.957838,-3.6485755,-10.383254,-4.496325,-6.127809,-2.6878176,-7.742458,-3.80215,-3.606709,-4.4988093,-3.9846914,2.4841921,-2.694234,4.0585866,3.6824234,8.94924,9.960959,15.052117,7.821871,8.258554,-0.7827335,4.1066904,0.9647005,7.135149,disgust
-491.93777,36.597103,-25.5236,3.3106432,-16.992346,-25.485983,-15.0508585,-9.676586,-13.233858,-3.8763418,-10.781252,-8.509323,-12.389148,-4.6147537,-5.3984575,-4.526567,9.096749,7.6228285,14.945294,9.3418255,3.6901522,3.244336,-2.648815,3.6603048,-2.7864962,-1.3984563,-4.584646,-0.09788466,-6.284607,3.330317,-0.818111,3.4925222,1.0798414,6.940395,2.382568,5.2429814,2.3670177,5.998469,1.4016685,0.9115489,disgust
-602.02423,52.789524,-30.539017,0.2244974,-15.320363,-20.28431,-16.047678,-12.438195,-8.670348,-2.3843477,-9.695857,-1.9248915,-12.022316,-4.062719,-4.3803663,-10.8137,-6.123533,-9.494629,-7.8170404,-5.6879907,-3.2021523,-0.90929234,2.6650834,5.0074053,5.3738575,10.951557,9.090001,13.840221,5.4226403,6.29141,1.9440925,4.265474,2.3083332,6.550548,-2.2792673,-0.8288848,-0.122105934,3.5095243,1.3860645,-0.38944227,disgust
-541.5369,61.55814,-22.593777,-0.4477809,-5.998862,-20.647266,-22.021376,-9.804301,-8.517796,-4.193647,-15.089174,-1.5966021,-10.693543,-9.552973,-5.522864,-13.4472065,-4.743802,-5.309807,-6.585076,-3.1009068,1.0707393,4.731229,2.0751839,5.6936493,3.957004,6.0665307,1.9266876,5.9499493,-1.0424544,4.235624,0.9120937,5.759681,3.6235251,5.306973,2.0400748,1.8194933,1.9348557,4.0079484,2.8714845,4.3684883,disgust
-597.41907,58.716522,-2.2133381,0.67072487,-4.994468,-10.713096,-12.440086,-3.489545,-4.2033463,2.010732,-1.7091616,3.9156373,-1.9273741,-0.61594045,0.47382483,-2.3950768,-1.0850048,-2.8241727,-6.1423826,-7.223902,-0.9820377,1.8063898,5.1923046,13.616639,16.07009,15.424716,10.792994,8.781409,1.0306344,6.5296206,5.52853,8.719003,3.8215497,4.9756675,0.45429412,3.0923169,1.5648062,4.7454066,1.2548671,0.32700506,disgust
-700.9985,62.836056,-14.115612,1.622617,-3.6850622,-11.405172,-12.807706,-12.6377325,-6.378123,-1.8954765,-9.151329,-4.524079,-8.1743965,-7.526685,-4.573214,-8.487173,-8.962315,-4.076999,-10.081507,-6.0217094,-3.7229245,-2.866782,-0.73510146,-0.014232591,1.2899282,2.005676,1.2175567,8.100052,5.682731,7.5514154,3.3863676,5.615255,1.6798022,6.1431966,0.62990206,2.8700762,-0.56848043,1.9755919,2.150135,1.4628947,surprised
-676.5718,57.949657,-16.261662,1.0447947,-3.681022,-13.442685,-11.662584,-16.604326,-6.247474,-2.003379,-11.824516,-3.4644382,-8.114183,-8.499791,-5.4459653,-7.93141,-7.6884904,-5.7358475,-8.725598,-6.074107,-3.716236,-5.069548,-2.5713112,-0.20715743,1.5734105,3.516018,1.0755181,4.63421,-1.3804951,2.7603567,2.5594113,6.158012,5.2776685,5.9218187,-1.2376194,1.1487952,0.7661775,2.7260559,3.5739114,2.4036798,surprised
-660.3614,53.189495,-11.8923025,-3.9542282,-5.534666,-15.741966,-15.4028225,-15.746539,-5.9644017,-2.3725111,-11.945332,-4.125937,-9.992443,-11.328811,-4.1679025,-8.292918,-7.4156933,-2.5322547,-8.341989,-5.4484453,0.8703399,-0.25552523,1.7306342,4.0433464,3.1955943,3.2699296,0.51997113,5.0129175,0.17203611,4.274422,2.5483978,5.4711404,4.9051642,7.243889,2.5906458,3.7929254,-0.07706069,3.5139704,5.204966,5.2932763,surprised
-647.4305,65.10033,-4.408278,4.0619774,1.447719,-15.26518,-16.375004,-13.2420845,-1.0500754,0.5433666,-9.358277,-3.7069266,-4.4217014,-7.007537,-0.67852587,-4.4660916,-3.9039423,2.5536702,-4.1032305,-0.043806758,4.8878474,3.4159758,5.5564923,6.3693256,3.8045769,1.9940368,1.0650278,7.417763,6.242136,9.960622,7.4744835,9.3484535,5.5459056,6.2669168,2.5692644,7.747286,3.0640767,5.1034594,4.059267,5.3557253,surprised
-661.4405,64.964386,-15.529389,6.041687,-1.3973571,-17.295893,-14.511079,-13.487575,-0.13124855,-2.9347293,-11.046239,-4.7384753,-8.105531,-10.276372,-5.0775595,-8.535527,-9.43854,-2.126629,-7.735286,-3.7037272,2.06481,0.9186929,1.0319214,3.9500272,-0.3380847,0.042454816,-3.096393,3.7640345,2.0877485,6.9378114,2.7554536,6.0299926,3.7263112,5.4004564,-0.41629687,4.876551,1.263097,4.632808,3.9958444,3.6569278,surprised
-549.88196,40.517773,-34.90641,-6.4636984,-12.343646,-19.28375,-13.174648,-17.587715,-9.544901,0.062217593,-10.154291,-4.4308934,-4.5225544,-4.7225165,-1.35,-2.2733712,4.9011583,7.5843315,1.4284316,2.884829,6.316016,4.5236707,4.009219,-1.0057402,-1.2880975,0.7147466,-2.5157597,3.7717655,-1.4525037,2.7354314,3.2337615,7.403829,4.201351,5.2689943,0.6584758,4.756671,1.1834095,4.3937397,4.2065825,2.8672051,surprised
-555.15625,37.331978,-28.66941,-2.3219614,-5.512317,-20.897093,-16.539452,-20.67684,-6.8348894,-0.65822357,-14.517652,-3.4598165,-5.4084625,-4.685456,-1.53104,-0.1892395,2.0239737,7.467568,5.588011,6.2091775,6.0819845,0.105308115,-1.4400879,2.6626728,-0.3425855,2.6546338,-0.58084524,1.8505108,-3.264907,4.3087554,3.524854,6.59909,4.550574,5.971685,1.5601107,5.9458447,-0.7073171,3.489973,3.7718596,3.9741652,surprised
-550.47345,40.842613,-24.847254,-10.451374,-5.305172,-20.230976,-13.470897,-20.96904,-8.516306,1.2439578,-13.015195,-8.341192,-4.8632627,-4.1008005,-2.9925098,0.57673347,4.6444592,7.2968073,3.1030269,0.7063384,4.8090944,0.89463735,0.96305597,2.376398,-3.5702577,-1.6530724,-2.4452655,1.8991798,-2.2166266,4.022597,0.69826615,6.812676,4.3225255,4.584548,0.733535,2.315654,-0.57470435,0.56388575,0.3897851,2.406194,surprised
-603.1655,85.14302,6.200952,18.810606,11.7707,-6.7224507,-8.730326,-8.856368,1.8163651,-5.8666825,-4.8469267,-1.2584523,1.4562088,-6.924831,0.34658977,-0.5035031,-8.552663,1.1836424,-4.585626,-1.314799,-8.861176,-0.42425314,-4.552838,-5.0249386,-3.0514982,-0.3829058,-3.7557392,0.50484157,-5.919338,-0.81628984,-6.330297,0.42696157,-3.1944487,-0.64016956,-3.6990623,-3.2174265,-6.8500423,-3.3299174,-3.2294555,0.30416107,neutral
-608.60864,86.84291,8.74925,18.522184,11.501365,-4.8973303,-7.498259,-9.221928,2.5248432,-4.0692554,-4.044801,0.25051245,3.5467007,-6.7976336,1.972783,-1.2885952,-6.4185414,4.318233,-3.2280078,-0.7458658,-6.33105,-0.44946292,-4.8624034,-4.008331,-3.6385808,2.018714,-4.1231256,2.7771742,-4.887901,-0.52648854,-5.345873,1.7867825,-1.2039106,0.2707928,-2.8538146,-3.5716617,-6.5596886,-3.4484642,-2.760392,1.1039215,neutral
-588.3734,77.90025,6.09827,12.788963,12.466793,-5.9929175,-12.365945,-13.988692,-1.9218484,-7.2013702,-6.225904,-3.2595894,0.15678735,-8.634878,-3.0441968,-0.8630829,-10.792186,-0.013590358,-4.7638955,-5.6706285,-8.048286,-2.643329,-6.8936615,-5.242393,-6.7010226,1.9764531,-6.308468,0.7536373,-8.26388,-2.9623315,-7.050908,-1.5963913,-2.9507606,-1.0836302,-4.7879753,-4.779938,-4.302548,-3.331114,-1.6779176,-0.30563107,neutral
-610.7635,87.20319,14.101912,15.412435,10.151455,-3.4008517,-8.600006,-7.7864227,4.3699303,-7.1425047,-1.6243962,0.9522901,0.5130476,-4.4599853,2.8896751,-0.95175976,-6.2020187,3.4287343,-4.1739016,-0.25981662,-7.5223494,1.2806016,-4.274505,-4.998168,-1.6855803,1.1892716,-3.8959563,0.5400185,-5.595865,-1.4722571,-5.941802,-0.09502911,-3.0419168,0.63713074,-4.044179,-2.8720436,-6.703302,-3.1736393,-2.3084786,1.4690319,neutral
-658.59595,90.63865,8.52604,14.99576,16.86647,-2.763605,-5.390217,-8.02153,3.9328594,-2.5869627,-3.3987834,2.9562201,3.2496047,-5.217903,1.3465896,0.32665893,-4.724785,3.369117,-0.92657125,0.08876778,-6.444542,-0.122853145,-3.3783655,-3.0856187,-2.7113442,2.9219227,-2.8235707,3.222133,-5.114517,-0.12866199,-4.9498606,1.6104033,-0.12959197,0.71628493,-3.829979,-3.6539307,-4.400297,-1.8533366,-2.1822855,-0.37419328,calm
-656.5647,94.03547,1.5450819,12.575123,13.380213,-4.2113843,-7.077234,-10.106932,3.121062,-3.2500763,-3.8499694,0.6492101,3.7185972,-6.315317,-0.12008228,-0.34781742,-7.841237,1.7957252,-2.4438133,-2.7645438,-5.2929435,-1.5212724,-3.5188162,-3.0672607,-3.542189,1.7740995,-5.074793,2.053011,-6.5376625,-0.37526038,-6.620039,0.9967986,-0.918134,1.272327,-4.2497625,-3.4621825,-5.5995183,-2.2400167,-2.0152264,-0.017809618,calm
-654.9464,93.65233,14.542285,15.720132,17.32326,5.946006,-2.2680566,-6.083242,2.1393366,1.1407362,-0.49840388,2.6617332,5.6080084,-0.83003753,-0.3738969,5.431071,-3.4954493,3.331627,1.5460968,0.25990406,-3.2293842,3.191688,-3.7185495,1.4400616,-4.845022,6.7333217,0.31617254,2.7678273,-1.5619744,0.69566935,-1.8881294,1.3908018,0.98897237,1.4656434,0.16045459,-1.604613,-3.1958232,1.4521956,-1.4289981,1.554161,calm
-654.0416,91.14046,1.9234294,10.494575,12.859757,-1.6499697,-6.1720386,-13.0585985,-1.8784299,-2.5257404,-6.679886,-0.4101192,2.3802726,-7.0162177,-0.6223445,0.7713849,-7.8499656,2.1840582,-1.9462245,-3.3946397,-6.426589,0.24002478,-4.8338766,-3.1768043,-5.9871216,4.634377,-5.1037664,1.3765888,-5.3462515,-2.2459154,-4.928659,0.9089144,-0.1855028,0.43531957,-1.0302864,-4.7543445,-4.0613556,-3.2113419,-2.4757836,0.5870958,calm
-599.9309,80.8765,6.6874275,21.71499,17.454042,-8.810668,-14.407004,-6.9262424,6.769456,-5.6127462,0.59494674,-1.7263582,-0.4419198,-2.027453,-1.0500032,0.0057401806,-4.967629,3.2325618,-2.315864,-1.8095399,-6.5914364,3.725676,-6.1404815,-0.75345236,-3.3581145,3.0978727,-4.4055104,1.39343,-6.8040695,-2.1566672,-5.2358756,-1.0977103,-1.8001678,-0.31223005,-6.691351,-4.84092,-4.7701674,0.20998746,1.0425944,2.1582742,calm
-624.69965,89.132256,6.5072613,18.99275,9.684571,-4.590649,-7.776352,-17.206577,-0.064235866,-4.3906155,-7.588043,-1.9998056,-0.042730786,-5.497331,-6.591293,1.4625171,-8.938298,-0.34063217,-1.6465484,-4.5225115,-8.051873,-1.1688689,-6.2827168,-1.2284753,-6.260904,5.8882475,-6.123886,3.8426824,-5.9400973,-1.7059593,-4.413341,1.4429071,-1.4717098,0.34629443,-5.5550003,-4.651022,-4.8674607,-3.033928,-2.306305,0.28871983,calm
-584.596,84.80945,12.678755,18.321623,13.686882,-6.08781,-10.076435,-10.958727,-3.0976903,-5.0222325,-5.193966,-2.183227,-0.3559649,-3.8800025,-6.407542,-1.0939445,-11.171032,-1.9900181,-5.1835966,-5.668602,-8.268648,0.42609707,-10.613402,-1.1456167,-7.2795873,3.9477046,-6.720859,-1.5688497,-7.4182243,-5.916356,-3.2061768,-4.252461,-2.0558484,-4.1158395,-4.7158957,-5.991027,-5.706507,0.23692884,-0.7551484,1.5579188,calm
-612.58594,98.68757,10.546334,19.75717,13.155431,-7.704044,-8.499744,-13.966573,4.3755465,-4.972894,-0.32137963,-2.3702178,5.178268,-1.9306475,-1.9246042,2.864423,-9.74164,1.1752393,-0.90743774,-4.861946,-6.6129875,0.09715077,-6.422619,-1.7008822,-7.001707,5.8173985,-9.010521,2.9758272,-8.285588,-3.5263042,-6.045168,-1.9617051,-2.186461,-1.3248863,-4.5772715,-6.7820506,-8.620795,-3.373317,-4.579445,-1.751059,calm
-627.6774,87.53452,-3.0839708,21.049515,13.14768,-1.3554837,-3.1067302,-8.187068,2.0308275,3.596992,-3.0851398,1.7008764,4.570971,-5.097344,-0.22995265,4.9479313,-5.6710835,4.480115,-0.5115676,-3.1565228,-4.3470683,-0.83346206,-3.091453,-0.48970178,-4.794888,5.0263314,-4.4741125,2.7610753,-4.5214806,-1.2693291,-2.2928312,3.7130473,-0.43506587,-0.5721215,-1.5539198,-3.5727146,-3.4011297,-0.5056892,0.8190659,0.00390223,happy
-601.52075,88.395676,-5.887842,17.651228,9.355184,-7.250137,-7.972279,-9.272627,1.4435048,-2.3304887,-6.504122,1.4703003,1.7438494,-4.6813674,0.0027919412,-1.1525725,-6.6571717,1.0576468,-6.3062963,-2.5260284,-7.573334,-1.5404665,-2.419353,-2.414397,-2.6958876,1.6323849,-3.7023473,0.82183397,-5.8591824,-3.3456087,-3.38483,1.6442626,-1.136811,-0.7749328,-2.704703,-3.6710892,-4.376683,-0.77896214,1.6175218,4.2647,happy
-589.401,84.6978,-6.1628346,12.568391,7.14392,-6.4648175,-10.717272,-11.142003,-2.1456962,0.27631754,-7.9206543,0.7618655,2.6092339,-5.8419204,1.1790087,-0.753653,-8.423898,1.4944732,-5.8197947,-4.066429,-5.652294,-1.207037,-3.0846968,-2.9302742,-4.6934905,1.7508968,-4.6058497,0.7290794,-4.3346224,-2.164225,-2.5333157,1.4618233,-1.4902959,0.57205826,0.41798487,1.6662133,3.7034807,7.2447405,7.641089,4.5388894,happy
-589.401,84.6978,-6.1628346,12.568391,7.14392,-6.4648175,-10.717272,-11.142003,-2.1456962,0.27631754,-7.9206543,0.7618655,2.6092339,-5.8419204,1.1790087,-0.753653,-8.423898,1.4944732,-5.8197947,-4.066429,-5.652294,-1.207037,-3.0846968,-2.9302742,-4.6934905,1.7508968,-4.6058497,0.7290794,-4.3346224,-2.164225,-2.5333157,1.4618233,-1.4902959,0.57205826,0.41798487,1.6662133,3.7034807,7.2447405,7.641089,4.5388894,happy
-405.96057,72.002396,-17.542889,10.209814,8.542079,-20.725742,-16.60732,-10.032551,-13.605166,0.265773,-7.1917624,-3.9679043,2.668333,-6.23832,-2.8710208,1.2954153,-8.659224,2.3438447,-1.3892415,-0.6812117,-5.7231913,-1.934837,-2.557541,-1.9573771,1.8037248,5.994041,0.39519936,6.765213,2.3682761,6.6067433,7.0644164,11.577606,7.317982,11.740432,7.631424,7.808792,2.8696315,3.7525134,4.817606,6.5013084,happy
-377.23935,65.69384,-16.763163,10.426392,5.560335,-19.087551,-18.203573,-6.786289,-9.706023,-1.7983768,-9.387669,-4.101796,-2.0525227,-5.821079,-0.5071079,-2.7873316,-9.207497,1.7207382,-4.7727337,-0.6035478,-7.610255,-1.5661873,-1.5966387,-0.1389362,3.7061563,9.139787,3.7449868,10.106137,6.264165,8.46386,5.8050065,9.387543,4.4824085,6.4393106,3.4016998,3.2684166,-0.48390004,2.491378,0.6630312,3.0267766,happy
-412.02527,74.81616,-29.241552,9.457943,6.8029532,-25.344574,-13.980225,-15.599769,-16.185814,2.0240445,-14.120864,-4.950309,-1.949736,-8.224945,-9.014751,-3.528697,-13.456305,-1.9601649,-4.263179,-7.675388,-8.243494,-3.910149,-4.0404344,-4.634339,-1.703278,2.0907047,-3.7619867,2.9752285,0.79243445,4.339613,6.135009,13.577541,11.058996,12.07626,5.80169,1.899434,0.87109995,4.5384502,5.937041,5.1669235,happy
-400.7801,55.948483,-14.326332,6.3339667,8.727128,-14.0178995,-20.586395,-4.4589963,-10.796499,-1.3436911,-7.9783597,-7.418687,1.2103299,-7.4559474,-3.23555,-0.58445895,-13.402082,1.2970746,-4.3224444,-3.2497566,-6.791798,-2.70094,-2.115191,-0.9928413,7.9788294,12.986241,12.736622,17.131964,7.234487,9.200924,2.8192372,6.199555,1.9844471,7.33962,3.6829479,1.7846518,0.231419,1.70242,1.0898553,2.0570126,happy
-686.39417,83.40706,1.9232242,12.65668,8.654385,-3.1757917,-5.4891195,-13.289217,-7.392531,-2.8741567,-6.1962423,-7.045678,-1.0732032,-3.5551918,-3.0320969,-0.38858268,-7.9924936,-1.816183,-0.815523,-3.5284724,-6.1185603,-2.2658932,-8.01457,-0.88960713,-6.299325,2.035999,-5.424845,0.854486,-3.604472,-3.1235201,-4.018216,-1.3920845,-0.75597316,-1.0953486,-1.2126359,-2.0877159,-4.1211944,-0.91573507,-1.2834249,3.3422625,sad
-664.63245,90.28261,10.618935,20.155777,15.675178,-2.5262883,1.2385598,-10.114122,-4.262654,-1.0227082,-4.734003,-0.35687748,3.2197247,-3.2429023,-0.066805534,3.6616385,-8.253083,1.8817686,0.87402683,-1.5887786,-3.562833,-1.942951,-3.975972,-2.4510746,-5.1512036,2.6973803,-4.1573896,2.577173,-1.6190188,0.058769166,-3.2176666,0.051089477,-0.39633277,-0.09007572,0.4985408,-1.7557931,-3.5698428,-2.5897105,-3.1700208,-0.061972514,sad
-671.30426,87.43595,12.156302,11.461587,8.603946,-1.2112142,-4.4521217,-13.435073,-6.108759,-2.3360379,-7.0135055,-5.4350533,1.3587112,-6.701187,-2.147402,2.4739723,-10.252659,-0.17428026,-2.3580804,-3.269157,-4.102979,-2.2925615,-5.645515,-4.039988,-6.53668,2.1426034,-6.221038,1.7793943,-3.231182,-2.6779842,-3.720951,-1.9989796,-1.9656208,-0.6031756,-1.2276492,-3.5466304,-3.121753,-2.9006352,-2.427526,2.076402,sad
-564.1672,86.56357,-6.077131,16.311811,8.36819,-13.411139,-8.263083,-17.44015,-12.12061,-2.2664306,-9.489983,-0.37017205,0.47788125,-10.801691,-3.7349775,-0.41524035,-14.472686,0.262583,-3.121115,-4.4313006,-8.217871,-5.674096,-6.2390623,-4.4527974,-6.6751223,2.5731165,-7.1927795,2.22715,-5.3656173,-2.9983382,-4.4593983,-0.73597425,-1.3705578,-0.24814805,-0.93049175,-3.1753094,-6.0933876,-3.5027263,-1.9184989,0.21793635,sad
-561.08777,83.76006,-7.141875,15.231574,12.435931,-19.03912,-18.338387,-8.714038,-20.65332,-9.454518,-13.243245,-8.10554,-4.8060884,-9.967841,-8.2158785,-3.3632653,-8.9811945,-2.9419954,-5.4599466,-2.44181,-12.827587,-1.5586925,-4.038254,-7.382886,-2.4133003,-0.4195688,-3.4534054,1.7184093,1.0216935,-0.8999446,0.5057981,3.4375224,2.0245886,4.0422683,1.7000469,-0.9419733,0.48416284,2.038675,3.575986,3.8099706,sad
-560.791,70.75433,-0.43226975,14.656581,11.187743,-15.217403,-12.936768,-6.69908,-13.655438,-2.890282,-8.391778,-8.969793,-1.2030646,-5.3879094,-5.1386747,-0.6137562,-7.913084,1.4883624,-0.25866798,0.19218563,-3.3204508,-0.97560996,0.5985377,-4.1374774,3.8041298,1.0337139,0.7379255,5.4607882,3.676839,4.809274,2.7981555,5.920307,4.7954645,6.251104,4.0139766,3.5782068,4.362071,7.005796,7.449734,9.044073,sad
-537.0826,61.03963,3.9583008,10.128142,7.5711184,-6.00333,-16.677069,-10.009473,-12.576786,-7.578736,-10.09345,-7.8635287,-0.38358784,-7.505821,-4.863113,0.06277343,-11.08392,-1.4637045,0.31969705,-3.2914433,-5.3029246,-2.697481,-0.5153838,-6.007833,-2.6851423,2.5745733,-3.1247416,4.251584,1.0062622,1.9417698,0.50665194,5.936197,4.6645885,7.9551535,7.294239,6.27681,5.45225,5.8078527,6.761571,6.821969,sad
-548.0335,68.300995,-0.7208905,12.124708,13.603968,-13.336682,-18.99833,-8.851121,-20.882135,-6.7218437,-9.3659725,-10.249851,-2.6710525,-7.657608,-10.938995,-0.97336143,-12.297317,-1.5366888,-0.83278847,-4.356408,-6.817586,-4.019706,-3.074118,-7.60539,-1.935276,1.305604,-3.525654,2.1245334,-0.8932441,-0.7014137,-0.34391597,2.837292,2.9226782,4.400383,1.931769,-1.5429813,-0.5790588,-0.8951208,3.2351146,5.007158,sad
-441.27884,63.047874,-13.974567,16.512268,6.3965364,-12.851016,-1.4564514,-16.031202,-8.236535,3.6672196,-3.073442,-6.1716046,8.997712,-5.410289,-5.471579,5.807721,-11.528963,0.051781055,-3.0540302,-3.8675988,-5.126365,0.14472386,-5.6804075,1.4623207,-3.8858953,3.6195486,-2.8359702,3.8826988,-0.70019686,-1.1348809,0.9622191,0.5123195,-0.35254952,5.9956455,8.049117,10.36518,3.9008367,4.5958767,1.2284526,6.4670925,angry
-367.5772,50.393127,-15.580816,12.510327,4.4233203,-19.477833,-3.2785165,-9.111595,-7.0601373,1.5977135,-4.154018,-4.4152727,3.4163315,-6.727928,-3.372122,1.9174635,-10.525524,-0.120939165,-1.9988607,-1.3165897,-4.834328,0.9437611,-0.9207598,2.0248666,1.5383332,9.785308,5.9792504,17.945402,11.743338,11.2728195,5.1119328,4.207229,3.082347,6.8263583,5.0275908,5.153584,0.658398,2.684599,1.1191692,2.474016,angry
-531.5372,71.037224,4.2983007,19.101393,7.7253027,-7.1542897,-3.8444755,-13.497138,-7.9314623,0.31908426,-5.91415,-3.2002037,6.7360888,-6.4893513,-4.4497786,4.0847654,-11.413719,1.6319834,-0.9513737,-5.027738,-7.135161,-0.6982805,-9.901803,-3.1684778,-7.473998,1.2556635,-5.62712,-0.74505144,-1.8945043,-2.808043,-4.3570857,-2.4741,-3.0797286,-0.8439078,-1.6539328,-3.0633643,-5.524199,-4.549359,-5.654558,-1.2359769,angry
-450.15335,64.146095,-2.0737228,17.278877,0.6349675,-14.019194,-6.3239365,-14.531163,-5.7355638,-1.5395781,-6.7315135,-0.7325571,0.71311486,-7.108129,-3.7127504,-0.43023014,-13.5601015,0.029365173,-4.610336,-1.6819022,-9.604693,-2.19618,-6.189545,-6.583904,-4.1761203,-0.12836108,-6.6918488,0.1612761,-3.4078393,-1.0318012,-0.91942406,2.2792485,-0.24732117,3.487014,1.4242384,1.5559453,-2.020794,-1.6086854,-1.8643657,1.0539777,angry
-392.4729,48.927437,-7.807669,15.605651,10.996198,-11.88126,-4.9643397,-0.41391906,-6.2134457,4.6252413,-1.773142,0.1808771,4.6544194,-1.0923109,-0.60435826,5.2873473,-5.689312,1.970982,0.20969191,0.4279536,-1.0484346,-0.08635297,1.5247581,0.35815364,0.65353024,8.629803,0.41851255,9.437221,5.563226,4.990303,5.300042,5.7799296,3.173751,7.224706,6.481618,6.6471376,3.3507347,3.5537212,3.74186,5.0186787,angry
-306.2437,43.048687,-17.57142,14.70166,6.224613,-21.213377,-6.8609557,-0.8021719,-10.015547,2.6071622,-4.421571,-2.670147,2.3894026,-3.5943382,-1.2259868,3.8664515,-6.4682193,0.5162129,-0.3941952,-0.2660999,-2.9159575,1.868702,1.9008325,1.6194534,1.7418507,7.737315,3.644609,12.457451,7.577506,6.873442,8.081263,8.111852,4.899242,7.6264014,6.2609644,4.986772,2.921638,1.753906,1.1459472,3.1707065,angry
-299.26874,26.520628,-27.69063,2.7540412,-0.7474105,-22.171787,-7.573554,-13.058028,-17.12862,2.540272,-7.488672,-5.5889993,-0.44210675,-3.9403982,-1.1358529,2.2612777,-1.4017805,3.1087909,0.56976086,2.1163688,1.7631371,6.0855756,4.981821,5.1283345,-1.2428077,5.200969,1.7617533,4.8194366,0.6607748,3.7432423,3.387314,6.4568667,2.303436,2.4872446,2.1116743,4.6158814,2.3834782,2.7221687,-1.9434246,2.034794,angry
-276.0073,37.607197,-27.488464,8.001233,3.2559671,-22.455484,-9.279626,-12.28109,-22.1957,3.6585312,-6.9979124,-10.451315,-1.4968445,-2.37268,-10.467913,-0.9405266,-11.52523,-4.467631,0.5031559,0.9640853,0.53407854,6.117294,0.124399334,10.065575,5.0280647,12.906862,10.591486,12.229031,4.226837,7.757433,4.3927913,4.73347,-0.50074816,2.516979,2.2210321,5.829047,1.1822157,3.9874625,0.328913,2.7585514,angry
-616.0234,63.55003,-3.622299,13.868932,7.934604,-6.8224654,-8.630405,-15.430337,-9.954534,-0.6912056,-5.4536586,-5.8810253,2.531965,-1.88138,-4.424168,0.5955199,-7.5324783,-2.397084,-0.4018889,-3.861572,-7.368006,-3.2435348,-3.9802046,-0.98759735,-5.1855383,2.7747567,-3.6943824,3.7001338,0.049031004,-1.1729947,-0.46546343,4.148449,3.533,6.1726804,7.9282217,7.6439147,7.856443,10.517929,7.4870505,10.168951,fearful
-602.25903,62.618546,-8.647369,8.951976,5.6236525,-12.378025,-15.30348,-14.949054,-12.69526,-1.7821821,-7.573167,-7.1278877,0.4266137,-10.5913105,-2.1575902,-0.61987865,-9.408256,-0.08317416,-7.090887,-4.071107,-8.276428,-3.1421955,-3.6226633,-4.3427954,-2.9330983,2.913261,-2.6360128,3.0598822,-0.16826901,0.374898,2.331525,8.877748,7.089243,10.824066,11.382558,7.514542,5.9849644,5.638764,7.7719183,8.945043,fearful
-626.0185,56.123253,1.9147218,12.060314,6.462059,-8.380259,-12.41922,-9.48192,-10.020651,-6.449426,-4.4037337,-3.9046052,-0.8922315,-7.3071127,-1.6582597,-1.4990653,-8.292122,1.054717,-2.8409328,-1.4878222,-8.952862,-2.9641223,-3.8723145,-4.7113404,-2.5469203,-0.79485816,-1.4323632,-0.8555293,-0.98555046,-1.5594229,-4.846719,0.5078711,-0.9959135,4.356522,5.5270524,7.1600714,5.3004155,6.5808992,7.1107965,10.312236,fearful
-617.20917,50.20656,3.3299541,7.1403785,1.598203,-10.860561,-13.865027,-15.870864,-9.813923,-8.538836,-10.052821,-3.6754355,-4.6992006,-6.2934656,-5.1063805,-5.3107824,-8.243496,-3.7237558,-7.4686723,-5.0438514,-12.542971,-4.343886,-5.441052,-7.05256,-6.3697705,-2.948462,-6.222506,-3.4978025,-4.0279226,-4.122456,-4.39385,1.6482913,-0.62562734,3.8012857,3.7432652,5.014356,2.7109494,5.4847417,6.112012,7.555341,fearful
-433.9045,40.073586,-20.94089,-0.15557298,-1.4635637,-21.382137,-16.36432,-16.547737,-14.349687,-10.894611,-10.97479,-4.9611073,-2.9880087,-4.512553,-1.1676732,-1.8165903,-5.0227227,2.5842214,-3.4202058,4.9040737,4.2272806,11.383989,12.62725,7.282007,0.410392,4.691999,0.55647326,7.1793633,5.9789805,2.7062354,-0.37612692,5.9015956,1.9957237,6.0609245,2.6831024,1.0376105,-2.2085795,1.4717207,5.09074,7.063204,fearful
-494.94766,36.39235,-12.441975,2.5453584,-4.7012486,-22.238388,-10.75636,-5.168185,-12.878877,-9.740995,-5.3820763,-9.785322,-5.4005556,-0.5089916,-5.356063,-0.17980185,-3.6729968,0.4672398,4.5591908,3.0747666,1.5615945,3.85395,1.815455,4.863227,7.41998,16.55075,8.61276,10.144802,2.2560701,2.2415693,3.1656141,4.3394766,1.170322,2.1099856,1.8762313,3.3415608,1.978158,3.5262108,5.2169046,5.3957386,fearful
-401.43063,25.998833,-19.094944,0.16693929,-0.6787763,-22.92195,-17.623295,-17.529139,-13.474137,-8.577446,-10.8511915,-4.423267,-6.468402,-5.858269,-5.0866556,-1.2622766,-4.7492065,5.6985183,0.6520284,7.096537,2.46428,8.103478,1.552188,-2.0217512,0.47957334,5.4553914,2.2917457,3.0067675,-0.22998853,-0.30501932,0.25309667,3.9769568,-0.9882738,1.1188487,0.23880005,2.4563036,-0.42257202,3.698842,5.034694,5.825522,fearful
-424.23914,27.2698,-17.976473,-2.908637,-5.6005454,-20.588379,-13.295564,-17.285946,-11.40644,-5.9840994,-8.378753,-1.9563267,-4.470769,-4.0363684,-1.0363997,-2.9960265,-3.243882,7.763836,5.5036225,11.619754,7.3123817,6.922521,0.7662168,0.23570697,0.9941371,8.623276,0.56843925,2.5113668,0.19003005,4.3441257,2.8475778,3.6904533,0.22942096,1.9574695,4.5310445,5.2443,0.15245537,3.048841,5.5349092,4.720978,fearful
-652.2945,58.946407,8.998696,15.589785,4.8995204,-9.9253645,-7.6983333,-4.253855,-1.5018111,-4.3775754,-1.6896114,-2.204254,-2.3132906,-1.686489,0.9917186,-4.5609107,-6.1196156,-0.28492564,-4.83651,-0.61468965,-9.103538,-0.18412012,-6.186353,-5.1579638,-3.320015,-0.058098346,-3.5353827,-1.2888045,-2.731456,-4.3250623,-4.0474997,-0.8280879,-3.4830859,-1.2868313,-3.0974069,-3.510873,-4.3966417,-1.1540731,-2.2992096,0.33951792,disgust
-624.01465,70.38597,4.205304,16.276834,4.987213,-11.962161,-9.247805,-4.6539154,-0.8115895,-4.369664,-1.3156945,-2.477085,0.5480551,-5.469543,2.1295242,-3.732514,-6.1976724,-0.05899799,-5.193508,-1.7579582,-9.125816,-1.6370826,-4.362208,-3.7156572,-2.4016845,-1.7472306,-4.2587476,-0.023659164,-5.4616194,-3.7488983,-4.295625,-1.0874629,-2.256416,-0.42890155,-1.3402727,-3.1978033,-3.8920605,0.40549845,-0.36520356,2.2295454,disgust
-682.38635,74.58268,17.162035,14.79446,11.735576,-0.19211705,-8.26907,-4.2114024,2.2625744,-0.89981383,-0.9109604,0.34032908,2.284181,-1.4597418,3.0864959,1.1624595,-5.1067615,-0.78935236,-0.7193769,-0.28857574,-6.5139894,-4.002254,-3.3497853,-4.7945237,-1.936575,1.2889521,-3.6688826,0.38822448,-3.167138,-2.2018735,-4.707002,0.25994912,-2.635944,0.94821805,-3.979535,-2.3079152,-5.6517305,-1.8038914,-1.1730043,1.80656,disgust
-633.3688,61.754276,12.798185,16.666464,7.2891564,-12.408017,-6.1410627,-3.15516,-3.914348,-7.5366735,-1.4472293,-4.041747,-1.8411247,-1.8688533,-3.4046404,-0.51644,-6.592446,-3.7519233,-2.18463,-2.4452853,-9.437827,-1.0072262,-7.1361547,-2.8819773,-5.0087576,0.2032538,-5.004379,0.46337327,-4.5025682,-1.8238916,-5.013501,-0.63596845,-0.68764,-1.7066413,-2.1465445,-3.221377,-3.634861,-1.029623,-2.0478764,-1.2083315,disgust
-459.7849,62.725395,3.0820026,21.179203,-2.155676,-23.01674,-3.1365812,-1.9702468,-13.8202915,-7.3019347,-2.5092564,-6.6834855,-3.6239421,-2.1685991,-7.4877605,2.334706,-9.701335,-1.0852213,-2.757929,-4.849373,-8.718934,-1.6178153,-7.934832,-4.3365235,-2.3678453,-0.74237865,-2.0994866,3.6794965,-2.1277242,-0.36300647,-3.485757,2.2435126,2.6820369,4.6152186,4.4593935,3.3073466,0.23392768,4.7835736,3.2463913,4.75442,disgust
-487.13098,69.299644,11.02999,26.640764,5.6125555,-16.25081,-6.489374,2.5278575,-7.9463453,-6.8539586,3.8450184,-4.3560634,-1.8174471,2.9706528,-3.2268145,3.2481563,-4.638803,-0.34184888,0.21370673,-2.1432836,-6.779149,-0.5529554,-4.1740866,-3.163287,-3.0802703,1.7919482,-5.4506874,2.3327632,-0.8122135,-2.1294968,-1.0511982,1.2359197,-0.5629329,0.60935295,-0.0770813,-1.4145097,-2.548213,-0.3700625,0.10324387,3.1915424,disgust
-519.4746,70.69355,19.563019,22.429626,3.9739304,-15.51306,-7.295896,-1.1247354,-7.216987,-9.796015,-0.32311866,-5.049948,-5.932467,-0.81359524,-4.8413057,0.45172596,-8.299163,-1.0216984,-3.9907086,-4.286465,-7.502139,-1.9846835,-7.050073,-5.0843434,-4.5147347,0.24258716,-6.874661,1.9957721,-5.0766106,-1.7943918,-2.2556882,0.6055911,0.3499381,0.70889276,-1.8380762,-0.8786643,-4.0673714,-0.77470565,0.14725818,0.46573877,disgust
-496.09958,55.64399,16.767817,21.994936,4.425168,-16.799358,-6.196135,-0.50125664,-12.95924,-10.971863,-2.611378,-7.924202,-3.9915917,-4.0885034,-8.621762,0.89165646,-10.924938,-2.473883,-4.8854985,-7.9924335,-8.980402,-2.6602526,-8.772288,-6.383885,-5.6068997,-1.6921239,-6.3955293,1.2044607,-4.7448425,-1.6181006,-3.3280776,2.5085201,2.8101745,3.697494,1.0079048,0.37570724,-1.8447237,-0.24743153,1.5413806,2.4143367,disgust
-599.8722,76.90044,7.698998,14.2449255,8.103891,-9.324892,-5.753085,-11.412865,-1.562172,-3.1999555,-7.3245096,-1.7407887,-2.985555,-6.5748563,-0.46314105,-2.0935984,-7.6110616,2.3165882,-5.813459,-2.6191902,-5.496184,-2.2765634,-3.893198,-5.282933,-3.6643734,1.6585679,-4.6149974,2.0291457,-2.8999686,-0.55508167,-2.904819,2.8920689,1.4399581,2.240581,1.2839282,0.78640425,-1.8992991,-0.023787767,0.5157974,2.8788328,surprised
-578.39294,69.180565,10.974561,15.455373,5.393687,-11.670668,-6.8120975,-6.348477,-1.97213,-5.343071,-5.502802,-2.2379544,-3.2865329,-4.0221615,0.21288429,-4.475834,-5.8620944,1.6743147,-7.1069765,0.060217902,-8.740456,-0.17926832,-7.10497,-5.0226746,-4.5217657,-0.3299731,-5.2289524,-0.05904711,-2.9032447,-3.4947398,-2.3959868,0.63637614,-0.24850722,1.3621881,0.42342195,0.056055274,-3.580626,0.4102203,-1.1973888,1.850088,surprised
-596.12286,76.27365,14.75912,14.879476,7.538993,-9.3234415,-5.3270187,-8.337843,-0.4483032,-4.4492188,-5.7652655,0.94467413,-0.37788066,-6.188304,-0.8644911,-1.3017167,-8.047473,3.2348437,-5.5239806,-1.7407701,-6.545489,-2.9813612,-4.8552094,-6.650939,-2.8509488,0.5471072,-4.15233,0.65991735,-3.600243,-2.0759985,-4.666886,0.62914264,-3.1929247,1.2446115,-0.44036415,-1.3891331,-4.3697886,-1.1934676,-1.8989428,1.6540613,surprised
-590.2198,74.505,10.940298,16.90292,9.524682,-11.025382,-3.4209878,-10.7562475,-2.0620658,-5.0849085,-7.544264,-0.1731003,-0.9673036,-6.215226,-0.118372805,-1.5140995,-6.3204374,3.8170216,-4.7148094,0.08513284,-7.136015,-2.1679993,-4.1549397,-5.9943304,-3.437401,-0.050599836,-3.5915878,-0.30846837,-2.8828847,-1.5599287,-4.8967814,0.48914307,-2.597342,-0.25131717,-0.77977085,-1.9675001,-4.723378,-1.6095433,-2.216054,0.5166532,surprised
-441.55698,59.449844,1.6103218,11.6930685,-0.307097,-12.104995,-12.038685,-9.36799,-9.179537,-4.7741146,-7.297506,-4.6057057,-3.9891891,-8.432748,-6.5208893,-1.0942897,-6.606699,0.74883425,-3.9945312,-4.339964,-3.3007312,3.0930688,-0.62127864,6.502309,3.0168817,6.3371973,3.0538101,7.1773133,2.6684492,4.8841696,5.532264,5.31882,5.144636,8.17,4.189268,3.4506998,-0.44006008,1.7208449,2.4631312,5.847753,surprised
-545.9829,56.70478,9.225816,15.352942,6.844665,-12.446178,-7.7863517,-7.750632,-5.5725775,-6.0236497,-7.3366876,-3.9727352,-5.05652,-5.9648004,-3.593103,-4.624,-6.4295597,1.6505089,-6.967545,-0.61693126,-7.2590785,0.8287248,-4.4012094,-4.450635,-2.7848418,0.6005905,-4.0297146,1.4480306,0.14771232,-0.36677316,-0.42868078,3.0592957,-0.32438278,2.6165547,-0.5310015,-2.1769583,-3.2846165,0.5656785,0.5581551,2.7255147,surprised
-501.91284,49.974434,3.8261669,10.253027,2.9553828,-11.231923,-10.666335,-10.918897,-6.1663027,-6.1254706,-10.166312,-2.9561942,-5.1648483,-6.8011866,-2.7549846,-5.7519164,-7.2118173,2.4457,-4.4718294,2.3631127,-1.4897164,0.7573689,-0.4588789,-0.88220686,0.86414045,6.012785,3.37058,6.568996,3.2298114,2.7147284,0.7417282,3.4221027,-0.121744916,3.1716168,2.507701,2.2434669,-0.090787984,2.54516,2.3736312,4.046597,surprised
-544.2947,55.41835,7.8682976,12.787888,3.7062688,-11.649302,-8.733668,-8.522127,-4.6832485,-4.6293383,-9.013956,-1.2234538,-3.1980186,-7.3343925,-2.527108,-2.9663596,-8.750941,1.562189,-6.1522465,-1.3467742,-9.599909,-1.871516,-4.05536,-4.6272216,-2.306765,1.5583113,-3.8605196,0.49105215,-0.0041801035,-1.654535,-0.05920352,3.1979768,1.2094098,3.6502109,2.1606,1.9459566,-1.0097469,2.4362023,1.6437191,3.209542,surprised
-661.2982,69.10717,6.3951845,21.734526,5.2917,-0.1702372,4.5292826,-12.351508,1.5820739,-3.4180446,1.5939327,-5.57454,0.10494244,2.7262895,-2.619472,-0.20439714,-0.5998818,2.734726,-0.3541768,2.5954823,-2.3575263,2.8947322,-2.061634,2.628598,0.22151698,2.3780005,3.2064083,2.9862928,2.930912,2.2660632,1.1551747,1.9739089,2.7940443,6.786331,6.1708937,6.3380218,4.155057,6.9957905,4.9906473,5.457375,neutral
-646.22046,75.61148,4.0283513,21.333532,4.0741816,-2.683541,3.9577618,-11.833002,-0.7250348,-4.295448,-0.3248403,-4.227063,-1.566057,0.63589793,-4.300953,-3.3310676,-2.2404852,2.8905237,0.14112505,1.1047374,-0.74599624,-0.9071212,-2.0373425,1.8084531,-1.4595891,0.2945228,0.48062763,2.0519977,4.000967,4.643354,3.6040087,2.7706392,2.766106,5.525064,5.7111077,8.771131,5.5848947,7.1471567,2.2997017,5.9921074,neutral
-651.6626,70.05506,9.851582,20.134468,4.7379045,-0.38277242,0.86499566,-13.017967,-3.1291862,-5.199163,-1.2995646,-5.2183523,-0.14755495,-1.2033877,-4.5568852,-1.2852006,-2.0032282,3.5847225,-0.61323744,-0.100855164,-1.5836443,0.19405346,-2.2006154,3.4808552,-2.1528063,0.44975758,-0.8094708,-0.19449785,-0.6272363,2.7112677,3.9787054,8.07058,7.229679,9.317287,6.3591075,5.7623696,1.7776703,4.265219,3.1596942,6.5929947,neutral
-648.6913,72.16431,7.274728,20.829805,3.9642503,2.1088018,1.976397,-10.4696,-3.0636451,-1.9014269,1.1354882,-3.7136168,1.22841,-0.5374377,-4.239753,-1.3670008,-1.7982843,4.136252,-0.37676433,2.2630646,-0.812497,0.053662475,-1.4675672,3.428509,-0.6540685,0.49496648,-1.2752317,0.11229031,0.033298902,1.9515541,1.0120647,3.9647129,4.6533804,7.2461295,6.258947,5.7479873,3.852501,6.38088,3.3650255,7.0547943,neutral
-673.485,78.985306,9.472679,20.932682,6.785698,0.31002712,4.021769,-11.046672,-2.5806715,-3.7617564,0.38370198,-7.6164646,-0.6604246,-2.6142144,-1.1462364,-2.2461,-3.2814846,1.6749744,-0.0003562047,3.034092,-0.20572057,1.3978966,-1.9347895,3.0369387,-3.3184829,2.577006,-0.13332015,2.602312,1.7152964,4.0963945,-0.8116915,2.5193646,1.4117999,6.9724207,8.362576,10.22599,5.1260676,5.691742,3.0741844,4.981293,calm
-692.55615,73.40491,12.077552,22.146435,5.5994916,5.2111883,1.579405,-8.046203,-2.2913015,-1.8019291,-0.22508395,-8.478211,0.1598131,0.16634701,-2.0964978,-1.2300198,-2.8717597,2.525709,0.76870805,3.6139762,-0.6560258,-0.018493656,-2.292099,3.1069129,-2.9802938,1.7644958,-0.26349503,2.0609498,2.170051,3.984656,1.946301,5.8156376,6.2823176,8.99141,9.553812,9.984571,5.5090876,4.505638,2.7569284,4.4309397,calm
-678.1073,70.62465,19.917213,20.750956,7.7960453,5.7145267,3.614768,-10.526671,-1.0183853,-1.2956553,-0.42244148,-6.1655293,1.6979513,-1.2580414,-3.2189612,-1.9005356,-2.187202,3.1064918,0.40798646,2.3996706,-0.5829164,-0.56600606,-1.585225,3.0028205,-2.8212347,0.5866151,-1.7661862,-1.2432762,-0.452544,3.524632,2.3755183,6.656095,4.96446,6.3408866,5.104747,6.940915,4.6944437,6.5780854,4.29121,5.075839,calm
-692.34515,73.85359,11.183147,22.484844,9.66315,3.3596802,3.6410272,-11.183653,-2.1389794,-3.1123996,0.35524967,-7.4366274,1.1513419,-0.21667984,-2.7765112,-0.52182686,-1.7253175,3.04385,0.24984708,2.5528047,-1.7051024,0.7466642,-1.9632971,4.521006,-2.5594277,1.1023239,-1.6940757,0.7840023,0.00046005845,6.190333,4.3825045,9.934992,8.514027,13.295338,8.63077,9.053629,3.812287,5.573625,3.0786676,3.5034924,calm
-674.5436,73.25507,8.466253,23.231245,5.303113,1.6337602,5.6392426,-7.4052296,-3.5977283,-3.015457,0.9418466,-9.199644,0.096761964,-1.8592999,-1.2708534,-3.9000442,-2.297097,3.474318,1.7257581,1.3358809,-1.8167539,1.533669,-0.9508331,2.556467,-2.906324,2.4855878,-2.0860543,2.9073958,1.6559824,4.971938,0.21229964,2.6035707,2.3416405,6.7075715,6.454292,9.73559,7.116933,5.7708273,2.1440778,4.9153595,calm
-673.334,74.06224,10.070874,19.803293,4.1726184,2.5585208,6.057235,-9.015503,-2.3268006,-3.8378685,-1.5769035,-10.809388,-2.6101716,-4.3352294,-1.1625417,-5.976028,-4.518888,2.3591049,0.31280258,1.5479624,-3.4622734,1.5257193,-1.0346496,-0.27873483,-4.317456,1.6813924,-2.1920123,0.54156893,-0.35736102,4.1888413,-0.2458475,4.2144327,5.8703504,10.659426,10.004674,11.690337,7.576199,6.9260087,4.3634644,4.292624,calm
-677.5656,69.74143,15.144119,19.460772,5.905962,6.222983,5.044273,-7.4076643,-4.059205,-2.7305899,-1.4261664,-8.83983,-1.9567631,-2.1501238,-4.5917125,-4.6511593,-2.4463406,1.3201946,0.52080125,1.3014109,-2.1880124,-0.5172898,-1.4951869,2.1298773,-3.704718,1.4219406,-1.2741538,2.8108754,1.0103605,6.6484,2.3656058,6.8028855,5.8040543,11.372135,7.877604,9.577184,5.8075128,5.391531,2.7585242,3.8696918,calm
-667.27075,72.04497,9.749586,20.672682,3.452185,3.473748,1.5513059,-10.802021,-0.52015066,-4.2670245,-2.3099933,-11.491358,-2.519643,-2.2692327,-2.6915784,-4.5881066,-4.3949294,1.1491483,1.6010209,2.135797,-1.65231,-0.5155835,-2.814942,2.4590938,-4.089959,-0.1444238,-2.2358453,-0.276737,-0.63346225,4.3230743,1.3545544,6.2725673,8.036959,12.04892,9.691789,12.2823,8.767491,7.2437744,5.251976,4.1745634,calm
-617.3817,68.98511,-11.188614,18.89106,5.8418064,-1.8713992,-0.7509553,-10.617424,0.7993291,-3.8247645,-0.78687316,-4.757969,-1.8446679,-0.22201587,-2.903283,-3.0175512,-3.6356347,1.4574162,-0.94706804,2.6699011,-0.9618792,2.3569295,0.51829493,4.4465556,1.6226189,3.743297,1.1709076,3.1292427,2.049575,3.8564181,2.2581034,5.0201936,4.4504538,6.7175226,3.6821525,3.2701814,2.856219,5.558436,4.426104,5.639857,happy
-607.5917,61.154594,-11.845319,22.319326,4.4876223,-5.2019057,-0.34916398,-8.826373,-0.9991501,-2.3827877,-1.2780186,-5.2043066,-1.5807681,-0.31894398,-1.2772007,-4.00626,-3.4932451,1.5437474,-2.295245,1.2779963,-0.8097692,0.50145674,-0.43301785,3.7409787,-1.0989866,1.1641395,-1.248609,2.6316893,0.745816,2.833841,0.098313674,3.5043435,3.5127976,5.5868773,3.7672656,3.323027,1.0748832,3.7469757,6.132777,8.613085,happy
-627.01984,65.74315,-1.9843842,19.168814,8.411996,-4.0893526,-0.6524893,-10.9629,-0.9533764,-3.9266634,-3.2284746,-4.353995,-3.7750702,1.0370026,-2.4272804,-4.955751,-4.6230555,1.5759146,-4.538923,1.8511431,-1.2466041,-0.21212497,-1.1613843,2.198355,-3.2145643,0.062223315,-1.0619408,4.453849,3.8672156,8.571957,4.270321,5.942755,2.7850797,5.005173,5.630077,6.3786087,4.4958935,3.1555908,1.5791712,5.0933695,happy
-598.8464,58.413525,-10.480953,14.898115,8.433361,-6.244102,-4.8137307,-12.9306135,-2.0309887,-4.8303933,-3.5095992,-3.319395,-3.0363407,0.81451386,-2.1239042,-3.6733108,-3.036687,1.7771459,-1.8156711,2.7674756,-0.70116234,-0.393324,-2.2020197,1.4127368,-2.1501005,0.22253838,0.39524943,5.7463975,4.0499153,6.0409007,-0.05769151,3.9420767,3.9565113,7.6985426,5.713248,4.2706165,2.0227168,3.7896533,4.8932796,6.148937,happy
-501.72537,57.23931,-25.352457,9.914878,2.0441096,-13.334454,-0.6662744,-13.167732,-2.5341313,-5.9811034,-8.61358,-5.8271847,-4.0097756,0.5926813,-3.7112465,-4.3230886,-3.4975955,1.1683675,-1.9082983,4.551054,3.7798676,5.5622196,8.073047,13.552395,5.4634953,5.482859,2.193982,6.2218804,6.4953856,7.0665874,1.817882,2.490821,3.9880226,9.6104965,7.3447237,5.8261666,2.688032,3.5668135,4.041531,5.94419,happy
-495.69653,59.097805,-29.006784,18.228802,1.7431585,-10.775569,1.9872286,-9.054498,-2.0543816,-4.578487,-7.8839073,-4.6873593,-4.194998,1.7482519,-2.6046576,-4.6241717,-2.3795094,-0.053563073,-1.3731729,3.4387147,2.102226,2.4012635,3.1193538,9.5079775,4.5379095,5.5506554,3.4429066,7.1853957,2.7935002,6.622635,3.5984268,7.3753195,6.4518023,8.1538515,5.511841,4.831504,4.0111017,6.224895,6.073105,8.030773,happy
-479.76334,51.792202,-27.373741,12.413804,2.5076122,-15.13829,-4.1113076,-16.546438,-5.805638,-7.8307433,-12.044786,-4.939506,-7.853514,-2.655848,-4.7425227,-7.4866176,-5.0312314,0.027810024,-4.313838,0.8229302,-0.54383284,0.1948254,2.534563,12.491679,12.508297,15.186377,12.060556,10.147606,4.542379,6.908524,4.7657638,7.8951454,5.144784,6.05998,3.4170191,4.2533703,3.7372234,3.3798661,1.347553,3.8360064,happy
-500.56842,57.73718,-28.612448,10.831773,1.7186916,-17.216808,-5.378248,-17.214352,-7.13961,-6.1506987,-13.099378,-6.9884963,-8.484877,-1.8202273,-5.184699,-5.8196006,-3.3798563,-0.81734276,-3.7166312,1.8941698,1.056774,1.4462013,5.1965384,12.172699,9.7921505,10.856296,6.590489,7.2388835,3.4144344,6.1228385,1.9379646,6.6456122,4.271988,6.203928,3.2782373,2.3732536,1.6948594,2.5429854,0.90714264,2.8259206,happy
-667.692,69.37002,13.558963,19.114277,10.87643,0.59414464,-0.5999709,-10.258893,-4.4207253,-5.4825654,-1.3615446,-11.743439,1.118965,-2.963222,-0.5911644,-3.599538,-4.681802,2.3699667,-0.16483252,3.579515,0.25282347,-0.54974896,-1.7037737,4.4862237,1.2314948,3.8075373,-0.08465623,5.5242314,3.1432843,9.382747,6.0042577,10.955805,11.770048,11.356709,8.765894,5.871657,1.9869511,2.8215644,1.8426586,4.180522,sad
-686.0622,79.60595,7.187784,22.925116,5.0807314,0.34786153,2.4596403,-9.497394,-0.9774742,-5.885033,-0.71432024,-5.2924,0.6306615,-0.8853971,-0.33521017,-2.2138593,-1.6590364,1.5974178,0.29911715,3.4760933,-2.949287,2.359706,-3.042993,2.4982285,-2.4035652,-0.58111405,-0.93038815,1.650066,0.8238896,3.8756056,-2.2460644,3.009356,2.7464268,8.489708,10.467103,13.256933,8.34988,5.3330226,3.267194,3.2127168,sad
-700.4457,65.85677,14.047022,17.67678,10.06369,4.550176,1.7858773,-12.427793,-4.384994,-0.46257782,-1.1192656,-4.011834,-1.349087,0.9615747,-0.07675183,-1.6375006,-0.15237333,3.3292086,-0.6556904,3.2923863,-0.84597206,2.5197663,-2.7076664,6.1249576,-0.81605524,2.1356103,-0.7995779,2.0058348,2.6453207,7.8876486,5.662932,11.060158,9.086869,10.398116,4.3787017,4.5576015,1.1213877,1.8279275,1.3821754,3.9414532,sad
-694.9965,76.10398,11.912188,17.987268,10.349315,4.8241177,-1.7490511,-12.369832,-4.4070516,0.7964055,2.4356356,-9.847481,1.1123164,0.41414443,-0.028678777,-1.2112875,-1.3069308,6.2163324,5.0564375,4.6272473,0.51378477,3.244058,-3.8472924,5.983313,-0.16589344,1.7547232,-2.1022248,0.7863557,0.9391237,5.275014,0.8199526,8.466441,8.888451,13.301257,10.560818,9.091495,2.6129534,2.3364925,-0.22792077,4.1837654,sad
-611.72174,69.032394,-7.9550076,16.027355,8.655052,-7.593325,-5.145872,-20.467379,-4.566682,1.4021642,-8.784486,-6.514793,-3.1745358,-1.0787649,-1.3154191,-4.42514,-3.9266906,5.7880607,5.3518276,7.919704,6.2940545,4.373658,1.3541659,8.109307,5.2285867,10.130781,7.589849,10.257288,8.153086,4.499253,2.865106,4.173638,4.089065,4.97668,2.0132437,3.0955596,0.21038519,-0.21375187,-0.3114951,2.0275016,sad
-616.3963,68.87291,-2.5800154,16.0955,8.200353,-7.7963285,-3.1506693,-20.504341,-8.788996,0.6406114,-7.8810434,-5.9589057,-2.110178,-1.5089952,-1.3463712,-3.0779753,-4.553697,4.2098303,1.9187002,5.724617,5.6641955,5.6643925,5.297834,12.067901,9.149644,9.676717,4.784029,8.754469,6.495745,5.7721143,2.9837322,1.9835207,-0.3612569,2.5397243,0.84787744,2.2120705,-0.33915645,0.26909268,-2.2151062,-1.0301825,sad
-628.4994,68.33802,-5.827322,15.340706,8.41594,-4.3156943,-1.5897292,-17.44641,-6.8921733,4.175327,-10.882028,-3.707443,-1.6692473,1.0847884,-1.7466402,-2.8730197,-2.9803495,3.9096029,0.06865123,4.112187,6.493363,7.279575,4.247909,10.350718,6.90921,11.319745,8.2821245,9.111437,6.5216036,4.5072455,2.014269,4.0472245,1.7671677,3.3388906,-0.73333085,1.7199175,1.3114003,1.1809114,-2.2180805,-1.6826681,sad
-598.6911,74.783485,-4.429771,14.383626,7.1229143,-2.9798522,-4.7435117,-26.518488,-9.633853,6.5629582,-10.090123,-6.4397726,-2.0228322,1.7645692,0.080731906,-2.372742,-6.3813205,5.508174,1.0436455,5.0300813,5.81661,6.3897357,4.881218,12.198691,8.505003,11.531233,4.6635127,7.862295,5.3028874,3.6673908,2.1916306,3.0503347,2.3016536,3.6161184,1.4089334,1.3259273,1.3136439,0.6536972,-2.6433058,0.83402956,sad
-524.8125,61.90537,-8.467138,12.328195,-2.4834876,-4.35927,6.140189,-10.821754,-3.2388134,-4.5258045,-3.8327897,-5.619743,-3.4497957,1.9439423,-1.9932275,-2.0488799,0.4819994,-1.2691534,-0.37958917,3.027943,-2.256177,2.5051818,1.6923981,6.0022354,3.3994358,4.710914,3.5916827,6.7606916,6.043007,10.059572,7.0843325,9.457758,6.5222273,6.6058893,2.96952,2.6362445,1.1543773,4.4138246,2.8010285,3.1210816,angry
-521.2335,54.45643,-0.0936723,13.978058,-7.650167,-4.518293,7.530018,-6.4668746,-4.5495996,-6.2672796,-2.4585905,-3.673021,-2.085362,0.92455935,-3.3752184,-1.1252457,0.14281687,-0.574426,-0.75207293,1.9694918,-1.0371562,2.2560625,1.2541277,2.434784,0.18177202,1.8404027,3.7798784,7.2105675,5.291435,5.859271,0.8006128,2.5317152,4.6762476,9.653818,8.365186,6.8989425,2.6803875,3.7995155,1.9046044,4.318807,angry
-575.35443,53.248596,8.702643,11.945252,-1.7993721,-1.6073991,7.7756267,-8.682297,-5.6019635,-5.2399325,-3.125749,-3.5792663,-2.1344075,-0.329704,-2.157551,0.10907476,0.16684958,-0.44363868,-0.8471616,2.9023554,-1.5186561,0.07627845,-2.5278645,-0.41219136,-1.689968,-0.97649664,-0.20967634,3.5942934,4.200321,6.180325,2.2090724,2.4359334,0.55758536,5.0706406,6.314391,8.004286,5.474596,5.627138,1.7123736,3.1922965,angry
-556.99713,51.866844,8.799167,12.224344,-2.429889,-4.670488,6.7457886,-8.773257,-7.292652,-5.582153,-5.1930323,-5.328079,-3.7488713,-0.43039915,-5.200796,-0.5968587,-1.2706357,-1.7766341,-1.0387994,1.613662,-3.5667665,-0.6108596,-2.008873,0.92811656,0.6198712,3.0176146,1.8189502,4.130515,4.0156493,5.504735,3.0364442,6.8169327,5.0577655,8.355998,4.5491953,5.8012066,3.3367758,3.3865511,2.0175624,3.8707807,angry
-431.96335,56.638107,-16.185312,5.708359,-13.894625,-9.9733515,8.707493,-12.36539,-8.341065,-5.0341916,-4.2088675,-3.570002,-4.8888803,-1.831453,-3.273785,-2.1753762,-1.461458,-0.14375587,1.9087754,8.746739,7.058838,9.185446,5.648982,8.31707,5.502576,7.5214987,4.936738,7.657635,5.1321006,6.829066,2.7438447,4.306341,3.6586795,5.9680815,3.4775774,4.5202656,1.3808061,3.9213302,1.6356375,3.114402,angry
-343.08588,35.55383,-24.734194,6.4479103,-14.919098,-12.452571,6.3276005,-8.189362,-6.527418,-4.5160723,-5.2006865,-4.604034,-6.8268547,-3.891055,-5.572249,-0.31870258,3.8743272,3.6662984,4.6143494,10.070912,7.2537117,10.086079,8.506431,7.487149,2.712714,3.3288507,1.1624207,6.5919423,2.3284578,2.4403484,1.1751845,3.4793396,2.5524826,3.651428,1.9770074,3.9611647,2.3321247,1.4661971,-0.70652586,3.2758925,angry
-461.7128,35.2564,-6.3635454,2.0942512,-10.9697895,-8.828054,6.3057127,-14.861666,-5.4898605,-6.787997,-4.3466835,-3.7365038,-4.0271044,-0.75088346,-6.082152,-4.753351,-3.4886768,-1.57659,-2.3289118,5.242302,1.7268478,7.413298,6.724149,8.5370455,4.62905,6.461424,7.771067,10.540674,8.847355,5.758159,-1.2468297,1.0778377,1.7089369,5.2020755,2.7191455,2.7491975,-0.542238,0.20453602,1.4213463,3.8276658,angry
-444.14044,41.14571,-9.747921,6.977748,-10.574769,-11.245608,7.904167,-14.934662,-6.618516,-7.5302095,-5.1709294,-4.082396,-3.6673515,-2.7047935,-4.1251373,-3.07617,-0.45279646,0.33355817,1.8731278,8.08987,4.591084,7.441181,5.564442,8.116044,3.7219744,4.582705,3.4808292,4.835723,4.2100735,3.6299753,0.3193547,2.6118717,1.8546958,4.9844103,3.670575,2.0735571,0.63673943,2.8854651,2.1141143,3.190357,angry
-481.11722,56.175346,-28.536543,7.878218,-1.1271844,-12.429996,-1.5600688,-22.191793,-5.1202035,-6.36418,-10.570815,-9.332752,-4.68233,-1.2469207,-2.0761797,-1.0269352,-6.7827034,3.6146984,5.5573015,9.952119,6.1897264,7.9136596,6.471861,12.419006,7.4980545,7.434894,1.27761,4.206984,4.6068873,5.506493,1.3789108,3.2698333,1.3719286,6.016456,4.095952,5.929784,2.229327,2.5455434,0.044011276,3.2243974,fearful
-505.2512,68.8486,-19.517946,12.123684,3.4176533,-3.9281933,5.133905,-16.268627,-4.365696,0.70152164,-5.3647337,-8.349991,0.14629634,2.4671633,0.07129751,0.9219776,-4.310637,4.6551504,6.9380465,12.013896,8.333033,5.205422,2.4821172,6.9265504,3.9981384,7.9044285,8.344158,11.119728,6.6897497,4.327497,1.1289523,5.5867815,5.055404,6.685268,3.6383557,5.2273345,3.0163217,3.5515888,2.342386,3.2765684,fearful
-486.61862,63.470596,-20.106073,-1.9728844,1.2016499,-8.761512,-3.6897216,-25.765432,-4.5986934,0.40550607,-9.172247,-7.3727813,-5.0186243,0.7049476,-0.31385428,-1.6424693,-6.9094396,3.4281228,3.6584547,6.5216856,3.6309597,5.0977883,4.469147,10.582855,7.6915765,8.855007,8.904008,8.273184,4.6892514,5.3293543,1.1661773,4.652153,3.0797024,4.3759127,2.753486,3.9640381,1.6614087,2.7462485,0.6473527,1.7072906,fearful
-529.67346,53.34785,-11.505998,4.962188,4.15918,-7.5729513,2.4030344,-20.068033,-6.1699915,-1.4956101,-12.18986,-5.0397177,-5.394239,1.1651459,-3.5193865,-4.180822,-7.4377594,0.55979973,1.9402452,5.321476,4.309214,3.8615606,6.036155,8.180484,8.595259,9.755119,8.86678,10.318361,4.146477,4.78514,-0.14878318,5.0702944,2.4797063,3.5385282,1.236555,3.269368,0.94308627,1.1885283,-0.70940965,-0.5603444,fearful
-398.65335,26.790722,-26.797495,8.750779,-7.3426766,-10.918438,-0.117917985,-14.600721,-5.67566,-1.6551929,-5.270712,-3.2108502,-3.4658346,-0.4780887,-3.4313128,0.9177959,4.9616466,17.001076,17.455309,20.314205,12.236967,5.183721,0.077020615,3.8869398,-0.19566838,0.07939007,-2.335584,-0.057922304,-1.6704367,1.9455299,-2.3583775,2.1913195,1.8754427,6.157617,4.804047,4.0919666,4.4045105,4.0567636,2.9252317,3.1759422,fearful
-407.70926,28.392817,-30.310942,8.3475275,-8.180963,-14.640142,0.74789476,-18.976711,-3.4018478,1.9109962,-6.0655713,-4.287918,-3.3983908,1.0770733,0.1892697,6.4960084,10.879863,21.464025,20.215813,16.998333,8.30979,3.792702,-2.7580943,4.848249,0.0542913,-1.4473928,-3.2046845,-0.33949268,0.92135715,4.01057,0.4422357,7.295621,3.5257146,5.832355,3.8260508,6.1218314,5.303836,3.276999,2.0362144,3.8066835,fearful
-424.9996,31.047014,-22.439482,-3.194856,-9.90179,-10.546447,-1.7990001,-18.018536,-11.639329,-3.0346131,-6.9003887,-2.8767598,-1.2968316,7.9105816,3.5557272,7.3468027,9.542279,18.893715,17.046083,16.05661,8.323033,1.3713398,-3.2334538,1.6778244,0.9129606,1.8978413,0.49433795,1.2668276,1.0996207,2.2273304,-0.94626087,2.4037185,3.2422352,5.608266,4.388554,5.6509943,4.9763813,4.6189623,4.3328347,4.053435,fearful
-402.23938,27.024267,-23.050102,1.8855493,-8.1453,-12.359268,3.1270971,-20.90036,-7.731773,-0.14678416,-7.3092117,-2.7049398,-4.313807,4.1525364,-1.3402631,2.3166044,5.3841524,16.95687,21.53341,26.849478,17.869526,8.821552,1.2505394,3.6454127,1.7632047,3.288346,-1.5075681,1.0985364,-0.15274072,4.5354867,-2.4767582,-0.47876215,0.09961923,4.996143,4.9290967,4.340763,4.3637705,6.6719894,4.247251,2.4121509,fearful
-634.0607,74.88803,9.611634,15.423681,3.3192081,0.90218586,1.4244717,-10.387256,-4.812014,0.0755918,-1.3611314,-5.322144,-1.1421089,0.26406053,-2.3105867,-1.8538196,-3.432945,0.48449802,-1.0087193,-0.090387724,-1.9437922,0.26907507,-2.9830241,2.6983993,-2.797854,0.8553695,-0.50952065,3.9770372,5.2434278,4.9994545,3.0853164,4.7363687,3.5641778,5.5713053,4.8969936,6.127913,2.995075,2.5771484,-0.1380732,4.079377,disgust
-650.7633,83.41546,5.3888397,14.43266,0.68112534,0.57350135,-2.9589362,-10.139342,-5.8210907,0.3464272,-3.3334224,-3.9436693,-2.2543898,0.22197072,-2.8491094,-1.9717795,-3.903268,0.4441114,-1.6184883,0.75587344,1.3502315,1.1457399,-3.657593,1.9663353,-1.6456381,1.2248088,-1.2345427,1.9657995,-0.017647963,4.2575355,1.8255693,5.6597953,5.278138,6.6137953,2.7493799,3.0891647,2.2982988,3.9794874,4.4055257,6.111022,disgust
-619.8197,70.77838,16.628662,12.034031,4.7783823,-1.1946605,-4.9599085,-14.844583,-7.2561946,0.5135562,-8.096093,-2.6783023,-4.962321,-0.14231256,-4.465196,-2.5526347,-4.5935636,-1.2954789,-5.1355987,0.8132059,-0.83251256,-0.77302915,-2.37346,-0.1459782,-2.3307443,0.6441024,-1.8964407,2.0335636,0.6005312,4.391939,2.0925453,6.7960815,7.2492642,11.027344,9.477566,7.9642015,5.6006217,5.573217,2.6679459,5.667859,disgust
-644.6066,65.55751,16.078243,13.065405,8.048545,-1.8894411,-0.17428707,-11.812204,-7.2099075,0.18942378,-3.3549347,0.3999652,-4.1453404,2.9527285,-2.7363594,-1.7037016,-2.1754441,-0.07537003,-3.3820302,-0.6264211,-1.0274566,-0.8867678,-3.9520423,0.5639867,-1.7795004,0.52658254,-0.11915913,-0.9288467,1.0186707,2.4016292,1.9986676,6.749611,6.406872,9.916933,7.7959075,9.424648,5.5882473,6.181171,2.6815171,4.7929,disgust
-557.23425,63.08014,3.3754158,13.206991,2.4557512,-3.2245755,-5.5975204,-20.97914,-5.4041557,-0.40236393,-4.746705,1.0376633,-0.91398877,0.68046343,-4.456586,-6.132987,-2.1729033,1.0224919,-3.3675904,0.09458295,-2.1790152,0.2374564,-2.384399,-1.193309,-0.41796476,1.1321542,0.8747868,4.828324,1.9961323,5.3402267,4.017537,6.540255,6.1999426,9.399594,5.352444,6.506606,2.128982,6.1183987,2.724296,5.89283,disgust
-610.8161,81.41989,2.1732037,16.076477,1.8283043,-9.090113,-9.441471,-9.937835,-3.7762468,-3.7550402,-3.707127,-0.08783401,-4.8002234,-2.1229262,-2.8636367,-6.4980364,-2.920868,-1.9764627,-3.2436686,-0.42557076,-4.292443,2.0489068,-2.75022,0.45898882,-1.9147484,1.9133668,2.6372657,4.1165667,2.9867063,6.57577,3.7667067,6.895824,3.7099686,6.4184914,4.6487217,5.7839346,4.5868397,5.8058977,4.2637053,5.697289,disgust
-619.93976,65.24558,13.368492,14.568158,5.1509776,-5.102669,-6.1803627,-13.042608,-5.77225,-6.4566116,-8.926735,2.6875515,-6.5692534,-0.6868583,-3.6976779,-5.4201875,-3.845335,1.0153421,-2.6295238,-0.05126268,-2.3020113,-0.5124332,-1.8598254,-1.5825353,-1.5625396,-2.5038917,-1.7141904,1.0141121,-1.7195065,2.4520004,1.8554007,8.996067,8.054549,10.881207,6.650413,6.1211443,1.7433312,6.032146,3.8455002,8.091402,disgust
-587.1721,58.041336,11.272312,13.020349,2.8459501,-8.117038,-8.62139,-11.497414,-4.4397264,-3.2659793,-7.885038,3.6701438,-7.2529907,-3.4126768,-4.9828753,-3.9469624,-2.70089,-0.08033538,-2.5554268,-0.2802361,-4.489381,-2.8134258,-2.2526712,-0.73012984,-0.4879504,-0.8049212,-1.1059934,2.48225,3.4346788,6.184006,6.08094,8.408923,7.172475,10.016116,6.955889,6.8393164,2.7257028,5.387927,3.2279875,5.732757,disgust
-581.7529,58.291992,-0.50775063,11.120662,4.221307,1.5237792,0.17393248,-17.153545,-0.29108518,0.75367856,-2.9683592,-7.164412,0.4582762,0.9787252,-2.1835744,-1.9145241,-1.1496096,-0.040632367,0.4790739,4.1480293,0.25247955,3.4434752,-0.47383177,6.7181587,2.9547012,3.8084514,2.0340726,5.4597354,4.756198,5.4965887,1.4619662,4.04503,4.22192,6.607417,3.9249668,4.3216105,1.156869,2.5067153,1.824724,3.9370644,surprised
-570.8594,60.86125,-3.4240987,8.807954,-1.0296987,-1.4119483,0.21955554,-18.57649,-2.2356815,-4.5886617,-5.679742,-9.830051,-2.8122737,1.0842499,-1.7950524,-4.7769194,-1.1216372,-0.4098518,-1.7478998,2.7390876,1.2242038,3.9238014,0.06988338,4.0350537,1.6777203,2.9219167,2.1365924,4.201573,2.251881,4.577333,0.80272055,5.4591146,4.8069754,7.161331,3.0151794,3.797072,0.65834886,2.060384,1.2901205,5.0976224,surprised
-550.59546,54.46699,0.4458603,6.897303,2.943077,-1.3001362,-0.68549687,-17.634512,-2.201092,-2.8824706,-5.9319534,-7.908975,-5.6135507,2.195102,-0.93708295,-4.3586035,0.37242946,1.8926036,2.396755,5.935615,1.7852024,3.8790596,1.1217245,6.3414545,1.8042326,3.3552547,3.9194913,6.1655006,4.7018147,5.130255,2.6029851,6.9784513,5.303617,8.004143,2.1425211,3.1609604,1.1308403,3.780939,2.3316371,3.707728,surprised
-596.366,58.485992,7.774584,11.619759,2.0272532,-2.6595047,2.5962117,-14.183524,-4.027848,-3.7516468,-3.7841153,-8.388236,-4.4509273,0.3070018,-1.5449846,-2.874002,-0.826312,-1.5160491,-1.4639941,2.0159073,0.5002876,2.480507,-0.49985293,4.2181864,1.2045467,1.827659,2.1497936,5.381332,4.4534693,7.855577,2.9638817,5.6614456,3.6458204,7.278042,5.8313627,5.701952,1.7884178,1.1924134,0.065776944,3.7020128,surprised
-523.12305,53.414024,-9.860689,8.132888,-1.7552234,-3.1875987,-0.69061947,-19.007385,-3.009839,0.17302093,-6.7985663,-8.715627,-2.0614016,1.2581974,-1.6088048,-0.7419565,0.17586133,3.792514,3.0190682,5.9094963,0.32184613,5.011934,2.1513507,6.0654864,2.7538457,4.9675107,2.9808166,4.170449,1.8199788,3.0939069,0.44636628,3.3070757,2.3772504,3.606342,2.5059218,4.2728415,2.9298315,5.0722075,3.8045287,4.320073,surprised
-520.6772,56.985313,-5.7980433,6.579909,-2.9979172,-3.8616667,1.5326991,-18.856127,-3.0776932,-1.8524139,-6.0172987,-7.9442663,-3.5945501,2.5481474,-3.6417935,-4.0655723,0.65110135,2.7147508,2.1301806,7.6210527,2.554759,4.7971377,1.8854753,6.874024,3.5509908,5.805452,4.156732,4.454631,3.221763,5.416131,0.3362017,3.2623024,4.307315,5.5219765,4.641477,4.641716,1.711783,3.87613,1.7026708,1.7361094,surprised
-533.48303,53.912525,-5.379926,0.23484285,-6.5980263,-4.6967134,3.3149705,-17.314333,-6.640579,-5.614967,-2.4589322,-8.099635,-5.2100596,-0.43938032,-4.3590484,-4.2309785,2.586805,4.9630337,3.766054,7.716739,2.9331474,4.17677,1.3527274,4.825577,1.8953156,3.06688,0.8582945,5.793011,3.5586314,6.7424126,1.5989455,4.5456347,4.528075,4.731555,2.5357096,4.3141346,2.552448,2.665835,1.4171349,3.522739,surprised
-522.7666,51.92853,-0.74775577,3.0827444,-2.6443145,-2.38243,-0.05131969,-21.786901,-8.069637,-6.6462197,-5.789905,-11.281337,-6.8946958,1.1667948,-1.105462,-3.4744723,1.272956,3.1191773,2.388415,5.031578,2.2456436,5.61838,0.24331054,3.0679147,0.9825376,2.554827,2.216934,6.914735,6.587537,8.444216,3.1573868,4.3507557,1.9402832,5.9211397,3.95348,5.2848024,1.5574431,1.5819052,-0.1837344,2.7515488,surprised
-712.0583,98.80695,19.26481,31.094307,21.410662,7.3413982,3.0592434,3.0551784,5.030059,5.1846805,-1.999247,7.1392984,4.923839,2.1025147,4.3730316,1.8306795,3.8369853,4.4805155,-2.3893564,7.374772,0.8590836,1.4112351,-3.8588235,2.2821229,-0.62793833,3.002066,0.002967,0.47995144,0.24946402,1.3123093,-0.26150542,2.4138885,-0.45537803,0.5535506,0.6782067,1.9190506,-1.9313914,-0.4167818,-3.3407736,-0.15790883,neutral
-739.3723,89.58718,14.789915,22.51129,13.788109,3.5628364,-0.38410118,-3.8293135,4.685071,1.1664989,-8.253862,5.9601383,1.4277036,-2.2320662,2.700362,-2.2007306,0.44418132,1.909807,-7.658935,3.8588061,-1.2388159,-1.7341282,-4.003179,-1.1582855,-3.4450498,-1.4029671,-1.5523224,-2.3216767,-2.6677718,-0.97424793,-3.9720318,-0.5114038,-2.6657498,-1.1718647,-2.9558759,-0.23257722,-3.668394,-0.65421253,-5.305982,-2.1196845,neutral
-728.8678,77.69304,18.907925,23.903458,15.141504,7.790883,-0.06457361,-5.2789426,-0.507019,1.8893545,-6.560591,2.4808753,-0.06200942,-0.8102435,0.59694296,1.2815135,-0.26206267,1.6832104,-3.889523,3.708351,-1.5642334,-1.9327152,-4.920827,-0.15621151,-3.6027932,-1.8233014,-2.9956813,-1.7647684,-2.7773478,-0.7369794,-4.2303414,-0.5651986,-3.9901304,-0.9402783,-2.0843499,0.20884904,-2.6956646,-1.0198219,-4.636479,-1.0626802,neutral
-725.1344,83.57178,15.150039,24.470217,13.717777,4.363005,1.2258407,-4.7805967,-0.17124519,1.8254175,-6.0732474,3.5085812,0.22444968,1.1967365,1.4673926,0.3772761,1.4565232,-0.10832999,-4.377183,4.4150996,-1.8010424,-2.0395224,-5.765076,-0.11213686,-2.7090445,-1.0331633,-3.075278,-1.8297025,-1.8989295,-1.0118377,-3.6475222,-0.24712619,-2.5163274,-1.4805006,-2.4276206,0.061634723,-3.047453,-1.4542531,-3.3773324,-0.76829475,neutral
-731.3931,81.0099,16.347591,21.578207,17.120886,6.5662766,-3.9332676,-3.3899858,2.4985592,1.7677562,-4.724218,4.1257963,-1.7452126,-1.0429615,-0.120926864,-1.1850994,0.4760093,0.047186207,-6.8245606,4.4700675,-1.7478753,-2.5829167,-5.780277,1.0829445,-4.872071,-0.217392,-2.40314,-1.2327745,-2.211407,-0.89865535,-3.8167665,-0.5672799,-2.601939,-0.2830919,-1.2389106,-0.2789336,-3.4302394,-1.24365,-4.396301,-0.76609707,calm
-689.3362,75.37008,6.440204,28.689873,16.035719,1.5350038,-6.8346415,-5.229953,4.1749134,3.5662305,-6.759336,4.8571835,-2.1516542,-1.1312245,0.0011689392,-2.8151934,1.6865069,-0.39878932,-6.3822684,7.5160947,-4.159323,-2.5607002,-4.9393992,1.0851868,-4.8027577,1.8584034,-3.5785904,-1.979553,-1.5137893,-0.8006244,-2.989393,-0.95316803,-3.804941,0.056603935,-1.4571408,0.4213029,-2.1457994,-1.095557,-5.12458,-0.51728034,calm
-639.98334,73.730286,9.246646,25.021112,9.504624,-2.4831972,-3.728395,-2.816108,0.28577986,3.0258303,-5.676783,6.7553325,-2.2657237,-0.033552572,-2.7467635,-2.4704864,1.2775869,-4.2698145,-3.3393726,6.606763,-4.393044,-3.8881383,-3.1669846,-0.31006956,-5.12916,1.3233671,-4.083981,-0.9604275,-1.3908793,-0.07112784,-3.0913968,-1.0329273,-3.8072698,0.8709681,-2.3136036,0.1301716,-4.217866,-2.5040693,-5.502224,-0.9395846,calm
-712.5739,80.076004,18.595982,24.936695,16.840723,10.053577,-2.0219166,-5.2392125,0.1102944,6.420861,-4.8907075,5.0737085,0.41499472,-0.15149346,1.3895947,-0.08324911,0.9961428,3.1377373,-6.987526,4.785762,-0.60015005,-1.6055948,-6.8444467,2.1136444,-2.3691385,0.7890916,-1.258678,-0.24355856,-0.7412288,0.89372,-2.5124173,0.48452806,-3.4689703,0.092233784,-1.8719541,0.15373884,-2.4882221,-1.0231583,-5.6494617,-0.45963377,calm
-770.74414,73.79351,24.297491,25.948328,18.028008,11.267687,-2.534837,-4.521704,8.313727,5.7671547,-1.4340811,9.79344,1.3812242,0.21832354,1.9969746,2.0371737,-0.59728056,2.872788,-4.086015,5.7892995,-2.6146662,-1.435805,-2.869731,1.4231874,-1.4967417,2.2311769,-1.5310564,-0.46891293,0.9774837,0.92880523,-2.0834274,-0.22788875,-4.6252995,-0.98094445,-1.5671914,0.29770866,-2.2047198,-1.5601487,-5.397081,-0.6170401,calm
-745.2409,89.06536,26.329119,35.58416,22.161621,13.472503,-3.8094928,-4.158349,5.6264663,1.9911122,-3.8023057,8.914247,-1.9164358,-0.6464389,2.9175246,-0.61616415,-1.4748434,1.92551,-3.840925,6.607773,-1.1458998,-2.0945094,-1.8090664,3.54013,-3.0153306,1.0757186,-3.4486315,-2.8816125,-2.2820837,-1.6722729,-5.6278677,-0.9677725,-5.1605268,0.1695444,-3.754046,-1.4111183,-5.663208,-3.9523063,-7.067691,-1.4638072,calm
-670.4695,86.03838,14.922039,27.879902,14.606598,1.9559623,-3.8029706,-4.5820475,0.2772447,4.2991314,-4.3273244,5.42303,-2.4809628,-0.3671473,-0.7122271,-1.5426372,0.0139606185,-1.4190361,-4.5634484,4.7997036,-2.8476923,-3.0756986,-4.5179486,2.5472028,-3.0234165,1.2424076,-2.6368287,0.8116509,-2.047598,0.9058953,-4.0184326,-1.0854385,-4.0161285,0.36776322,-2.639655,0.057181723,-3.8207,-3.5109217,-5.716861,-2.0783463,calm
-711.3409,86.14838,18.36581,24.15084,14.53042,10.784523,-3.012148,-4.5595994,-0.6107896,3.1645896,-9.011048,5.3349667,0.6045266,-1.400391,-0.15228705,3.1198559,-0.33506262,1.7249933,-5.5659323,3.312065,-0.89100605,-2.1545103,-5.723915,-0.6957739,-3.6087043,0.8159602,-2.1604915,-0.9481253,-1.3992877,0.18436226,-3.8452845,0.51216525,-3.2952251,-1.0974227,-2.39988,0.6923689,-2.7767181,-0.9041925,-5.0677967,-0.60072726,calm
-668.28973,109.969955,12.08227,18.325092,20.44009,4.390098,-5.092574,-6.8553476,-13.816947,-2.2481556,-2.122435,-0.6809076,1.1959014,-0.19213244,-6.4413524,0.27189538,-0.1767174,-4.3818426,-4.147997,-0.6803615,-6.8510904,-2.5939097,-8.188135,-2.1688347,-5.8787146,-1.160735,-3.6559372,-1.1285383,-3.099743,-0.55547196,-2.8733344,0.015491255,-1.9298837,-1.903156,-3.7122188,0.69290787,-2.8184507,0.20211382,-1.7731738,-1.9463478,happy
-633.3624,88.33582,-0.17625827,16.756802,20.608683,-1.2255002,-6.32318,-6.09149,-4.2768145,2.6398509,-3.6155689,-3.224191,-2.360352,2.596292,-2.3234937,0.2939709,0.35483217,-0.19523063,-5.9027724,3.1910465,-3.5535932,-2.2539356,-4.0040503,-0.42506924,-2.695654,0.288829,-2.4866643,-0.63301253,-0.5673642,-0.9335625,-1.5167398,0.13243882,-2.6094027,-0.90135366,-2.8767483,-1.0238161,-1.3489453,-0.23649882,-3.6533647,-0.9806332,happy
-672.75903,80.64973,6.607421,17.805893,19.549534,5.4974804,-5.6009493,-5.3766017,-4.088325,3.819065,-7.5643916,0.6423795,-0.5609498,-1.0164835,0.76955897,0.5710021,-1.1045088,0.37437922,-5.2076216,1.9561667,-2.3455384,-1.1687995,-6.328546,0.46687043,-2.4721136,-1.8219739,-2.5029745,-0.0052505564,-1.5862254,-0.4951727,-2.2467232,0.05630007,-1.8341049,-0.82659686,-3.3902738,-0.44134977,-1.7579982,-1.1432364,-2.6609488,-1.3157502,happy
-624.7955,73.50539,-3.8904023,18.201334,14.73569,0.50624734,-4.3178864,-10.980656,-9.032613,2.5473826,-6.431513,-5.7920513,1.1430557,-0.83179873,-5.2668366,2.0422406,-1.669761,-0.91691995,-6.7836194,-0.063276164,-3.3278465,-3.9757204,-5.024707,0.06418386,-4.3345914,-0.67634153,-4.514534,-0.97454226,-2.3271923,-1.3810152,-2.5258565,0.26394004,-2.313675,-1.7637588,-2.439786,-0.9679053,-1.3958275,-0.6775865,-3.5478544,-2.1360664,happy
-443.74164,65.14492,-21.857697,3.0652852,8.199585,-17.070627,-18.774233,-8.73845,-18.005905,-3.3422337,-2.2490764,-5.4675736,-6.830463,2.1288924,-9.115101,1.2012863,-4.811174,-6.372083,-3.8649156,-3.0520768,-6.6043434,-8.506567,-7.1158786,-4.3100624,-6.1142044,4.4254246,4.7371697,10.820324,9.526641,7.2645903,6.569395,5.098973,1.4427351,3.7595558,3.054591,4.481616,3.0739794,3.7681675,0.4037201,1.175594,happy
-432.72552,90.78944,-25.493458,2.8122149,7.7268734,-24.951166,-23.03385,-7.8121834,-24.023657,-8.232745,-4.3839025,-9.210517,-7.9420476,1.2541565,-10.016401,-0.5768787,-7.4582744,-9.8121605,-5.66164,-1.6694945,-9.475905,-9.470043,-7.4170947,-4.654801,-6.755672,5.706419,5.2856474,12.446574,9.604607,8.072183,4.9415603,0.8399173,0.8012735,4.5662594,6.7805777,6.6556883,1.647157,0.8060642,0.92294014,2.4349244,happy
-429.8363,45.26654,-17.145601,6.151324,9.057572,-8.398333,-12.971234,-6.983992,-17.518251,-0.40134677,-7.7658973,-3.9058096,-2.9068692,3.3488789,-7.0400777,0.9193708,-2.5019147,-7.6161237,-5.535824,-0.10883678,-8.136513,-6.422724,-8.380016,-1.1170709,-2.8334482,2.7448504,2.6994247,10.532368,8.605168,8.921063,9.02466,6.3814025,2.5711408,2.5562565,2.159036,4.5925784,4.4761906,3.3592665,1.263085,1.3064585,happy
-478.6442,68.07921,-10.852606,6.9344006,11.310047,-5.3587456,-11.100651,-11.727141,-18.343096,-2.2867484,-5.6130333,-5.157788,-1.4547468,2.2642014,-8.932333,2.8940938,-6.950027,-6.9879518,-1.7648476,-1.1348401,-5.525421,-5.442668,-5.3395,-2.9930427,-6.421748,-4.3058147,-4.3324537,0.4849711,-0.1712479,2.335869,6.620014,7.143337,5.449404,7.32724,5.024187,4.1100383,1.4133921,3.393669,1.6475093,1.4878424,happy
-784.45667,84.55602,14.042388,23.71593,20.042273,11.846883,-1.0403911,-9.435165,-2.1606576,1.8306116,-0.6379327,2.631776,3.4160528,-1.0048606,-1.713287,2.8606174,0.005767854,0.18289447,-0.7392734,1.0815792,0.45061398,-1.0064481,-5.132078,0.9538974,-3.5967348,1.0833917,-1.7660161,-0.46469632,-1.6083367,-0.07861025,-0.53703976,0.8342618,-3.0826328,0.32040337,-2.2744691,0.7044845,-0.21959181,0.578608,-3.4118302,-0.8494669,sad
-794.7289,65.59234,11.631994,21.250078,14.342446,9.653256,-4.4551578,-7.8358784,-0.12639102,0.59301865,-0.16130929,1.1988387,2.2224658,-0.8745583,-2.3657773,0.7882338,0.7358442,-2.6390631,0.5193602,2.143629,-2.3052123,-1.2902124,-5.8284106,0.44873977,-3.7300625,1.4527042,-2.491097,0.12471647,-1.9342616,0.5774539,-1.693431,-0.8452101,-2.1478674,-0.45778957,-1.4649258,0.71977454,-1.3790929,-0.56486595,-3.9996407,-1.4910805,sad
-763.6296,62.881405,15.213204,21.08852,12.8557,13.3681135,0.27464876,-8.898713,-3.157596,1.9289067,-1.7662809,-1.9722365,3.2802427,-4.138719,-2.9629676,1.6605927,0.9713566,-3.9915242,-0.3284131,-0.32184622,-1.384889,-0.20713669,-7.337259,-0.051281467,-3.7056704,-0.45705095,-1.8538069,-0.29852086,-3.057507,0.26958278,-1.9167339,-0.03366714,-2.3915951,-0.17375991,-2.2424357,0.88709414,-1.4148989,0.23932771,-3.595296,-0.89971244,sad
-780.4646,75.231285,25.946894,29.145561,18.389946,16.365257,3.7564008,-6.8501554,0.11462192,7.596118,-0.31959236,2.5467186,4.5240216,-2.7524571,-2.5346882,2.466407,0.31531426,-0.03617563,-1.0837538,0.9245831,-0.6589936,-0.028499296,-7.23503,0.76493376,-4.8574204,0.81041545,-4.32505,-1.5213902,-3.7620313,-0.31608555,-3.104182,-0.9891288,-2.9992185,0.8179273,-2.4704463,1.254147,-2.1503122,0.42290366,-2.5961118,0.4756773,sad
-656.84735,97.67241,5.873047,26.870398,18.40863,2.5836792,-10.621047,-10.063288,-11.405523,-3.582467,-1.229917,-10.525507,-1.1800237,0.71531653,-5.891292,0.2632278,-1.850851,-2.821148,-4.868976,-0.05914019,-5.933807,0.027343515,-7.9633055,0.7056171,-5.6399684,0.61403733,-5.346531,0.8698297,-3.4393718,0.44029254,-2.225548,1.0381966,-3.3343737,-1.2357607,-2.6130464,0.26596642,-1.2313118,-1.4708945,-5.0329328,-2.2166934,sad
-653.8775,81.53472,0.41031355,24.261715,20.744986,1.9272287,-13.445878,-7.523539,-7.510941,-2.3058171,-3.5620997,-10.046648,-4.2035804,-2.8455188,-2.916936,-0.4555727,-1.782759,-3.2276728,-4.6285276,0.46173403,-3.6623888,-1.1256353,-5.2251806,0.90742487,-4.6755757,1.0959477,-3.7135038,0.917284,-3.371778,1.8056915,-2.0734863,1.5763034,-2.9202394,-0.08774344,-1.046812,2.366214,-0.90842384,-0.61488545,-4.1570573,-1.789502,sad
-668.0066,79.50107,4.1724052,24.877441,15.856004,4.9033895,-10.75188,-8.741389,-10.159615,-1.0914755,-4.502696,-12.333343,-4.9064274,0.10523165,-6.937194,1.7813941,-1.1411699,-5.336575,-6.4962153,2.6621227,-4.3888636,-3.297953,-5.8219833,-0.8974464,-3.5137303,-0.44317275,-6.086854,-0.51521903,-4.3179665,0.14566818,-2.4753714,0.698657,-4.4213414,-1.4143876,-1.566218,0.85001683,0.06349102,-0.33061746,-1.8329717,2.280323,sad
-651.6191,92.63372,6.6229005,31.905704,19.277342,5.621213,-7.22259,-11.022055,-12.293354,-0.6803911,-5.2080235,-14.83537,-2.1125298,-1.258431,-8.41594,0.26967254,-1.3644762,-6.4489813,-7.2632055,1.4733008,-4.4131465,-3.7187855,-7.120614,-1.2849795,-4.5514293,-2.0542364,-6.0673685,-0.49767038,-4.1689878,-0.8712242,-1.896828,1.1101367,-2.3203337,-1.1608965,-1.515241,0.9314535,-0.19134134,-1.8238994,-3.7699208,-1.8317397,sad
-673.2545,84.158066,1.6828027,23.48489,24.18368,3.1066062,-3.5069478,-4.165999,-6.231084,2.3863244,1.1325797,-3.5721138,2.8971224,-1.43635,-1.7118944,-0.076185904,0.28572682,-2.3837662,-2.7346995,3.0738251,-2.0975046,-1.8254921,-6.6829658,1.9379781,-3.7063231,-2.1018918,-3.023079,0.31522483,-3.6856852,-1.3219243,-2.6899436,0.32086325,-2.5352895,0.043929115,-2.5711122,1.3977447,-1.9406159,0.6331455,-4.2288675,-1.5330477,angry
-639.7003,78.73726,0.6576355,21.507494,22.898348,5.279063,-2.7478194,-4.9407935,-3.6977816,2.6768804,-0.93140566,-1.8444675,4.0823584,-0.7740028,-1.1353087,0.25838345,1.2814293,0.12736796,-3.447784,0.67038065,0.40562433,-1.6481582,-5.4814973,1.6296191,-2.007305,1.2879202,-3.1546698,0.81737214,-0.7147217,0.06467225,-0.2688098,1.5921111,-0.94391006,-0.20419784,-1.1884706,1.6519254,-1.4719119,1.5640669,-1.998006,-1.5129988,angry
-545.14636,69.48502,-12.248454,15.05326,20.671024,-3.5206137,-2.5619094,-8.07614,-14.960059,-0.63359934,-0.74016184,-7.141365,1.1804179,3.676398,-5.736739,-3.1107213,3.404255,0.69641805,-9.231153,4.31971,-3.5679297,0.13714018,-7.30914,1.762414,-2.539752,-0.83005476,-3.4910824,1.4044502,-3.3762963,0.003178149,-0.8987399,0.4464896,-0.79989064,1.7329192,-3.9878492,-0.4434788,-1.3655074,-0.7597546,-2.8318782,-2.554534,angry
-601.475,73.32973,-3.8744018,18.18853,22.09313,-0.8243231,-2.7427309,-7.8962007,-10.432857,1.2826425,-2.5541685,-7.6657615,2.048435,0.64201987,-4.1453614,-0.6274098,3.4098938,-0.6153502,-5.854248,1.7480078,-1.6332291,-0.12933491,-8.188519,1.495166,-3.5998323,0.34537047,-4.902743,2.0468614,-2.0536613,-0.23518671,-0.6342369,-0.76331896,-2.028288,1.0694288,-3.6619618,-0.8344412,-2.8271484,0.5297907,-4.071959,-0.65197086,angry
-305.27374,60.51654,-23.16391,4.2864046,3.435208,-13.378945,-10.2576685,-5.125138,-8.0544815,-1.3858179,-0.09088628,-1.5584908,-0.82084346,-2.0113454,-3.2177048,-0.7954218,-1.3838092,2.6108592,3.0005953,7.880931,4.445551,4.405634,4.646086,4.221105,-0.51136464,4.5784373,0.5155877,2.9923334,0.7609034,2.8929672,3.253078,3.7868671,-0.07574142,3.3437147,1.2394341,3.0688722,3.32783,4.110511,0.89458925,2.8612885,angry
-315.74466,62.91669,-25.209589,2.9887507,2.2524948,-13.449091,-8.844815,-8.173359,-9.024847,-2.6489708,0.06388068,-0.7956888,-3.0272934,-0.6329085,-3.475037,-2.2572877,-2.570143,-1.5812037,0.3398308,4.4346423,-1.4635181,3.4834778,2.5017977,5.069227,2.4329996,5.3244157,0.9711767,2.8111567,1.3804885,5.0405173,2.612754,4.563397,1.6002772,2.8177607,2.1953926,4.2726474,2.0199232,3.3028777,0.93706596,2.756274,angry
-250.01686,62.662697,-25.64831,-0.43998414,-2.8336217,-17.943548,-17.300732,-9.638244,-7.146151,-8.708864,-0.40160745,-1.1974819,-1.7323927,-1.436413,-8.196438,-0.05959731,-3.6001332,-3.281244,2.060791,8.254949,2.5662549,2.95652,0.8877473,7.925513,-0.7917261,4.3527117,1.7243731,3.291509,0.99765086,2.2822857,0.38147834,3.2923715,1.0611926,3.5630524,1.4683201,3.8900523,1.7337656,3.615402,1.2660071,2.178091,angry
-285.01,55.518394,-24.324078,-2.4157352,-3.655409,-12.275055,-7.6877475,-9.985541,-2.5311763,-5.274888,1.5206827,-0.78774893,-3.0264273,1.3607079,-8.073197,3.0646136,-1.2595173,1.7043953,7.085654,10.513759,4.3028493,7.521715,3.5653899,3.0699046,-0.014747502,4.117015,-0.1557231,2.3131404,2.017346,4.5299034,1.8192892,4.1948433,0.5175241,4.226954,2.5946507,3.4967003,2.2364569,5.3191137,0.5856733,3.100287,angry
-758.8868,67.13761,10.473621,22.074594,16.360186,6.252835,-0.26736218,-2.5979435,4.0229273,1.536389,-2.6370714,4.124727,1.0554075,-4.380169,1.7888159,1.0522236,0.08341396,0.22325498,-2.9200773,3.1134079,-1.3809836,-1.7853183,-4.868667,-0.7171897,-3.8244872,-0.27268627,-4.58933,-0.13892516,-4.9900193,1.1659918,-3.4887195,0.15307075,-3.0810719,0.074193105,-4.3253984,-1.0998851,-3.3411114,-1.009882,-3.1885471,-1.32836,fearful
-733.8684,65.47383,11.692271,25.771448,16.967031,6.5139036,-0.8462334,-5.2288322,2.9651499,2.8196814,-0.9074596,2.2892466,-0.1810982,0.033110946,3.2100797,0.550454,2.568592,2.3249333,-4.301947,3.6015384,-2.6240268,0.5122235,-3.1870885,-0.54625976,-3.9021301,1.0196782,-2.7906263,0.8635366,-1.3160892,-1.197531,-1.6259938,-0.1857516,-2.7095544,-0.4052367,-5.279663,-0.63443834,-2.1416068,-1.0250747,-3.2964451,-2.6123607,fearful
-739.8656,69.25166,18.967512,24.224203,17.410213,10.930054,1.8164041,-5.0289474,3.0746787,4.5915775,-1.3033403,5.593067,2.1543958,-2.7862825,3.5463011,3.2151966,0.9725731,3.799881,-1.991767,2.8209023,0.048314776,0.09910413,-4.5739055,0.98125064,-3.9241822,0.8175616,-3.897023,-0.011977585,-2.5384517,1.9321212,-2.5326412,0.87812,-4.6240535,-0.833066,-4.4605546,0.90556705,-1.4550751,0.67584395,-3.690282,-0.04416497,fearful
-759.0874,62.277603,17.799467,26.674799,12.848522,7.0537624,0.98834896,-7.077404,-0.8888633,2.2950816,-0.6257508,3.0232587,-0.9859075,-2.3725703,0.3067749,0.9632404,1.0480793,1.2378737,-4.404353,3.738458,-3.62391,-1.6105764,-4.5856495,1.4310181,-3.4643726,0.043298338,-3.6947153,-0.35228753,-2.5081806,-0.25336984,-3.865295,-0.8997837,-5.1637435,-0.9207242,-4.303324,-0.5715888,-3.113096,-1.209222,-5.8926735,-2.2183933,fearful
-577.08093,80.42217,0.18589291,23.473923,19.194622,-7.644905,-8.163642,2.9179618,-8.289042,-4.9428673,-1.445789,-5.0459766,-5.348377,2.980889,0.903552,0.201092,4.3403306,-1.9109961,-3.8665018,8.512677,-5.807553,1.8170853,-6.009568,2.027907,-3.6232812,1.0090113,-2.8286092,-0.21693404,1.2969512,-1.2003967,-1.370487,2.2511728,-1.406993,-1.5110208,-1.057777,1.12366,-1.2391431,-2.0153377,-1.0863664,-0.7616071,fearful
-658.2687,62.30507,4.886606,25.829962,18.026033,1.1814185,-4.367811,1.6693002,-0.60697114,-2.5068567,-2.4549165,-3.2954504,-8.222499,-1.038279,3.9674394,0.89189214,0.2037083,-1.1152898,-5.0022173,8.2414,-3.0923512,-0.5855522,-6.429837,1.0903466,-4.378412,-1.1200486,-3.4825413,-1.8153462,-1.8990375,-1.0240153,-3.402183,0.7374964,-2.90809,-1.4341375,-2.2409353,0.9933137,-2.0950515,-1.7560954,-2.7189834,0.59111786,fearful
-530.725,56.58339,-0.3774456,14.472584,10.602204,-5.961116,-9.106197,1.0950023,-10.84633,-6.137349,-4.235163,-10.007004,-5.8446174,2.4625814,-3.291509,-1.5891078,-0.72938967,-5.553123,-4.996166,2.6767561,-5.4510384,-4.026015,-9.222848,0.28559005,-4.976055,-3.354978,-6.1210537,-3.2362545,-0.38669163,-3.566515,-1.9055599,0.7533822,-3.6805751,-0.34545514,1.0257213,4.405243,3.89763,1.0769522,0.7357302,1.9606127,fearful
-503.2067,59.72176,-1.5105854,13.020855,11.545323,-6.877602,-9.591688,-1.0001782,-13.001893,-6.2674375,-2.8938594,-12.448836,-5.5354013,2.784812,-5.061465,0.06010781,2.3235364,-7.6887546,-4.644005,5.7071276,-5.589866,-3.227885,-7.173666,-2.0791328,-3.7927468,-4.385401,-6.24337,-2.2377326,-1.4669566,-3.1930437,-0.25738487,3.2616675,0.5989646,3.9787602,2.396741,5.069267,3.0995665,2.4250653,3.8937418,6.5020685,fearful
-690.883,96.61758,-5.9866,20.699219,14.336127,-0.83905035,-8.593754,-8.756528,1.1078587,-1.9312466,-3.6622205,-1.9542252,-1.2248873,1.3065898,-1.3218235,-3.4285402,2.269417,-1.4746825,-6.1907163,1.1855075,-4.843026,-2.385467,-6.3480577,-2.6641943,-1.0607107,-0.57422423,-3.9868765,0.89639884,-0.6270712,-2.0843253,-2.3031912,1.1653033,-2.3873522,0.25847542,-1.242197,0.8457752,-1.417784,-1.068557,-2.7639716,-0.5571832,disgust
-716.94714,83.35519,-1.1625807,21.33598,15.565907,-3.7544396,-4.6900053,-6.3555055,-2.3504405,-1.0327426,-2.8833969,-2.7245848,0.11999867,-0.34717488,-2.7785032,-2.5038943,0.68535876,-2.4012816,-3.9409034,-0.21266341,-4.6371264,-1.598624,-5.3591866,-0.80308884,-4.0135713,0.34914327,-4.880615,0.5537496,-1.0858467,-1.2595199,-1.732472,-0.6140194,-2.279649,0.507245,-1.7966703,0.52252865,-3.0921967,-1.9804274,-2.7251883,0.18337595,disgust
-725.1281,79.38961,7.662799,27.379448,13.267044,3.3891966,-0.8010933,-4.0097184,-3.1364093,-3.3449953,0.05689162,-4.137006,1.8123035,2.0458007,-3.857074,-0.26718965,3.3499324,-1.8026546,-4.0025797,-0.2746544,-3.127216,0.84211814,-7.903825,-1.0209334,-3.5028582,0.6782656,-6.1112785,1.1096239,-2.7343936,-0.47436482,-2.5821142,0.16682553,-2.406739,0.3222515,-1.4258657,0.38133928,-2.065703,-1.0910805,-3.4455853,0.06942564,disgust
-660.22736,82.500694,1.0120878,30.451862,12.987476,2.9052591,-6.1746097,-14.119661,2.008449,-0.8527984,-3.4962897,-1.8048247,0.3815681,-0.038997587,0.20252392,-2.0193675,2.6366932,-1.9821547,-5.0865803,1.9305798,-6.439011,-2.013943,-5.3990703,-2.0066767,-2.0445652,-0.3573163,-3.3996522,2.42643,-2.1900043,-0.44430268,-0.05854307,-0.026784094,-2.9202547,0.88234276,-2.4312153,-0.11504373,-1.8687596,-1.9265348,-4.8176427,-2.4519475,disgust
-663.3364,85.74843,1.146466,19.270864,12.155231,-6.254682,-1.1450144,-2.7776527,-2.1482475,-7.29734,-6.023092,-4.712727,1.920999,-5.343704,-5.6721873,2.203494,-1.3627224,-1.4144539,-1.5721483,-2.183283,-2.727623,0.0030948638,-5.256526,-3.1708262,-1.7970198,-0.9908006,-3.8679593,-0.6467319,-4.019605,-1.4496171,-3.1881123,-0.22603042,-1.8819127,-0.75102377,-3.1438372,0.49795285,-2.2643752,-1.7989608,-2.5609064,-1.211884,disgust
-642.38995,82.04833,0.93033165,24.502441,15.359826,-5.2167764,-2.2617166,0.39555517,-4.196771,-5.07891,-3.9959223,-4.8934984,0.48054242,-1.7097452,-5.76727,0.9372758,-0.06460184,-2.270165,-2.7344818,0.39624622,-3.162661,-1.6738834,-4.5557036,-1.3628646,-2.0028844,-1.0468214,-3.9192467,0.2189845,-2.4196918,-0.9215176,-3.1587791,1.2237065,-2.55082,0.61280084,-2.3924637,0.56140023,-1.898449,-0.9594682,-3.8406503,-1.0772083,disgust
-641.46826,77.55382,-3.7387764,22.79467,14.7977915,-3.1541338,-0.21092635,-5.593146,-5.4171453,-4.3032207,-3.5790837,-5.7899446,-1.5305959,-2.580653,-5.179138,-0.6096165,2.4055636,-2.68482,-6.5328293,-0.4908858,-5.133133,-2.3409336,-6.282454,-2.851393,-4.5331945,-2.1346002,-6.1411777,-0.118052,-3.1107807,-2.4537785,-2.815572,-0.07122175,-3.446506,-0.55417776,-3.4634442,-0.9417854,-2.7709312,-3.0533814,-4.007049,-1.008435,disgust
-623.67474,91.8017,-6.592445,17.233286,15.166999,-6.2723155,-1.0705166,-3.2254348,-8.99404,-2.841692,-2.1105645,-8.377268,-1.1464686,0.9381206,-3.267317,-2.555718,2.611458,-2.7689948,-4.7678185,-3.8056529,-1.8576828,-2.0770211,-7.177847,-1.3887838,-2.9536743,-1.121164,-4.6035795,-0.122897156,-4.1917386,-0.8033319,-3.3195906,-0.7773326,-2.2467148,-0.9011365,-3.0694013,-0.4963076,-2.6382823,-3.3000798,-3.8657453,-2.432529,disgust
-735.17865,89.01806,17.002613,22.454311,17.722878,7.556143,1.3145872,-0.1564958,3.1721945,2.3583696,-3.8049426,4.48932,1.389125,2.7541149,2.4818783,1.3234826,2.8689344,0.6806353,-1.9677535,5.753242,-1.9516065,1.4436809,-3.960941,0.8966347,-3.1784475,2.5955348,-2.6743176,-0.85357076,-0.8923646,-0.74249935,-0.5162819,-0.41392985,-1.0732036,0.4120736,-0.7777391,2.2161558,-1.6125209,0.13841093,-2.7073417,-0.0023029023,surprised
-733.3746,84.179665,9.351441,22.061535,17.495493,-0.82321644,-1.1657082,-3.4563184,3.433526,-1.321159,-4.4544787,1.3428625,-1.3234307,0.40698338,-1.0736073,-1.5855645,-0.23366845,-1.8364787,-3.2242494,3.3682706,-4.5444717,-1.2928352,-4.277452,-0.15020348,-4.391158,0.409159,-4.5043225,-0.7563521,-2.8332665,-0.5025236,-1.1166246,-0.69503415,-1.677576,0.12806174,-1.7230918,0.23494327,-2.055068,-0.3778491,-3.607217,-0.551558,surprised
-696.4122,88.16607,13.071855,26.558084,18.395365,4.2819786,1.1827775,-3.4896708,2.5608187,0.61968905,-5.0613856,3.577864,0.31660846,0.8189899,1.5586832,1.2309585,2.4271452,-0.83720124,-1.9773804,4.8283834,-2.2051725,-0.54603696,-4.009621,0.958259,-0.76379365,0.22203626,-2.2663271,1.0048802,-2.013554,0.9141073,0.019408299,1.0873604,-1.2793546,1.0263065,-2.2793767,2.1588793,-1.8284315,1.0153761,-2.1192892,-0.12634534,surprised
-712.5647,84.73544,8.010246,20.61996,14.393435,-0.08206791,-2.9321759,-6.6016226,-4.431049,-1.5710942,-6.0839663,-0.97473407,-1.1650091,1.9322965,-3.9390914,-0.9223349,0.9084798,-2.0115435,-6.3530645,3.8000586,-3.9257674,-1.645956,-5.9562826,-1.4509933,-4.266674,-2.066794,-4.7604737,-2.4165366,-3.7231917,-1.4678545,-2.2681212,-1.0967844,-2.7998068,-0.5203022,-2.434223,0.36235076,-2.0859034,-1.582952,-4.2879906,-1.7553844,surprised
-616.43475,62.554928,3.7679675,16.174294,9.282089,-5.3703127,-3.6897478,-3.910091,-2.4848456,-4.2152805,-6.020876,-2.0949187,-3.6897607,-3.3576696,-2.5322065,-2.2694755,-0.1328238,-3.1632998,-3.425036,1.8713928,-6.251793,-2.3557816,-5.5549817,-2.725354,-5.5518193,-0.4244188,-4.3865194,-2.0526855,-3.1876357,-1.3640499,-1.5975424,-1.2778246,-3.8551786,-1.1398602,-1.7071867,1.3435382,-1.0682677,0.012566137,-2.0616693,0.097821884,surprised
-681.2457,82.27036,11.96829,22.858051,16.542412,-1.4394889,-1.6996968,-2.4345934,2.199774,-3.0152338,-2.8311741,1.3446714,-1.8984686,1.2127566,-1.9700046,-0.93534213,1.8736094,-2.4679441,-2.4261537,2.494731,-4.4654064,-0.006866491,-3.7285028,-1.6651148,-3.414237,1.2340459,-3.9805677,-0.036984842,-3.521554,-1.0856577,-0.51811016,0.22218548,-2.6174688,-0.4457508,-2.9464133,0.9892518,-2.445924,-0.9556829,-3.3677118,-0.40410095,surprised
-693.24146,76.216,15.53642,22.188786,13.176343,4.4873133,-1.8355601,-2.4363644,-1.5107876,-5.4888306,-4.6821165,-1.3346452,-3.8197434,-0.16346836,-3.2766747,-2.141066,2.1882074,-4.2975593,-4.013319,3.071436,-4.973459,-1.3146334,-5.4249086,-0.66611004,-4.366975,-0.37543872,-4.8067408,0.28360894,-2.5517437,-0.8312687,-0.83916026,0.54724884,-1.0654863,0.6904696,-1.664971,0.7245997,-1.8311024,-0.35878044,-2.6198056,-1.2884157,surprised
-682.042,77.23423,8.852427,24.80115,13.854284,-0.4435803,-1.5063956,-2.987566,-2.3615825,-2.770345,-6.3967423,-1.1475903,-3.7959344,0.48504552,-1.5524975,-1.95058,0.9719475,-2.9104106,-5.695699,2.9828188,-4.690629,-0.99552274,-5.1095257,-0.59422785,-4.1276803,-0.6860394,-4.9344935,-0.90397245,-2.744026,-2.2939022,-1.1626576,-0.054121997,-1.7487686,-0.11003422,-2.2283356,1.7235807,-0.71626174,0.39243644,-2.0516787,-0.96183264,surprised
-541.5774,58.32755,-1.2793218,3.7086308,4.293719,-5.661194,-9.451394,-10.151514,-5.798764,-2.7581558,-8.375859,-4.968873,-1.1941562,-6.343368,-1.568954,-0.93601835,-3.1058602,-4.778704,0.33183527,-5.695038,-4.008597,-1.3133332,-4.166134,1.9879577,-3.6350214,4.8494053,-1.3036635,7.935077,2.4349396,4.0958657,3.5747442,3.95828,6.11216,4.343515,6.510044,3.3626244,2.1655705,2.5842519,0.84883165,4.621672,neutral
-505.38995,67.09486,2.5371497,4.67951,-0.22055218,-10.882285,-12.979775,-15.822232,-7.4680476,-3.617672,-7.8501005,-6.695973,-1.9584292,-7.7935314,-3.7816923,0.09278423,-3.2285736,-4.5332417,0.36362216,-8.230413,-2.9191256,-1.7065709,-5.934498,-0.1082219,-8.38237,4.052098,-5.984494,6.651791,1.6289872,3.996683,0.11639827,1.5006601,3.987868,4.735462,9.522183,8.644928,6.808113,2.9768436,1.2394078,2.2866883,neutral
-507.98648,60.408695,-2.3997152,3.6572816,2.1530416,-9.924002,-13.054953,-19.332577,-8.216934,-0.46921846,-8.978356,-7.144717,-3.425069,-6.5341725,-0.29505962,-4.023518,-4.487205,-5.6035795,-0.38759542,-10.032709,-6.452259,-2.806178,-7.281049,4.3736086,-0.5129169,8.432768,1.8502132,11.970314,6.493434,9.59877,8.937697,7.229912,4.7821817,0.9129423,0.9987008,1.149042,1.7641987,2.8491533,-0.8091312,1.5291414,neutral
-563.3318,59.822296,10.536848,13.0336485,4.2775955,-1.8062615,-7.452777,-11.880723,-5.156547,-1.285071,-6.806524,-5.737442,-1.597247,-3.3511348,0.021238415,0.055128362,-3.2055647,-2.221337,0.2293727,-9.41169,-6.147245,-2.743292,-8.594914,-0.8986722,-7.8631296,2.2802615,-4.934513,4.7276726,3.482701,2.6455421,3.796316,3.334588,6.98942,5.579055,7.846648,3.6580138,1.9454889,4.265616,5.4880075,6.80787,neutral
-510.4398,65.5989,-6.280683,13.105397,-0.6044205,-13.361641,-9.536976,-20.649263,-8.449779,-7.4803944,3.8881004,-8.30668,-3.7721097,2.806995,-5.023173,0.5668383,-3.1114938,-3.2505448,-3.4184213,-6.9853826,-5.7901073,-1.5879824,-4.8859544,-0.17800997,-1.4520853,0.41173705,-3.1532269,7.438447,1.9677246,10.372555,5.6511154,7.9258733,4.806755,6.812444,2.508074,5.208287,3.2034712,3.8849895,0.86790496,1.5245315,calm
-533.2844,65.50166,-6.020339,10.039553,2.6973877,-6.832441,-7.922657,-14.7326,-1.8294948,-3.1489232,-6.645351,-5.266042,-0.51207733,-1.9679064,-3.4224741,1.7910963,-3.8326747,-2.9677017,-0.4644147,-6.5815067,-3.0881627,-2.0501132,-5.8118615,0.6903762,-5.5282807,1.7015666,-4.9064064,3.8404949,-2.0838556,-1.2385432,-0.3242535,0.6399645,3.3552377,6.8180118,7.6793323,7.6899595,7.6035323,6.867362,5.592245,3.6535556,calm
-509.45517,52.40825,-2.269428,9.54381,-1.0728657,-10.908194,-5.940578,-22.927633,-6.6120334,-4.5950627,-6.4166336,-8.286648,-3.3175528,-4.59623,-6.317441,0.03886792,-4.8709908,-4.36749,1.8939186,-6.801228,-3.674124,-1.5758742,-8.071753,-2.9800408,-6.9283514,0.9664964,-0.07309136,11.357489,11.202845,12.745425,8.631836,8.756784,6.7886972,9.141758,6.23768,6.7852626,-0.5174335,1.0136657,-0.4896412,3.076522,calm
-506.0504,59.467697,-0.6066737,6.3142924,1.0161177,-14.500141,-8.987226,-19.392818,-5.033561,-3.2175877,-8.62373,-7.0130343,-3.8392992,-6.5686674,-4.2598658,-2.488397,-3.3322573,-5.54986,-0.5559388,-6.1952863,-6.1690164,-2.2756693,-8.924602,-4.412655,-5.1310196,4.2196074,-0.048710223,11.519816,9.109247,8.123137,6.307715,10.187761,10.08103,10.777478,7.4526687,4.671579,-0.77520925,1.5241671,1.981958,2.6555538,calm
-520.8613,62.206932,-7.495619,7.025444,5.220107,-10.471649,-13.4696665,-20.733261,-6.594812,-3.904079,-4.832135,-5.856505,-0.977114,-1.3292748,-2.2677739,3.3008413,-7.2063494,-3.9886417,-2.2339654,-8.16681,-3.5755403,-3.487298,-7.9029813,-1.6095135,-4.5854397,1.3594612,1.2843189,10.286638,7.112035,11.093064,8.387697,10.159515,9.090696,8.601683,3.588804,2.5687485,-2.625889,1.859852,0.8881843,2.5034926,calm
-526.60986,64.49851,-1.5363514,2.7620094,1.3346134,-8.1703,-10.690856,-18.540648,-9.613938,-4.1833787,-2.8611379,-5.6235585,-6.158923,-2.3927007,-4.524571,-3.9618502,-5.259311,-7.664729,-2.0585372,-7.8763523,-5.697664,2.1348684,-6.012032,1.5833137,-1.6065483,2.3857937,1.3317101,11.474125,12.34022,16.336681,14.417093,10.673044,1.5191517,2.4298704,-1.7495427,5.7229924,0.49436533,1.215977,-1.9666076,-1.5574325,calm
-523.91064,67.745964,-3.748554,10.743549,2.113623,-10.894732,-7.6423836,-21.591335,-7.2202797,-4.482109,-7.5045342,-9.227605,-4.545211,-1.611499,-4.8379,-0.91891325,-8.507835,-5.296777,-0.105163865,-9.423528,-3.1170425,-3.3116693,-9.076639,-3.196874,-7.828259,-0.04964127,-3.8325384,11.688201,14.101946,16.635061,13.408472,9.064709,2.3231487,2.8643034,5.2870493,7.5516825,3.5067697,2.6667235,-0.13655034,1.929523,calm
-560.01263,73.911606,3.8691614,9.468488,4.76126,-2.8939917,-6.622828,-13.969986,-5.2323794,-4.0507426,-6.488441,-8.893343,-6.007271,0.2307957,-5.945861,-3.932297,-4.6533403,-5.374751,-1.6069837,-8.075686,-5.1979275,-2.1785555,-10.665518,-2.8090832,-5.3391094,-2.8087478,-6.362982,-0.36796024,-2.1389017,0.5198964,3.5275016,11.0013275,11.477154,13.968591,8.222269,7.064069,2.725801,7.235392,7.2115636,5.878339,calm
-481.97223,54.01915,-15.818763,4.1829295,3.6777906,-9.803859,-5.812366,-16.74422,-7.994626,-2.437499,-6.877484,-5.6188083,-3.711031,-6.6894636,-2.4103355,-4.7623577,-2.8231819,-4.064855,-2.308108,-1.4175606,-6.1353526,3.515841,-2.758777,0.3817959,-0.062756464,1.8117864,1.6181853,5.809702,4.17049,3.8026452,3.7069952,7.1004534,3.7973433,5.3292994,-1.013874,2.539824,-0.7924773,4.489561,2.562037,2.1957386,happy
-475.71747,52.63085,-11.862541,4.1678424,2.3665183,-12.2480345,-10.410616,-17.27853,-9.480785,-1.0249681,-10.96985,-8.711905,-2.490911,-8.398629,-2.033721,-4.5750403,-8.006704,-5.4399805,-4.3211665,-2.4780877,1.2852437,9.425827,6.7808404,11.255848,3.8288393,4.8512545,-1.4441267,3.2330089,2.5676346,-0.14730786,0.44477507,0.09395716,-0.74983656,0.926243,-0.47504592,0.5035708,-1.8845814,1.0180427,-1.907619,-1.0479045,happy
-478.4268,47.246017,-25.07535,5.530987,-1.0406857,-12.789108,-17.09686,-22.952374,-6.0068154,-1.5956992,-14.110458,-6.783131,-1.0223565,-9.732389,3.6981463,-2.43672,-6.789735,6.999984,6.461214,3.3615198,4.575516,6.6265955,7.794184,7.962847,5.364913,3.952503,-1.6786832,1.123378,0.5760979,0.68727046,-2.6947439,-1.8437989,-1.5420241,4.321972,2.8951225,3.9725556,0.9980395,1.9153994,0.0770557,-2.9285889,happy
-477.593,59.77672,-13.220042,4.844395,-4.8277626,-16.379108,-12.642882,-23.385544,-10.0173855,-0.29031923,-12.914217,-6.162901,-2.2786593,-8.928472,-2.384212,-3.8150215,-5.016025,-3.2556043,0.15537414,-1.4107311,-1.2773271,8.180222,4.554185,11.669772,6.1756454,8.878468,3.286177,2.5842054,1.7917035,-1.3984172,2.2935321,3.1777396,1.6210743,2.5460632,3.1189344,4.033687,-0.63410014,0.7226275,-1.32645,0.8171536,happy
-321.5354,45.07639,-38.500034,-3.7815936,-4.5223436,-28.068438,-14.101318,-26.221012,-20.745144,0.50378513,-18.095732,-12.60926,-3.2231798,-10.6042795,0.9434933,4.7163463,1.6559737,13.259258,9.3878355,3.6243525,-0.5189961,3.738385,-4.603672,-1.6646392,-3.4536998,-1.0619742,-2.1051147,-2.8614745,-1.285862,-1.6783266,0.84627354,2.1953359,-3.3547125,4.751244,0.62697667,3.76863,0.5210675,3.838781,-0.29280072,-0.5242406,happy
-359.04807,37.21062,-30.552313,-1.5330712,0.1318594,-20.247738,-14.432391,-21.958612,-16.832346,0.20757869,-14.073624,-12.789455,0.36902443,-2.6860573,6.8096247,9.70596,6.0055,10.412134,2.5343199,-3.5042007,-6.275484,5.051467,-4.61342,-0.80911326,-4.9700603,-1.4599581,-0.1843027,2.2391508,1.8223665,1.5148194,2.9924374,4.1674147,0.33573398,4.2912164,-2.088718,0.34819722,-1.4535673,-1.0496215,-3.2287164,-1.4053297,happy
-311.7196,27.523756,-30.002342,-2.2477224,-7.402002,-20.195194,-13.851533,-20.444283,-20.212109,-3.0348592,-15.384546,-14.657347,1.0079236,2.6467133,13.34891,14.10959,3.4058063,6.0659857,-4.8413854,-5.9151125,-0.11224353,3.9374897,-6.152799,-4.657051,-3.7467358,2.4582448,1.7261149,1.3178418,1.2977992,5.184017,0.57544404,-3.1937282,-3.716197,0.17206915,-1.1236428,-1.4882177,-2.3920658,0.45717144,-3.8451736,-0.3668349,happy
-302.9354,35.69665,-41.628765,-1.0452162,-2.8183148,-24.545784,-13.578766,-23.951881,-22.964373,0.9364643,-19.016188,-11.438592,-1.5676376,-3.3000386,3.9530132,8.487579,-1.0666617,13.480428,7.6927814,2.3189058,3.8743892,6.281863,1.4499604,1.0844941,-0.3314453,1.6751505,-3.6137266,1.5042076,-3.2580307,0.14570566,-1.3552057,0.9279772,-3.968411,-0.68749124,0.105916716,-0.28206664,-0.4226788,1.9101926,-2.2973816,2.1100924,happy
-596.84155,64.83778,1.4781742,13.818056,6.4871564,-6.104904,-2.2394404,-16.218985,-3.7863576,-2.639351,-6.0319824,-6.700312,0.74771154,-1.3257877,-1.1503066,0.76702964,-1.5695211,-3.496476,-0.024057461,-3.9405444,-4.3404913,-0.5455615,-3.6427624,1.4705362,-2.689775,1.3754636,-2.7797995,0.75628185,0.07787645,-0.8463967,1.013195,5.8361754,7.117018,12.371361,12.770086,10.495057,5.7547626,4.376011,-1.0169014,1.9872212,sad
-585.7478,64.8429,5.9620557,11.217922,3.84292,-4.9085417,-2.7468128,-16.054714,-5.082472,-0.32980657,-2.9310825,-5.63813,-0.7291179,-0.01867488,-0.9746263,1.575938,0.54620343,-3.380724,2.4150355,-5.2486467,-4.5496926,-1.2485092,-6.7006717,-2.7331629,-7.903537,-1.2453134,-4.5747247,-3.4731317,-1.5316019,-1.3902853,-0.9589461,1.4340717,3.951127,3.6628098,7.0662165,7.4779873,3.9042764,6.8139377,4.694584,7.2871933,sad
-592.89703,72.91489,12.233706,11.998781,7.3379283,-4.910111,-6.5793166,-18.97364,-4.674759,-1.9108032,-8.924994,-3.5057755,0.7044187,-3.2187274,-0.656087,-1.7872641,-3.951801,-1.1305695,-0.4134636,-5.4214964,-4.1476283,-1.7952061,-3.2770762,-2.5759661,-4.3502493,0.59521675,-3.9926395,3.1580956,0.68789077,4.757973,5.971715,9.729008,8.859668,8.513087,7.1710386,4.616855,2.8954036,4.0716314,2.863702,2.905346,sad
-576.1064,82.891785,12.065412,5.535912,1.7882831,-3.47216,-9.355955,-19.560028,-2.0875015,-1.310955,-10.499824,-5.1202526,0.7586068,-5.6951785,3.336495,-3.637582,-2.3533297,-0.8386211,-1.8872753,-4.0509157,-4.472247,-2.1007211,-2.9855711,-4.023908,-3.2607064,-1.3605504,-5.04932,0.9969508,-1.8405919,-1.4354886,-2.6442566,1.7848405,1.3286842,3.9325376,7.301603,10.045091,10.177924,9.745853,4.069977,4.7590632,sad
-484.68906,61.875393,-11.380885,14.170338,8.462575,-14.458169,-7.425154,-22.52892,-6.7688828,-2.2409306,-10.135674,-4.572411,1.0742391,-4.8287253,-1.879109,-2.6728516,-6.2629495,0.301302,-5.1920147,-2.7261262,-6.7273493,1.8779072,-3.2032208,0.9334602,-2.0957346,3.2976587,-0.60868716,6.640349,1.5722494,3.1580791,1.0976521,1.7418975,0.8196501,4.434447,2.70664,5.2728996,1.4611919,-2.9813325e-05,-0.247481,-0.3772522,sad
-531.37537,67.57713,-8.325945,14.324628,10.055462,-11.9373665,-10.264057,-25.31767,-5.840036,0.1243545,-8.833492,-3.545459,1.201751,-5.029473,0.4255056,-0.6798459,-3.696731,-2.5893173,-3.9126496,-2.8115005,-4.5983596,2.360177,-2.6924913,-0.647693,-3.2801917,3.2727427,-1.2065315,7.441434,3.6661918,3.7688386,1.7313838,3.908944,5.7335954,5.4308095,5.1863885,4.2955647,-0.03735434,1.9059938,1.0080996,1.6146282,sad
-563.8066,64.920944,14.830764,15.924041,5.686376,-4.1829906,-10.510421,-19.97183,-2.406751,-2.5868664,-9.867615,-2.9917247,1.5790601,-3.1639633,2.4153194,-2.6752987,-3.5791912,-2.5488183,-2.622402,-2.5274642,-5.945611,0.4245838,-3.365004,-3.7830176,-3.1263754,0.2122803,-5.372928,3.74333,-3.0454793,1.0228926,-0.26000297,5.2756376,3.0904617,2.7013607,3.214337,3.7042296,4.661594,6.7208924,4.962543,4.96315,sad
-579.10583,61.60673,9.378412,14.64288,8.861985,-3.025489,-6.177647,-20.31036,-3.8057125,-5.3956327,-10.701021,-1.3370388,-1.5351014,-4.81899,3.6056654,-1.1533245,-4.3547106,-0.66415584,-3.5162296,-2.9308956,-6.022779,0.9371973,-3.4964976,-1.8377234,1.7592425,1.1032652,-1.9387413,3.216286,-2.8042383,-0.09175004,-2.2000253,4.096175,2.6820414,5.8988366,6.5697594,9.293014,7.056311,5.8506017,1.836273,1.4543457,sad
-474.251,80.845146,-12.716103,9.597939,-1.5744922,-11.610425,-12.647045,-24.41777,-7.072089,-4.6164036,-6.628397,-6.153282,1.5127325,-4.175845,-4.8563423,1.056644,-2.2968266,-6.2858734,-1.17216,-7.4845066,-4.687914,-2.3803244,-9.65791,-2.8604784,-8.60982,-1.3027385,-4.5409093,1.8514739,-0.6971647,-2.5025291,-1.688097,-0.8778993,1.8102185,2.3299158,6.7615504,7.285408,4.948983,5.972104,2.5920923,6.9063625,angry
-412.06125,78.41333,-25.092548,5.8568215,-6.4891863,-13.403405,-9.747525,-21.500826,-8.424436,-4.3277674,-7.43613,-8.451021,-3.6750278,-5.7506285,-7.189824,-7.2146397,-3.3047683,-7.4775057,-3.47889,-1.6855525,-2.9659963,3.8946745,-0.9334739,1.279111,-1.590136,-0.45114133,-3.941718,1.4571167,0.1702794,0.43900317,2.3925145,5.12305,6.1812015,6.8599706,2.2973106,3.7666292,-1.6856825,3.8670588,1.4989411,2.7431602,angry
-433.5178,77.8453,-14.725429,2.3681011,-4.2326345,-8.495532,-15.4660225,-23.177511,-8.812603,-3.0972645,-12.138798,-2.118617,-1.6521099,-9.607938,-3.3328815,-5.283836,-9.360282,-7.5833797,-5.2159853,-9.567342,-7.1871805,-2.5789096,-7.0273023,-5.2621293,-4.6940684,-1.1079981,-5.964321,1.7597847,-0.36864436,1.1984638,2.4188244,2.3935583,3.3010755,6.6982574,7.4455237,7.1453156,5.911169,5.813652,4.356478,5.499425,angry
-433.177,82.17286,-19.175188,8.184076,-7.099283,-9.328751,-13.110766,-25.50661,-0.39602897,-7.3005447,-10.806975,-1.9495414,-6.24022,-7.6956043,-2.116691,-8.009828,-5.262824,-7.9617767,-4.3084416,-7.2464967,-8.764188,-2.6310773,-7.9811373,-8.551369,-3.213847,-6.0814075,-5.7091618,3.0794125,-0.07197647,3.2463222,3.2682865,5.865509,6.622109,10.657895,8.907126,10.201869,5.2811537,4.308575,1.3034309,1.1834147,angry
-299.83707,55.603146,-29.181498,5.9718113,-12.664306,-17.652166,-10.181867,-19.908617,-9.884112,-5.8162675,-11.371569,-7.9602914,-5.2889338,-9.6282835,-3.8005095,-8.43552,-6.6867757,-4.341829,-5.0545993,0.38165742,-2.5101368,3.6029446,1.2711365,0.7243397,4.758695,3.1382887,2.9839807,9.02454,3.2919662,2.9384704,1.1006256,-1.7368295,0.004494124,3.3335316,-0.36721,2.415441,-2.6030705,0.4210218,0.9176757,-1.5022966,angry
-284.91837,61.14262,-37.243202,-4.9867167,-20.269337,-20.017183,-11.177314,-15.516395,-19.97978,-8.761697,-12.6267395,-12.944779,-10.9259615,-12.02841,2.116752,-7.569159,-1.4249021,10.394956,3.8127534,6.7627583,2.3955576,6.6327114,1.1787091,4.854485,2.1272085,1.9098735,-1.8543316,2.523876,-1.7867055,-2.5769334,-1.2604271,-1.3482817,0.71268916,1.5235627,-2.2863526,2.525193,0.59364694,0.505415,-1.840671,0.6942934,angry
-342.2804,46.61077,-19.767212,-2.8421674,-14.108098,-15.026705,-10.505719,-15.576005,-16.75041,-6.2082276,-9.366626,-9.145351,-8.289832,-4.825744,0.27596295,-3.6641662,3.495111,3.2403111,-2.9696262,1.2453357,-1.7759773,5.331543,2.2753909,-0.0811616,-4.57117,-2.0070322,-3.2277102,2.7760978,-1.5233554,-1.3614142,-0.2587799,2.956022,4.6336684,2.7522414,-1.236585,1.4834154,-0.76740015,1.0588953,-2.3666148,-0.7850073,angry
-319.5029,46.19262,-28.747269,-1.2681161,-20.224272,-15.84045,-13.141579,-17.344154,-16.41659,-7.524852,-11.837075,-8.889994,-9.877815,-8.831907,-3.1665654,-11.22138,-0.42106426,2.5949554,-0.6215282,4.382953,-2.853798,1.0809437,-5.4495955,2.770372,7.560065,6.6849504,2.6632302,2.2673979,2.0419772,2.044006,2.103707,-1.7659891,-1.5721555,1.8995415,-3.1329873,3.1001084,-2.2571754,3.0258093,-0.14824493,0.002250554,angry
-516.0485,56.52051,-8.237587,6.6094036,4.1381187,-6.962611,-11.732887,-20.911526,-6.2429805,3.3206365,-8.498324,-5.70786,1.6659118,-3.6249988,1.7998002,-0.29760385,-7.761485,-5.15793,-4.308366,-5.99728,-4.5864367,1.9972019,-3.2833881,5.384301,4.8355756,10.687232,7.4717717,7.0927906,6.3621254,2.1316385,1.1796072,1.1699456,1.7746037,3.7441936,0.6271101,2.166972,-2.0938964,1.5044459,-1.2300191,0.02531477,fearful
-576.7803,63.12045,0.9491555,7.208811,1.8181958,0.26160637,-8.339482,-16.650995,-0.23779632,4.236454,-5.2143583,-1.152684,-0.33897996,0.8174057,4.1440663,1.35653,-4.7936773,-5.897634,-3.4016662,-7.4657345,-4.913213,-2.1297622,-5.4352446,-1.6520296,-0.61434096,2.3383007,-5.4297667,2.7797356,-0.4391674,3.973755,6.22306,5.6864953,6.6952477,7.80497,7.4008856,5.4746447,2.7030468,0.8701656,1.4313909,1.8972474,fearful
-562.6111,57.485973,3.0728438,4.2884865,3.8877957,-4.2922626,-10.731896,-21.702616,-7.3882184,2.628809,-6.4844646,-6.3367057,-2.4371173,-4.6368914,2.0311077,-2.2819388,-5.923706,-3.9410105,-4.2643557,-8.560024,-2.7537231,0.2500476,-2.2998862,9.235805,8.294385,12.613816,7.4203696,9.343347,4.711468,3.2281156,3.852961,2.2523646,5.0572743,4.129488,4.6889796,2.0875013,-0.21427143,-0.121636085,-1.3802958,1.669839,fearful
-560.6036,57.596573,5.4859743,8.270376,3.9765255,-2.308411,-6.909123,-16.19747,-0.4324526,1.934314,-7.814605,-5.998221,0.06970645,-2.8197274,0.5321432,-0.8413397,-4.628352,-1.587067,-1.7234004,-10.049427,-3.318793,-2.6323407,-6.380368,-1.9766263,-5.0892687,0.18539563,-4.907716,4.0388246,5.563371,7.7565637,9.01761,5.182808,5.39666,5.81913,7.468046,4.233557,3.6333098,1.4421363,0.6613859,2.3025854,fearful
-402.73816,44.12923,-22.696474,1.7658166,-4.8298798,-17.42062,-14.94559,-19.571316,-11.539032,-0.49640378,-12.214384,-9.727543,0.036470618,-9.016788,-2.871566,-2.5675669,-9.344126,-0.10511527,-1.3164554,0.105148196,5.456819,8.572548,3.1495676,6.7014313,0.89645857,4.0357533,-1.0269823,0.9672665,1.2139714,0.033474855,0.7103719,1.1478131,-1.8392893,2.6611202,-0.6125289,-0.11632485,0.24588685,-0.6935096,-0.67006516,1.3003213,fearful
-427.95602,46.791653,-27.353794,2.9152613,-2.5335135,-18.879547,-11.661621,-22.283121,-12.048822,0.9097918,-10.063897,-11.925218,0.7816898,-8.768293,-2.7888317,-2.2535765,-8.390361,-0.73429614,3.70389,6.292713,12.498813,14.770686,2.899224,7.792013,-3.216124,3.0517902,2.24255,3.1925583,1.8231349,-0.5631877,-1.1258984,-0.654393,-3.2944827,0.22281893,-1.1137466,-0.51156616,-2.054338,-1.9949871,0.40697584,3.289517,fearful
-408.49005,47.058743,-19.562042,2.4095364,-4.7936916,-17.383154,-14.076691,-23.487192,-15.212108,-1.5942701,-12.267669,-14.046517,0.36307248,-8.932366,-2.0226278,-4.133158,-11.411869,2.792647,3.517641,5.971074,10.321901,12.460985,4.847911,4.5887628,0.40640938,4.4425464,2.017076,4.5312624,0.31794268,-0.5666091,1.5963398,3.4559004,-2.9731379,-0.024035,-3.16895,0.61017865,-1.0901564,-0.7653922,-0.20319742,4.8753414,fearful
-487.22873,59.890648,-13.088584,6.663378,-5.3588204,-14.481872,-10.113762,-22.640505,-8.898188,-4.666509,-12.858373,-7.8473945,-0.37159437,-10.5120945,3.641071,-2.2882051,-7.877852,0.59232324,-5.4065213,-2.5850601,0.82151586,7.472377,9.209105,7.388109,5.3997784,5.208909,-1.7508758,5.1253467,2.2467544,4.3435297,3.220065,6.4550433,1.1633308,6.5249867,-0.20880908,1.9491038,-1.1819134,-2.6217704,0.08049267,0.7679347,fearful
-564.44104,76.99108,-7.0770235,11.027126,0.54597294,-5.288624,-4.5580707,-18.449522,-3.108673,-0.011162274,-7.7946944,-2.7689462,1.551716,-6.219257,-0.7319015,-1.483453,-3.075294,-4.5852156,-2.046852,-4.986579,-5.205602,-0.49812886,-4.6830163,-3.7492805,-3.92106,-3.8035164,-5.238818,1.3232437,-2.7237227,1.3957313,0.38927916,1.4543424,0.18967238,4.0274563,5.316289,10.2564,11.740392,12.244159,7.660522,4.800108,disgust
-525.04004,92.535645,-12.115793,9.307601,1.1421437,-6.997591,-12.269505,-22.566395,1.1727647,-1.1756661,-15.80127,-2.6689224,-1.2405044,-5.9910693,-2.1498737,-7.156189,-4.856135,-5.7284927,-4.91411,-6.4632835,-7.5736303,-2.5682402,-4.6366487,-2.2624505,0.22083788,-1.4669623,-5.351892,2.2173984,-4.1467595,3.9300418,2.719159,6.5017333,2.0899348,2.9910946,2.4850285,6.266903,8.012887,8.4277115,4.9404473,4.5874615,disgust
-534.97815,78.21276,3.8776214,5.012106,2.9680154,-6.1247926,-7.4444146,-17.662275,-2.0552979,2.5347488,-9.06254,-1.9772686,-1.7861326,-5.781804,3.2824175,-3.3524842,-4.8316493,-1.7081611,-4.1051307,-7.3260374,-4.9422126,-1.7640867,-6.2019377,-5.9848237,-2.703478,-4.386673,-6.5895357,-2.9245036,-6.22483,-1.6838428,-3.3044825,-0.038439825,-2.1581063,3.6455307,1.803717,2.932641,1.196166,5.611888,3.3661509,7.907832,disgust
-467.1116,57.385582,-7.7671375,1.4779509,-1.243196,-10.153146,-7.532756,-16.157614,5.3604045,-3.081688,-16.280514,0.71935344,-8.165073,-4.6300144,-0.20718554,-8.7902775,-6.839819,-6.358168,-3.582256,-8.3729,-5.957883,-2.0231802,-7.664196,-3.478691,-0.8545846,-1.9426181,-2.0998082,6.8112273,1.6911598,6.4260507,2.224854,5.0346465,2.2654634,8.220108,2.9575639,6.6609273,2.9171503,4.326017,0.46084285,5.448791,disgust
-376.71072,61.4558,-26.85145,6.824951,-9.12813,-18.141563,-14.070286,-18.162804,-5.673895,-8.568806,-16.915108,-5.1515317,-10.501426,-8.8316145,-3.3784668,-13.076065,-4.4221077,-3.6646686,1.9566674,1.3928639,0.61863846,5.465453,-4.2654986,0.075143665,-2.874952,-4.0232434,-3.4744065,0.59400666,-2.5659564,-0.19808714,3.2378983,6.20239,6.1793594,8.36037,1.4673071,5.384021,-1.2207688,5.3822236,1.3267555,3.2133086,disgust
-365.06165,67.19457,-32.468666,5.3316736,-9.617671,-22.000751,-15.224335,-22.096214,-8.005402,-6.6799874,-21.184587,-6.7491126,-5.104653,-14.755463,-0.82745165,-11.851237,-11.232161,-7.8144364,-7.101219,-2.700902,-1.5034579,7.7377234,1.9618566,2.9102075,-1.6855503,0.3096837,2.4681022,11.309287,8.147512,5.8844004,6.733213,2.2476528,3.9377537,2.0401843,-1.243772,2.824092,-4.1250844,0.72644407,-2.6112657,1.9926417,disgust
-420.84976,66.09304,-24.963627,3.0885174,-5.9375725,-15.152218,-13.465278,-27.923687,-2.4012082,-6.1881537,-20.830685,-3.6506767,-10.9114,-11.780143,1.9297912,-12.044838,-8.209043,-8.960701,-5.1122346,-6.6095214,-3.0199604,5.661681,4.0626163,0.5530454,7.549322,6.391228,8.744167,16.079996,5.3556347,6.174302,-1.9876075,2.5237584,0.92950463,6.2368755,0.43526372,1.3000411,-4.3510013,-0.50392145,-2.0113335,0.16139391,disgust
-374.98276,55.77969,-20.603285,-2.2462633,-12.11338,-20.661724,-12.744,-18.643982,-15.23668,-2.2079802,-17.415682,-10.423901,-8.599035,-12.010009,-3.0211189,-12.007772,-7.688156,-5.7713614,-5.346149,-6.476804,-4.548507,2.6283827,-1.0175573,7.7660007,8.791006,7.2154346,5.0230856,6.0579066,1.811062,2.415166,5.353103,4.716351,4.0412083,3.6433725,-1.6089103,4.897951,-1.6015276,4.4779706,-1.8499222,-0.3854389,disgust
-514.5861,49.428356,-1.8064784,8.631188,1.6350193,-8.42111,-8.758861,-11.282148,-1.0649235,-2.1961021,-10.303093,-3.5743046,-4.8161864,-4.6464014,2.4496908,-3.3302093,-5.0468106,2.3571923,-0.12821595,-0.52684474,2.3869662,3.6213362,0.7799765,0.75811046,1.3268749,1.6036402,-1.7350504,6.1353016,2.1661391,6.855439,1.4576598,0.5893404,-0.725158,3.85744,3.2530282,3.2015004,0.65574867,1.0783501,-0.43221644,-0.15049404,surprised
-538.12994,66.457664,3.4176817,7.72337,1.5800459,-4.4996057,-8.315401,-13.053834,-6.19654,2.2140484,-6.056624,-4.6438537,0.26589403,-2.395757,0.17049158,-2.3809261,-5.7840915,-4.5079427,-3.384974,-5.056966,-3.7305157,0.5020317,-3.9196296,0.24221572,-1.7853707,1.8445587,-3.2800062,4.5665565,2.7828333,4.111079,3.3088794,3.278854,1.6757529,3.9070082,3.0401115,3.393024,1.4178979,0.5665163,-0.47292623,1.1386601,surprised
-464.24933,51.692173,-5.2405405,1.9874011,-4.4767823,-7.204373,-9.746457,-11.165756,-7.497858,-0.974665,-13.139359,-7.8648305,-3.3142908,-8.976447,-0.9926919,-6.371671,-7.256427,-0.60434294,-3.4903402,-4.6766605,-1.1654625,1.3898203,-0.7627255,5.8178496,3.0951025,7.2464466,5.2730126,7.461606,4.5507126,1.5988932,3.2556496,2.1611578,3.1869025,3.696598,0.891541,1.925704,-0.52623236,1.334509,-1.0496758,-0.94517034,surprised
-542.67456,67.69021,7.48013,7.4679394,0.9050535,-8.64567,-9.992516,-9.908422,-3.7809494,-1.648883,-10.84255,-4.7396655,-0.70278233,-8.506571,1.5684993,-5.980112,-7.299411,1.1067607,-5.4336495,-4.851487,-0.72562516,1.5830972,-0.81933075,-0.9766476,0.24875212,2.3831458,0.5961656,7.828133,4.1563854,5.196463,4.063856,4.500766,0.0385572,2.742284,-0.09642428,0.50686896,0.9930867,3.1162763,2.245855,2.7224188,surprised
-444.34714,50.447567,-12.605408,0.98486656,-1.7636406,-9.232548,-7.6524878,-14.776172,-12.316342,-2.5669355,-8.080496,-8.491661,-1.740915,-7.1624475,-3.144771,-2.9290557,-5.1925836,-4.582491,-2.9849973,-1.6766053,-2.0564654,5.5651355,0.22457346,5.841324,3.570274,4.979685,2.7347605,3.8649619,2.9649234,3.6291692,2.9717317,3.1716154,1.6487588,2.3892033,0.48995924,2.029121,-2.025534,-0.7334731,-1.1167307,0.54089314,surprised
-451.90005,45.41479,-17.915012,3.7451806,-8.624948,-11.764297,-13.366751,-13.12193,-8.226318,-4.8641243,-12.111657,-8.265813,-2.5880575,-9.76638,1.1685231,-4.0672946,-6.241611,-0.74365145,2.2394495,4.8294435,9.761086,7.3338494,3.2633584,-0.96727735,-2.1090176,3.7775242,-0.13539423,4.7187552,-0.0028308688,-1.7204692,1.4381601,1.057745,-0.18622819,0.53367263,-2.3673062,0.9817655,-0.8036104,0.03594044,0.8884401,3.5571663,surprised
-412.67007,41.69215,-7.7380557,-7.2971134,-2.2831943,-11.8412485,-8.520598,-11.169398,-12.457324,-2.6095216,-12.898584,-11.433505,-6.374577,-9.595621,-3.8940108,-4.7300744,-1.48516,6.1892014,6.648058,5.3251467,6.2786407,6.4952025,-3.5607562,0.8347458,-4.831051,0.64510095,-3.1522305,2.183917,-2.4663587,-0.24537916,1.3337455,-0.40804031,0.63990563,1.0639172,1.5967902,1.6315577,1.2985363,2.5165768,1.6179131,1.0406828,surprised
-404.13168,45.75075,-7.2730217,-2.2757506,-3.7957692,-9.865619,-10.037287,-13.185863,-10.540497,-0.79619116,-10.555869,-10.320079,-4.558594,-8.003082,-3.59367,-7.282865,-8.020947,-4.021732,-1.7725947,-4.196721,2.1836712,10.368043,3.237146,11.6107435,5.850203,7.153916,0.6965936,3.1199515,0.83927363,0.028976059,-0.31283653,-1.6479938,0.05724901,0.43272483,0.30331305,2.2678065,-0.5773199,1.3623887,-0.35591596,0.10776508,surprised
-700.0219,71.57755,26.634905,21.434929,12.4983425,4.8984356,6.428424,0.51754,-1.3086169,-0.67911154,3.2163634,2.0362196,-1.648943,1.1627324,3.190537,1.2268494,-0.97763896,2.1645262,-1.8450967,2.4715796,-3.7081304,-0.18442126,-1.0396992,-0.6899211,-3.8280942,0.8370093,-2.4520955,1.5642275,-2.9122474,0.4336709,0.3802245,1.0999517,0.3253696,0.61105174,-1.8974935,-0.9590901,-1.741705,-1.1089414,-2.7643178,-0.6803547,neutral
-667.1724,70.47634,22.454731,16.052492,10.05283,4.9567423,5.9477124,-1.0668734,-4.3475575,-0.78157496,2.5210526,-0.37426123,-2.4182665,0.8211359,2.2495956,2.4910479,0.4207016,0.5360697,-1.9934479,0.375337,-4.948689,0.9163092,0.15205273,0.19470821,-3.7745898,1.7165096,-3.7969952,2.1015396,-2.6570446,0.19133465,-0.85487235,-0.5379271,-0.34283337,0.33412397,-2.3964624,-0.83180106,-2.3692822,-1.8218774,-3.0965767,-1.9712707,neutral
-671.2986,65.223976,24.184006,22.177584,10.709055,4.5869174,4.163861,-0.9522292,-3.934067,-0.00827363,1.7223617,-2.1780586,-1.9763836,-0.7708761,0.780066,3.795905,-1.5522282,-0.9734377,-0.7625526,-0.6881138,-4.6999626,-0.35513443,-0.70756346,-0.54054624,-3.2217162,0.8113036,-3.100389,1.2658437,-1.5318462,0.7710578,-0.6391435,0.6355279,-1.2893564,0.4007766,-2.281575,-1.3583329,-2.5104413,-0.19990163,-2.845289,-0.48287976,neutral
-664.7284,74.3574,29.491152,25.314592,14.383231,6.648553,4.187373,-0.1921074,-3.0443153,1.9910318,5.3772426,-0.72651017,-2.0875006,-0.5380846,1.1679332,3.9809387,0.38507718,-0.14117679,-0.8123563,0.5500668,-5.190015,0.034270767,-0.6355986,-0.24757175,-2.2751708,1.2701496,-2.5400193,2.2078023,-1.8931674,2.1082413,0.14210328,1.9578061,-0.86715406,0.86836666,-2.8335292,-0.07159722,-2.4855137,-0.59696984,-2.4014425,-0.29416484,neutral
-706.203,69.74166,24.968088,23.62597,16.2965,12.075301,8.528056,3.1342473,-1.6274076,4.6938725,5.888601,1.2648228,-3.171068,1.7719315,3.3409078,2.5853572,0.3359197,-0.6213657,-0.31690285,1.4641888,-4.9231563,2.6163898,-0.7269576,-0.21150035,-3.4774632,1.3130077,-3.2094223,1.4333997,-3.475376,1.3274456,-0.90800184,0.4336834,-2.1772058,-0.07057109,-2.4491057,0.8848479,-1.7546562,0.9821386,-2.796294,-1.5006992,calm
-688.7684,81.27543,25.10288,26.407476,18.47765,12.710678,5.3150887,1.0659014,-2.101135,2.5789096,4.830623,0.20459016,-2.7750583,0.727248,3.534758,2.6892517,0.03384102,0.65611774,-0.8417645,0.9594899,-4.36211,2.9146986,-2.507532,-1.5584694,-2.4323137,0.5393063,-3.8510084,1.6372554,-3.0839782,-0.8544112,-1.0959008,2.089047,-1.9633318,0.26803112,-3.9668696,-1.4638095,-3.1118524,-0.42806345,-3.8470423,-1.1294272,calm
-683.15106,71.06087,24.253021,22.948242,10.949429,9.791183,3.025426,-3.4265883,-2.604542,1.843374,4.640343,-0.16771391,-2.163603,-0.67226934,0.63342816,2.405169,-1.7827363,-0.85889465,-0.45235237,0.48389354,-3.450027,0.15107512,-1.0182577,-0.9061944,-2.5434897,0.65657717,-4.003989,1.2658538,-3.1975157,1.278532,-0.088006414,1.4053509,-2.3630164,-0.85307163,-3.5413148,-0.9981105,-2.586616,-0.42588368,-3.321631,-2.8652217,calm
-680.61865,70.59986,26.77124,23.256922,14.899595,13.808757,2.0793228,4.2311683,-4.4750056,2.6534345,8.484925,2.0528526,-4.14726,-2.233383,0.76402515,1.5379934,-0.4769043,-2.5938544,-2.9808044,2.0627,-7.233544,1.4374794,-1.790771,-1.2539625,-4.27087,2.289869,-3.9614253,2.0011785,-3.0233076,0.95804024,-1.1152959,0.84776014,-2.1957815,-1.4463651,-3.5575383,-0.11845867,-1.8499899,0.4121397,-3.99113,-1.2052304,calm
-675.8506,80.26906,22.32172,20.441252,18.578444,9.092354,4.257041,3.188895,-2.8991005,3.565451,8.262706,2.377039,-4.845566,1.3300322,1.0672603,2.2328875,0.2777663,-0.79222924,-1.3182337,1.5087483,-4.2074294,1.3907051,-2.4824865,0.5481974,-3.5632803,0.37978688,-2.8100617,2.995588,-2.6591187,2.1933172,-1.2070673,2.3529282,-1.8869246,0.3501117,-3.150862,-0.4907297,-2.4666407,1.1678021,-2.8529189,-0.25621825,calm
-700.6363,61.72401,19.047142,25.525642,15.341369,11.412538,4.387143,4.7966814,-1.3242408,-0.13019785,6.2560363,-1.4453437,-4.050885,0.05272773,1.4027627,1.2161942,-1.9607273,0.15113325,-3.308322,-0.052875873,-6.3846397,2.3584602,-0.6200932,-1.0524173,-2.2970428,2.0311646,-5.133409,1.1912189,-2.3060102,1.0967664,-1.4981983,2.2269173,-0.95726717,-0.5677209,-2.0849447,0.13960835,-1.9870354,-0.05903316,-3.040115,-0.917938,calm
-675.202,70.258644,25.735756,22.540722,16.588432,9.10555,4.067329,2.780449,-3.1569016,2.3403447,7.312884,1.3026323,-3.0032306,-0.9549452,3.7962506,-0.25348437,-1.5309075,-1.3489168,-3.5936086,2.1164134,-6.004961,3.0930076,-2.6412091,-2.7865238,-4.7981405,1.8245866,-4.76845,0.83961767,-3.7459104,0.57042843,-1.0639656,2.4428203,-1.8448542,-0.11627406,-2.5288877,-0.46234825,-2.7519014,0.04528213,-3.9301307,-0.97074986,calm
-670.3339,75.826836,23.416786,23.26367,14.862211,9.098874,3.8838332,0.81304127,-3.3017359,0.85333383,9.932854,1.5239798,-2.49181,-1.9801795,0.30449718,1.6962936,-2.9087439,-0.42668462,-1.6617305,-0.81796646,-5.1462784,1.0580035,-1.6531353,-4.68178,-4.5616302,2.5782607,-3.6357136,2.0852952,-3.5330503,1.7500502,-0.7867993,2.2327325,-2.296842,0.20109335,-3.670786,-1.4022944,-2.9722524,-0.21921384,-3.570835,-0.6146735,calm
-644.6539,67.358,12.879527,13.465647,9.455108,4.150976,-0.885181,-5.752217,-4.01375,-5.0109863,2.8796306,0.13810357,-3.6511884,1.4263903,0.4821096,2.1395469,0.755116,-1.9886991,-1.8738055,0.21852943,-4.1817684,1.6666837,-1.7981588,0.16394688,-1.0833023,1.7871776,-2.2481947,2.884222,-2.9060535,1.9141676,-1.1344981,0.5880893,-0.35455883,1.4223708,-2.3831937,0.8796563,-1.0069921,2.263182,0.07318273,3.0443468,happy
-634.7025,70.33496,17.183846,12.221639,10.834433,6.287008,-0.32734185,-0.45584387,-4.377303,-1.0173806,3.8638427,-1.0695345,-1.738213,-0.97850317,1.7854512,0.7273266,-0.8220949,-0.027817642,-0.925458,-1.4518201,-4.5382104,1.164362,-2.5040107,0.03422752,-2.9963696,1.2479165,-3.572579,0.881872,-2.6887412,0.2658215,-1.2116166,-0.650146,-0.42085195,-0.85546476,-3.4467158,-1.5500424,-1.4767655,0.9158378,0.41177934,2.2207386,happy
-630.2228,60.595894,17.546738,11.815499,9.68209,6.205862,-3.2748227,-2.396744,-6.5472584,-2.2298026,2.5644884,-1.0148207,0.446063,-1.2218721,2.7571802,1.7839273,-2.3418891,0.41524237,-0.51390654,-0.318843,-5.6511383,0.66022044,-2.9037764,-2.1375558,-1.1703311,2.3844538,-3.0414402,1.2986698,-2.1166868,0.9252307,-1.5995686,0.037644543,-0.81721765,-0.21053065,-3.7787313,-0.95902437,-2.0005052,-0.268628,-3.2788231,-1.2912861,happy
-622.9261,60.897903,19.504368,14.3741865,9.35534,2.6313016,1.1112067,-2.3067248,-3.4600456,-5.207408,2.5749276,-1.7930902,-3.4901597,-2.2922647,2.42684,1.0269465,-2.4887502,0.38755032,-2.0252035,-1.4844732,-5.9551983,0.55081046,-3.7308605,-1.2601317,-2.1131773,1.4921464,-2.8064117,0.26424477,-3.2681558,1.0305867,-1.0974959,-0.20961502,-1.6224908,-0.9325274,-3.6624415,-0.81219435,-1.5642186,2.31892,1.7255945,4.0831494,happy
-432.43805,64.24298,6.385873,7.813885,0.4468533,0.059653766,-1.8857431,-1.0962534,-9.317253,-7.143699,2.0509927,-3.6349685,-2.0792797,-3.1825194,-1.7084545,-0.5655248,-5.3829303,-0.7589243,-3.5408707,-2.686159,-6.22443,1.3362042,-4.712578,-0.31486207,-2.6657412,2.8605037,-0.9134423,5.7736096,2.2934024,5.0602927,3.2064366,4.566076,2.2752955,4.904345,4.39495,7.718876,7.199623,9.377071,3.166885,2.773583,happy
-452.84235,52.440723,2.3614118,8.923411,3.2500155,-1.5831559,-0.28361183,-0.12576142,-5.934267,-3.0010452,2.0809822,-0.59938127,-1.3470783,-0.731736,0.23149824,1.8207741,-3.3698936,0.80307007,-1.6852646,0.24280107,-3.1913455,3.2292027,-4.0310254,0.38327178,-3.3585365,1.8239911,-1.8593769,4.2860365,3.6841347,5.5799274,5.503511,9.80224,5.47875,6.962577,4.210471,4.1636996,2.9607577,4.153639,3.3556364,5.590278,happy
-451.65173,58.761288,-3.0515964,3.1421583,-4.07862,-3.992511,-4.095582,-5.963198,-13.563165,-9.92764,-3.0942168,-5.452563,-3.3775635,-7.9536753,-2.689253,-3.0627694,-9.506996,-0.68270695,-5.857816,-0.6186057,-5.821877,-1.1787941,-7.8596926,-2.9158595,-4.6503725,-1.9742103,-6.4387965,-0.040185723,-2.7657838,3.0384371,2.8175209,8.264313,6.887793,9.858086,5.7551723,7.7066884,3.1642165,4.3594475,0.8450985,1.8121727,happy
-487.55273,49.307503,6.1427164,4.327582,-1.4961715,-1.2116842,-5.1318865,-4.170273,-7.136678,-9.205663,-1.0555727,-2.767787,-3.8319938,-4.6845536,-2.3032484,-0.60805666,-7.895846,0.40777248,-2.1848629,-2.9071631,-6.172501,-0.74241114,-4.644551,-1.8482765,-4.193118,-0.38710058,-4.2169228,-2.6104622,-2.9457643,-1.1956934,-1.586653,3.1338606,1.6723577,4.30563,2.8974118,4.59748,4.286115,4.699597,2.610472,4.0745244,happy
-666.9026,60.917767,16.96383,20.491913,13.336088,6.4363313,2.9094944,3.2389784,-4.7265964,0.8861054,4.732499,-1.3634064,-1.8155249,-2.534055,1.8083735,2.647488,-2.886564,-0.14925863,-1.2384921,1.2293943,-5.9864674,1.736638,-1.6854008,-0.551904,-2.8906696,1.4596384,-4.0931597,2.016373,-1.1991508,1.6083137,-0.0676479,1.4730918,0.8752885,-0.34491545,-1.0455482,-2.3182306,-2.3483174,-0.8055757,-3.110442,-0.69321066,sad
-671.7975,73.10269,27.022043,26.877707,15.240013,8.161888,5.9865155,2.9693403,-3.7823713,-1.9101001,6.5231557,1.9544121,-0.4113921,-0.94496375,2.992535,2.4728339,0.19293313,-0.7312935,-0.7060374,0.8154596,-3.2750897,1.5813392,-1.6320316,-1.4341812,-2.2227137,2.3188217,-3.8780246,1.6347098,-2.0326505,0.9042498,-0.65111953,1.8181497,0.3572992,1.080431,-2.067324,0.045506418,-3.9145267,0.021856455,-3.1614182,-1.629434,sad
-666.0687,64.8317,26.114964,22.198889,7.202872,7.4039793,3.063651,1.3915502,-2.9209075,-3.6186643,3.9241757,-2.3331575,-3.6315727,-4.0145035,2.0322962,3.023976,-3.6634703,0.124348566,-3.2602215,0.64325106,-5.12099,-0.17630938,-0.5819523,-1.6454033,-3.165846,2.194338,-3.9266028,2.382473,-2.16542,1.4183493,0.4664326,2.1571453,0.47216925,0.72137904,-3.0993133,-0.58418554,-2.542438,-0.2265539,-1.4847591,-0.8381707,sad
-671.69385,64.92013,25.374392,20.419794,9.285519,7.521219,4.918891,1.789059,-4.2456384,-0.72022694,3.4167807,-1.9287423,-1.9021218,-3.706252,3.593157,1.3755227,-1.8928548,-0.9914058,-0.8460301,1.2654804,-5.8654294,0.34654725,-2.6661475,-0.9322041,-4.156918,1.2352886,-1.7529696,1.1807421,-0.4950453,0.7911906,0.6742816,1.345563,-0.4730236,1.0400234,-2.5916722,0.5839235,-2.5242474,-1.3057804,-2.630765,-0.07109858,sad
-577.31445,56.683605,9.042018,8.807289,1.8842437,3.415412,-2.653373,-2.6927295,-6.15365,-6.691175,-0.76588374,-1.832826,-2.6811416,-1.1847324,-0.55180746,1.6892568,-3.214584,0.45334348,-2.9603138,0.11285262,-4.8944483,-1.035501,-1.8706648,0.56887233,-3.8921776,1.2853367,-1.2303193,0.27977815,-0.6450038,-1.7725798,0.49539787,0.4834801,0.3521339,1.7026726,2.988932,4.245265,3.8292296,3.9790702,1.2275136,0.48234588,sad
-506.483,71.87866,6.84721,13.175772,5.36087,0.5096937,-5.9859934,-4.6032367,-9.971807,-7.1581016,-1.6018378,-3.483042,-3.2952435,-3.8398178,-3.5169313,0.2653432,-6.357126,-2.3124912,-7.0317273,-3.0038579,-7.616642,-3.437568,-4.9593835,-1.7703862,-7.3761353,0.6506722,-4.519132,0.18756151,-0.368128,2.40686,2.3317466,5.842497,5.2183833,5.7765527,2.8627937,2.775812,2.0537548,3.713098,5.4810886,8.970155,sad
-546.8918,53.74849,9.708569,8.334646,-0.15681225,-2.0334291,-1.4279467,-8.972513,-10.481206,-9.081687,-3.9292088,-1.5170097,-5.6533484,-2.8118904,-0.6738651,-0.48362616,-7.0984287,-1.8961318,-6.205576,1.6341162,-9.081138,-2.232361,-4.768553,-2.7564383,-6.2268457,-0.21523276,-5.18847,-1.4434069,-2.481191,-0.3157475,0.9562602,1.0868292,4.048713,5.0668683,2.9457555,4.7966976,1.9809932,2.6640093,1.1829321,2.5419776,sad
-521.71533,45.684982,10.483271,10.353709,0.15754993,0.9633458,-2.9931505,-6.66841,-8.923377,-9.78296,-1.272771,-2.796291,-5.1747084,-2.6139061,-0.93661994,0.5045931,-5.967958,-0.4312583,-2.902426,1.2830042,-5.6934714,-0.3375433,-1.2521696,-1.1012052,-5.5052466,1.0920209,-3.3059597,0.785271,1.3381867,3.6605415,4.577714,4.6905203,3.1710975,3.8952284,1.0375677,2.2572167,3.4807434,3.8112917,4.1472273,4.315728,sad
-508.22583,56.121212,7.3107743,9.928004,1.5411415,-0.6917152,1.234778,-1.2781534,-6.217991,-3.4134455,2.0112383,-2.7516732,-2.6767056,-1.1163809,-0.62690794,-0.77692485,-3.0260906,-0.9111055,-3.9307487,-1.8719863,-5.6816263,-0.7126234,-3.7064228,-1.7111547,-4.091855,0.5962502,-3.6126971,1.7423136,-1.8342943,0.47572422,-0.7559095,1.9671987,0.6068357,3.5032876,1.151524,2.8658488,-0.46861443,1.8852714,0.6882993,3.5443344,angry
-549.04614,57.282455,14.744433,13.017124,1.9219162,3.9052703,-0.21447754,-0.0011939108,-7.152095,-3.0925667,2.7300708,-3.6483822,-0.039176434,-2.680457,0.4758401,0.058493137,-3.3446834,-1.6620008,-1.9991461,-1.956841,-3.9659576,0.5638101,-2.86417,-1.54713,-3.505488,0.4854982,-5.313298,0.98495793,-2.3480814,-0.6068622,-0.51774186,2.1004543,-0.42928183,1.0068219,-1.0777018,1.0360248,-1.2740788,0.6938254,0.67354417,2.8940353,angry
-505.45306,51.76872,4.356686,6.9491234,-3.4297833,1.0188656,-1.2000422,-4.102914,-8.065474,-7.522768,1.7905394,-5.089974,-2.1004908,-2.7932334,-1.9693928,-3.7076848,-5.5696507,-2.730958,-2.402057,-4.23136,-5.787888,-0.6789362,-4.5182166,-2.7225456,-4.354756,0.65619147,-7.0445685,-0.0073542297,-4.8142915,-0.12456395,1.0475322,5.2001333,4.503598,6.150449,1.7139149,1.3619065,-1.5074793,0.48818478,0.6806666,5.2776403,angry
-487.64117,58.887913,8.674467,9.125787,-3.3612895,2.1831007,-3.5360813,-5.619786,-8.486586,-9.53947,2.0498989,-7.4156437,-2.6791856,-4.019303,-2.7721522,-3.7928958,-7.3153534,-3.164512,-2.6296,-4.516547,-6.907653,-1.8578066,-5.5805306,-3.7466528,-5.097475,-0.5394183,-6.9628963,-0.47904503,-5.780324,-1.0296211,-2.4096174,1.1976345,-0.3768382,4.8122406,-0.21526842,3.1690617,-0.39055786,0.34354976,-0.019954387,3.1016326,angry
-417.90475,41.34276,1.2058636,7.702268,-4.395101,-4.122162,-1.7822212,0.30009782,-6.117606,-7.2810564,0.6456286,-1.7881129,-3.0642352,-1.6668872,-2.2065833,-0.87925625,-5.4059806,-1.0843502,-3.9707603,-1.4691861,-4.727464,-0.2031068,-0.9344722,1.8329666,-0.529589,2.5547504,-2.7017055,1.1296018,0.2624651,2.2495887,2.2773588,5.2767386,2.7728915,4.899841,6.272361,8.793093,5.468352,5.767149,1.160777,3.7522016,angry
-312.3518,40.10438,-9.033185,4.693798,-15.168474,-6.2467756,-6.755777,-2.0986295,-11.200201,-10.844708,-0.5706917,-4.142912,-4.1457973,-1.7723703,-2.7459881,-4.297242,-4.4214454,-1.3508153,-4.120404,0.57630944,-2.4528062,4.069178,4.855841,10.121812,9.464711,12.537222,5.0960507,8.828352,3.4202578,3.4235759,0.8860563,4.726909,4.6142097,6.024993,0.81210047,3.7048025,1.4240152,4.2851315,-1.8987112,1.6843987,angry
-306.02975,49.907223,-1.8967818,9.445136,-10.066684,-10.774362,-0.114830896,-0.47693422,-8.594729,-9.758372,0.838855,-4.492691,-3.035649,-1.201712,-5.434643,-4.9775953,-7.9683576,-1.9463682,-6.826941,-0.8988105,-3.0394616,3.4760668,-0.48527315,5.558312,2.982276,4.7712626,1.3450465,6.108761,5.749452,8.672524,5.2673707,8.505182,5.291806,8.316902,5.2110524,5.789316,0.17816779,2.2978637,0.75243473,3.1758077,angry
-299.21756,28.544756,-10.469635,0.89313066,-16.478226,-6.9424906,-3.0225918,-3.4700146,-9.410927,-11.989502,0.4934005,-5.1346645,-6.2380023,-2.2088346,-5.0890965,-6.0265946,-10.431784,-1.3786098,0.57403684,8.101505,4.3509717,9.581154,1.8629577,7.7102785,6.9343433,12.456074,8.259023,6.8304715,-0.54738474,0.95353687,1.293523,4.5591917,-0.060885854,1.7550187,-0.23483537,3.588294,1.1426599,4.7568593,1.5076716,2.685489,angry
-613.34985,63.926018,17.12017,14.966242,5.9662404,5.88284,3.1344998,0.95374525,-5.01425,-1.5846486,5.452517,-0.5345385,-0.13303518,-1.7393456,-0.07031926,2.995876,-3.1973095,0.46678108,-1.015621,0.83428514,-5.8935156,-0.6394719,-0.82515806,-0.29628834,-3.0151658,0.24246648,-4.710561,1.6536711,-2.8269546,-1.5647833,-0.74310184,0.54948395,-0.036865413,-1.0797601,-2.3725648,-2.7364507,-1.9318936,-0.13044526,-2.4901104,-1.1998906,fearful
-583.66,62.174572,17.865906,11.682491,3.8482816,3.749673,3.8844895,1.3504602,-5.719088,-4.409304,2.0975273,-0.27187446,-1.4852582,-1.6876006,-0.7409195,2.09549,-3.5688553,0.18627639,-1.0495414,-0.6383686,-5.4284105,1.2204682,-2.4544296,-0.16850363,-3.6487677,0.52778476,-5.104686,1.9435374,-1.6157609,-1.1695995,-1.2875481,-0.14441629,-1.8993329,0.3638507,-3.424869,-2.3728614,-3.4561687,-1.0550272,-0.65239567,1.3365319,fearful
-573.1796,63.146034,12.12806,12.491987,6.0430155,4.8723626,-0.21465759,-10.43473,-9.184943,-4.482792,-0.43565887,-2.9553518,-3.1572945,-2.7010427,-0.64858615,3.219846,-5.802251,-1.7569048,-2.8372595,-1.9364309,-6.637221,-0.11308271,-1.7391826,-1.4934598,-4.293961,1.4082346,-4.1999474,0.92303103,-2.4503775,-1.2778717,-1.5259792,-0.7438432,-2.820564,-1.9753357,-2.0356266,-0.16459304,1.0742972,2.8809898,1.626136,1.9168279,fearful
-571.97577,61.624344,11.840698,10.298309,4.9142346,3.447598,0.52013654,-6.8064337,-6.326818,-3.9759247,0.08681121,-2.4448776,-4.2563467,-0.9497099,0.6363157,3.306077,-4.4056892,-1.3469341,-2.3647077,-0.51330644,-5.4727283,0.4722348,-1.3154999,-2.0643313,-3.3132296,0.36179736,-3.9089932,-0.5167518,-2.949726,0.045303535,-0.6788742,0.25060505,-1.4539464,-3.3133905,-3.574458,-3.455153,-2.2150571,0.48279712,0.60237116,1.5848166,fearful
-448.739,47.242836,-6.5625644,7.029712,-0.8804438,-4.1472507,-2.349451,-5.104916,-12.510008,-6.503257,-0.50343126,-1.4828256,-3.8761044,-3.3395092,-3.9927986,0.15842487,-6.5999427,-2.3292894,-3.2984529,-0.53635293,-6.3681145,-2.655723,-1.9230946,-1.4398507,-3.3303854,0.5820706,-5.6808186,1.3186537,0.07949964,5.761884,10.827055,11.63202,9.595692,5.9109807,-0.32656574,1.7842584,0.81424314,4.022803,4.003666,2.2540472,fearful
-421.34586,41.373566,-4.9812384,6.10254,0.73115474,-2.8581944,-1.6758782,-2.2546444,-8.873021,-2.999052,-0.13548233,-3.4079182,-6.2137485,-1.1492546,-3.5266275,2.108412,-5.174385,-3.198884,-2.6137218,-2.0095308,-4.371937,-2.3033864,-1.9921651,3.5016599,2.360515,10.414117,6.4061146,9.5705185,8.298721,7.5989037,6.422819,6.459151,5.0230017,5.0218616,2.2105415,3.4263456,2.1672082,1.6332471,1.4767256,1.533905,fearful
-404.37408,37.295326,-9.0834055,2.5263975,-2.7744715,-6.052728,-3.104333,-9.227769,-13.403268,-6.540819,-1.1838013,-2.521871,-6.8351865,-4.384212,-3.0960944,1.8191171,-7.868371,-3.2305543,-4.6927266,-2.609569,-4.481274,-1.8823221,3.3915884,6.8977346,3.141409,8.855431,1.6291497,8.441265,6.536835,6.193857,3.1879735,1.5643268,3.6867037,4.3217354,1.2694787,2.6242275,-0.32239327,3.0015435,2.7693775,1.7435485,fearful
-392.5862,36.973015,-6.3369765,-1.5846447,-5.3621507,-0.7944515,-3.480846,-7.709844,-11.849146,-7.230644,0.0361059,-2.4161394,-5.2022796,-3.0375755,-2.9409924,2.4133577,-7.49972,-3.280169,-4.9273505,-2.0066884,-4.4521427,1.0326673,1.3064584,9.284164,7.5855246,13.306265,9.358404,10.546879,5.07214,3.124537,2.3292804,6.566884,5.250336,4.1676216,1.7977285,1.6884758,-0.47543585,2.3920665,2.0260074,2.1962063,fearful
-585.48474,62.931618,15.837817,18.750563,3.0117993,3.4249783,2.9027781,-2.522458,-7.273018,-4.799237,5.169736,-3.3623302,-3.8425272,-1.0402396,-0.47244328,-0.6332835,-4.2341995,-0.4917728,-1.6669108,-0.97687334,-5.2938533,-0.7068639,-3.0238144,-1.828949,-1.7117021,-1.1656471,-4.237665,0.5594797,-2.2634938,-0.29554576,-0.16485196,1.732022,0.45219317,1.5639824,-2.449884,-0.10931162,-1.2546868,0.45202056,-0.91965294,1.7379845,disgust
-568.9846,61.132774,12.530053,17.977997,5.0934563,0.61059326,4.679667,-3.5975802,-5.957601,-3.7720513,3.1776757,-3.5218992,-1.8264424,-1.9313543,-0.52056265,0.37700003,-3.2332969,-0.41986507,0.008828882,1.5374606,-5.3253384,-1.4264808,-1.5769696,-2.2329068,-1.1989892,0.058341276,-3.3621051,1.6280409,-2.4260879,1.1732585,0.29044753,2.5423245,1.0269945,0.45090878,-2.3254323,-0.192123,-2.5709984,0.88888466,-0.013631968,1.9790109,disgust
-598.31604,63.548958,17.212696,10.704222,0.070174396,4.8404455,0.36027443,-1.6091534,-3.0796971,-4.931035,4.6390514,-4.806445,-2.5805879,-1.871589,1.4375565,-1.08825,-3.1133122,-3.05807,-1.0505984,-0.33783937,-6.3845735,0.7011471,-2.8457804,-2.7534049,-3.491694,-0.31324896,-3.3248353,-0.60522425,-2.457311,-0.38303027,-0.46530288,0.50017536,-1.1937318,0.519869,-3.6558676,0.056202233,-3.532362,-0.5199799,-1.9837266,0.84904385,disgust
-562.1948,73.81414,22.09417,12.534758,-3.1673744,0.6480768,0.5134946,-2.303471,-7.5439696,-7.3826456,2.969169,-6.5366187,-4.171307,-3.9338536,-2.2348428,-4.364979,-6.5379944,-5.8962955,-4.994815,-2.6151595,-6.55799,-1.0777285,-5.282781,-4.296249,-4.826861,-0.06230809,-5.507773,-1.2948183,-3.00976,-1.254327,-1.6316625,-0.46474177,-1.1901517,-0.93775237,-4.930128,-2.234594,-4.355299,-0.887198,-2.2265105,0.98841554,disgust
-510.24063,60.7337,11.095459,18.194479,2.1211476,2.4224834,1.6602066,-3.224864,-9.409575,-3.5463016,6.2255526,-3.2794023,-2.5278473,-0.4044716,-1.0895746,-2.9661958,-2.4398806,0.43905845,-0.59243387,0.04954441,-5.727605,-0.46197492,-3.0528584,1.3466835,-2.4762933,-1.3831712,-1.5990765,1.8138607,-1.1495066,2.8477275,2.1033254,1.5152823,-0.06459533,0.93212086,-1.4623775,2.505757,-0.30370918,3.8944793,1.403655,3.0282977,disgust
-519.8664,64.49738,11.700413,17.366587,3.2475107,-0.35036796,0.8753376,-4.0699396,-10.591261,-2.1581452,3.3667598,-7.009855,-4.561172,-2.6436625,0.06363033,-1.4575747,-3.7655005,2.4902358,-2.0365267,-0.6693045,-3.0144553,0.06495473,-4.117477,0.22313309,-2.1398895,-0.77909046,-5.2382812,2.0018134,-3.7861066,2.0939322,-1.1210904,0.43784088,0.6298218,0.08503594,-1.6606818,0.82769704,-2.0374944,-0.61054146,-1.9241449,-0.7292054,disgust
-539.93146,74.82245,19.412615,9.274969,-3.4401684,1.1999003,1.1552473,-6.009717,-11.444835,-8.948242,3.3471487,-4.734339,-4.9044895,-2.2474277,-2.1069543,-5.730747,-7.4514556,-6.458806,-2.0537343,-2.5965655,-7.7766576,-1.5486637,-5.9547343,-3.1091878,-3.7074895,-1.4053131,-6.5225983,0.7219799,-4.6041355,-1.1689429,-3.290348,-1.1293719,-2.45946,-1.8919772,-3.8371267,-0.73671865,-2.8671947,-2.132595,-2.8595126,-0.70916426,disgust
-499.77194,62.747322,13.651926,9.600528,-3.665039,-0.051138718,-0.5876656,-4.5968,-6.9108577,-3.332002,2.2703402,-4.84241,-6.3060837,-3.4483416,-2.4605553,-7.2959557,-2.7499442,-2.1962304,-4.0012884,-3.3888307,-7.736741,-1.3464614,-4.7968216,-3.2849412,-3.9895926,-1.8091924,-7.720116,-2.1262481,-5.3462195,-0.89381045,-3.2942495,-0.28215873,-4.537315,-1.7386657,-4.031318,0.15321374,0.5758047,3.4421003,-0.0049084,2.1620052,disgust
-637.4019,49.85737,13.443728,9.219984,4.582144,4.6107683,0.72681355,-2.1995988,-4.738008,-2.2739935,4.2113,-0.49565884,-2.6019022,0.0012128503,0.5960821,-1.4906254,-1.2687399,-1.0122378,-1.0773844,2.8330977,-2.4707549,4.5268116,1.3207486,0.049403775,0.4789475,0.0058478536,-1.558169,2.8249652,0.10439658,4.4900546,3.562107,4.7597528,2.3873897,2.1317146,-0.30706823,0.7381878,0.2586729,1.8922355,0.45726618,1.2021402,surprised
-601.97705,50.05799,10.048685,2.6561582,0.8544143,1.0186596,-2.9731364,-3.2261088,-5.3532577,-5.592439,0.17001751,-3.14708,-5.312695,-2.1952112,1.3504406,-4.332826,-3.6610775,-0.66954213,-3.1362305,0.7920035,-2.4280207,3.2632592,1.8636489,0.54091823,1.7663933,3.2798986,-0.091719404,5.7108884,3.5931,7.328768,5.534064,3.6989462,2.3244028,3.04532,0.011212434,1.0163037,-0.3478506,1.1877111,-0.16259612,2.1684058,surprised
-548.0851,50.525494,10.021215,8.901316,1.7049248,1.3376678,1.4435596,-1.749587,-9.708641,-4.8338723,1.7414323,-3.3369884,-3.7124805,-3.3354914,0.109370425,1.9505274,-3.1412528,-0.1375348,-1.2096778,-1.1200078,-5.500776,1.1107717,-2.8826573,-1.5988861,-4.283506,-0.09831287,-2.6225758,1.0984855,1.4335939,4.424369,4.1670313,5.8693895,2.7526376,3.7577233,1.7340093,4.280342,2.5927517,3.4942143,1.669462,2.2642796,surprised
-567.90814,46.161755,7.1872625,6.6760526,4.0634813,2.4907808,-1.890854,-5.4186845,-11.014968,-3.7815216,1.1954923,-2.9589121,-3.714832,-2.846714,-1.4422439,-1.0520233,-3.8269417,-1.2499484,-3.265618,-2.789025,-7.076024,1.0926456,2.3184628,4.3550014,4.6602893,5.7545395,0.32888615,4.29075,-0.7478961,5.2921257,5.9560223,6.6910167,5.628423,6.3993206,1.3205136,1.0810776,-1.5307531,0.82955766,0.28034505,1.6967262,surprised
-560.1777,43.118015,4.356551,7.3302135,1.2758608,0.5141848,-1.9969916,-4.088168,-6.3603306,-4.3586226,0.9852007,-2.1096306,-5.024621,-3.7549872,-1.1384469,-3.3980763,-1.4890264,-2.6486492,-2.5141385,0.15198675,-3.1783783,2.7894018,2.2064579,1.4497215,0.6595475,4.265843,1.6921719,9.332102,4.7681046,8.057813,6.29663,5.189596,2.075073,1.2356629,0.6307036,3.3742292,0.7032296,2.242736,-0.09308124,1.8824918,surprised
-474.5075,39.825916,3.3227434,4.776564,-3.1445565,-0.071889706,-2.90105,-0.7664353,-9.026711,-4.0571938,1.885416,-4.1366158,-6.237192,-3.5900192,-2.9278455,-4.6026826,-5.6632705,-2.0485616,-3.70856,0.25103223,-2.6469915,3.9608252,0.8183612,4.817255,4.8423023,8.031975,6.1186514,6.9656563,0.47683182,2.355892,0.5460459,3.4422257,1.7633879,2.6506407,0.5659224,-0.33489102,-2.4214556,1.8173257,-0.3523694,1.0680686,surprised
-512.0745,41.32203,4.183901,4.707091,-0.94604856,1.4001552,-4.2615695,-2.8868613,-10.265124,-5.0671697,1.2048442,-3.3294663,-5.3703814,-2.817096,1.1906118,-4.336814,-5.372687,-1.7012076,-3.8196783,1.3423858,-0.016960252,6.933903,2.8202627,1.043168,-2.400166,1.2761823,-0.3215824,6.9414463,2.7263253,6.555295,4.183124,5.3899198,3.1454878,2.7362041,-0.48290437,-0.69506925,-1.5274584,1.752481,-0.12803346,1.1439117,surprised
-495.70627,32.11167,6.4056005,5.8413773,-2.050472,-0.4402744,-4.475016,-1.4557519,-10.633095,-3.075604,-0.04293149,-5.390607,-6.022806,-1.6238223,-0.6045091,-4.616918,-4.9186726,-3.4622278,-4.359653,-0.63312477,-2.7297826,4.059882,1.8961562,4.2123713,2.9547405,8.075896,5.9645543,7.4270887,2.4897876,1.5100666,0.85588205,3.2498298,0.8371673,2.1426609,-0.5928859,-1.0085653,-2.0703337,0.2301512,-1.6779141,-0.3539094,surprised
-649.5631,70.284134,-2.479444,11.951863,1.0940136,-6.2461348,-2.4959548,-11.841485,-13.132099,-4.998504,-8.555515,-4.1218166,-10.329843,-4.0146627,-0.8853703,-10.683503,-9.864037,-3.6944623,-4.3538685,-6.45262,-6.053096,-5.912793,-9.071244,-4.352233,-3.9849083,-0.571484,0.17337857,3.3946614,0.030602558,4.308339,0.07771248,3.7697392,2.996434,6.515969,5.254899,5.111872,4.605491,2.6571238,-0.49888125,-2.452225,neutral
-656.54553,65.980515,-2.4690573,12.527067,2.8835726,-4.4495974,-2.2987652,-10.008034,-10.498892,-0.350363,-7.6482067,-4.958401,-7.6838775,-2.8264785,0.16375096,-7.265649,-8.072641,-1.477468,-4.426377,-4.7347555,-2.963643,-2.8282552,-5.921323,-2.4030309,-2.903829,-0.30797917,1.0880173,3.495997,-0.92432976,2.743817,-2.3938296,2.653966,2.0170598,7.441812,6.6235228,7.6404023,6.4371157,6.7480626,4.2307878,1.6833099,neutral
-628.59546,66.62597,1.2237297,7.5147758,5.862014,-4.242935,-6.8225374,-15.568953,-11.389724,0.48912138,-8.652346,-3.3637183,-10.082817,-4.348261,-0.9005458,-10.993763,-9.498113,-2.2693536,-6.6989594,-6.536268,-5.3071747,-4.9318705,-7.226304,-3.8909175,-4.4039607,0.2590818,-1.7999085,2.3800187,-1.0518782,7.212926,3.7305696,8.668868,5.2908287,6.1621065,1.9216268,3.1527758,3.1101995,9.656822,7.225939,4.627109,neutral
-637.5176,59.70058,3.4939163,5.114968,3.2979174,-5.287181,-4.809189,-15.0372505,-6.288984,-1.61545,-10.061916,-4.0954833,-9.01998,-4.4935255,-1.3645123,-11.981665,-6.476185,-3.4072952,-8.269565,-5.75191,-5.054462,-5.3948402,-8.540252,-4.388101,-6.2030516,-1.6387064,-3.0767844,1.4880642,-2.3601317,4.0381002,1.1507404,3.6271136,1.8061811,4.968265,2.8792222,6.6889377,3.9904869,8.660673,3.6521056,6.687001,neutral
-607.34015,69.17651,-2.6133347,8.567495,2.4074962,-5.8220015,-1.4038559,-10.416314,-9.380807,-5.03228,-8.3034725,-1.5125263,-10.4819145,-4.624592,0.8805333,-8.873939,-8.759674,-4.3087225,-5.0344453,-5.164595,-4.430847,-4.1268406,-5.083315,0.24683322,-0.905457,4.2729845,1.9638077,5.635969,0.21494284,6.4827056,1.7309896,5.707282,3.7324116,7.414253,6.667196,7.315119,5.3660984,5.8630676,0.46006268,1.5007801,calm
-622.21063,75.53251,-2.6911383,10.40073,2.3486571,-2.1841393,-1.4520117,-12.230428,-7.0035596,-5.7862053,-5.1290727,-1.5025043,-12.473935,-3.5380638,0.7614759,-8.192999,-8.135513,-3.3251424,-2.447157,-4.920444,-5.1064095,-3.21066,-4.4074383,-1.636021,-0.8052136,2.6803293,2.0995119,3.8571806,0.18531178,6.792464,1.2467119,4.3121176,0.9116899,4.634358,4.972257,6.0756207,6.199323,6.7918973,1.3119358,1.8960499,calm
-623.72046,58.836975,-5.1562753,6.158494,3.4706886,-7.29058,-8.248954,-14.787196,-12.272157,-6.4449763,-10.429488,-5.2076745,-13.666608,-4.5294094,-2.5020192,-11.68666,-9.918705,-5.6264277,-6.7037625,-7.822624,-7.638143,-4.697837,-8.881372,-4.8579082,-3.2318757,-0.7535647,-3.1344306,1.8820535,-2.7436602,5.926232,4.4129047,9.289285,7.9274187,9.221042,4.7338457,4.239493,3.7996197,4.7838836,0.22087558,-2.062826,calm
-632.17847,57.01735,-2.6979828,8.904218,3.366049,-5.807226,-7.056962,-14.8029,-9.762744,-5.2196975,-9.170517,-3.8374941,-13.405845,-3.6617613,-1.543768,-10.880664,-9.501068,-2.9541092,-4.570559,-5.620938,-5.239181,-2.3298702,-5.992073,-4.170293,-2.9816065,1.6080545,-0.03628986,5.6301117,0.88182116,7.149645,0.6754695,1.5701752,0.70977026,3.9434664,7.668499,8.032887,7.2934713,6.4826612,0.849707,-0.22166912,calm
-621.1304,65.32563,-6.5628324,10.90841,1.4716482,-5.774355,-4.4375253,-10.142628,-11.614419,-8.733295,-9.190458,-2.8904426,-13.3263235,-4.4312463,-1.4384301,-11.230963,-11.920066,-6.2562885,-5.3360353,-6.2459493,-6.80709,-5.047687,-9.584097,-4.059134,-5.834181,-0.17249979,-1.5736232,4.649961,1.5466379,6.7072296,4.480233,7.2712765,5.400223,6.9091353,4.547454,2.9024904,2.345046,5.2675257,2.6175594,2.383436,calm
-635.4274,72.30782,1.8655279,14.754484,6.550587,-3.3904202,0.72497874,-7.4887223,-8.629113,-2.019701,-5.5374045,-1.7825214,-9.894133,-2.7856896,1.7092109,-5.5126157,-9.002537,-4.3220806,-4.8572755,-6.769929,-4.6831393,-3.305167,-6.233971,-3.7342708,-3.4019244,0.52586305,0.4602098,4.2457843,-0.024318872,5.7007174,1.9101939,5.027764,4.5381927,6.6713853,4.545383,3.5800514,3.1619039,4.7654505,1.540826,1.8633782,calm
-633.1648,54.986275,1.0534863,4.100263,2.4409788,-5.8663473,-5.0321445,-14.029208,-6.8099413,-9.743929,-8.036356,-2.68838,-15.605966,-3.245747,-2.0499976,-10.289108,-9.180026,-4.10281,-5.746706,-5.820284,-5.172937,-2.197255,-5.5549617,-0.009877366,-0.32492042,4.596046,3.0657122,6.4051843,-0.6666682,5.9854465,1.4290565,6.3533616,4.1332583,6.0628643,3.4008667,4.5797915,3.4236455,6.0536838,-1.1334069,-1.8747618,calm
-627.6324,58.279312,0.64318097,5.040732,-0.7956767,-5.2589993,-5.878945,-13.581642,-8.930981,-8.269208,-11.569237,-2.709694,-15.164522,-5.1356344,-2.9764137,-12.451784,-10.892239,-5.428217,-8.445894,-8.486119,-7.217077,-4.726391,-9.347827,-6.2431474,-6.0472054,-2.256504,-0.36143494,7.817925,4.124285,9.615355,2.5224705,1.9846712,-1.1016334,2.108307,1.7502196,4.1454678,2.7250762,5.4395804,1.6647197,2.763545,calm
-553.6348,67.91224,-25.526585,10.154326,-0.9737106,-10.912901,-3.9287293,-16.098904,-8.387464,0.13446468,-7.2428207,-0.74430144,-11.787594,-4.245,-0.06143928,-10.432103,-7.982731,-2.3076637,-5.4668655,-3.5411596,0.56584,2.0591905,-0.6539734,3.169997,-1.2361739,2.786124,-0.2021333,3.1063063,2.7676144,8.806854,6.548493,9.397715,7.7900386,11.2867,7.0187535,5.3208,0.20285773,0.9295551,-0.10575167,2.3896677,happy
-549.29877,72.12444,-18.956991,8.488061,2.0655174,-11.182903,-2.9261,-13.499136,-10.054878,1.0928599,-6.2236524,1.381343,-9.739753,-4.2868447,0.7672159,-7.916224,-6.551145,-0.3360962,-5.323272,-1.4261681,-0.48577622,2.6726336,-1.9548206,3.3218193,-0.33705914,4.7307158,1.2457874,5.2303023,3.4183495,7.9291224,4.8418007,3.9393363,2.3885765,7.0577703,4.6816754,5.5873113,4.1107645,6.798118,3.1330006,2.94209,happy
-559.09564,50.532066,-14.406025,6.8867106,-1.020223,-12.49076,-8.792372,-20.724672,-11.325774,-6.1601405,-10.645595,-1.7386878,-16.46112,-4.571616,-5.136558,-11.007606,-10.845093,-4.381999,-10.129869,-7.376309,-5.814115,-1.3861692,-5.484849,0.6623547,-2.2529407,1.3450625,-1.2371542,-0.14797169,0.16817886,8.257793,6.360061,5.204837,1.0409774,1.9362328,2.0660381,3.2452326,2.0161557,2.5878189,-2.0286617,-0.37669918,happy
-542.5677,61.484043,-20.378595,6.96119,1.1035457,-16.466297,-9.143624,-21.730927,-12.129528,-2.9312706,-11.73797,-0.5858946,-13.852332,-6.112726,-1.4040793,-11.808148,-8.9258995,-1.8717552,-6.7314878,-6.5950155,-5.4118023,-2.0158603,-7.9517355,-2.9866235,-4.75898,1.4918765,0.7336783,5.3248677,3.332983,7.5003357,2.2648063,1.7987881,-0.3740568,2.0902865,3.342415,5.6124353,6.8427896,6.8208337,0.7332846,-0.9174187,happy
-412.6291,50.24613,-31.450348,2.298177,-3.1586242,-18.114689,-3.614239,-8.677736,-9.737936,3.2797081,-6.827107,1.9667789,-8.131763,-0.1646867,4.171515,0.08843478,4.4253416,10.973187,7.433645,11.780074,10.63863,5.580578,2.7526977,8.126691,3.082834,10.28109,6.743318,7.377726,5.5584607,4.761054,4.696386,3.4961345,2.6424065,4.662514,3.5197854,5.2832117,4.57868,2.8127596,3.165507,3.509112,happy
-415.6732,49.225056,-27.436876,5.038445,0.32719415,-15.985524,-3.0530608,-6.96976,-9.934113,4.1342044,-6.8863597,3.2563462,-7.008246,-4.402734,1.5419607,-5.2563043,0.45740896,10.824385,6.8717804,16.550055,13.476537,11.066368,5.374287,8.662693,0.40777072,7.083172,3.0705218,6.619262,5.0735292,3.5836098,4.07079,5.385839,4.540741,6.009894,3.1421402,5.5827975,4.6004715,3.609358,2.2541583,3.2735822,happy
-488.733,52.217003,-25.127413,3.807339,-2.2044876,-14.789778,-8.334937,-16.889296,-13.1839905,1.2010479,-13.086359,-3.0477417,-11.118559,-6.6813693,-1.9638623,-10.593353,-10.321738,-1.3489261,-7.8700266,-3.8025358,0.27270883,4.363976,5.1806445,11.459469,11.073924,10.979393,8.6438,6.3471026,4.127491,5.3484488,2.160382,2.3602872,1.667159,4.001766,0.6936716,0.96873236,-1.0225096,2.8851023,-0.531866,-0.61007786,happy
-410.2931,39.66005,-40.08025,-9.03817,-6.6590886,-24.759277,-10.837742,-16.035912,-16.830807,0.6311028,-13.997892,-2.032371,-7.664941,-0.53234863,8.069487,5.228194,9.298982,12.461605,0.46006164,3.1706252,2.8176465,3.754808,-2.1260033,2.1700783,-1.7286218,3.2031798,3.1190405,3.8157153,7.3389835,10.653229,10.361809,6.003909,2.0953581,3.8800936,2.878287,2.303007,1.4307345,4.370234,1.5704086,-2.257408,happy
-585.4551,66.44238,-13.305426,5.339282,0.34802318,-9.377342,-7.109349,-14.227534,-12.566141,-2.2414114,-7.5661745,-3.0743406,-8.317716,-7.1007633,2.5922012,-8.374055,-9.041959,-2.1511793,-7.42593,-3.094759,-2.5967731,1.8057921,-2.2067857,4.4428163,-1.5762949,3.0982196,1.1722372,6.8942385,7.0532656,12.504111,11.498926,12.010705,5.6093946,6.617047,2.3075597,2.043385,0.92360395,2.3360214,-0.5895578,-0.5809743,sad
-584.3949,71.04817,-10.016769,8.762314,3.3572185,-8.965961,-6.876372,-19.336035,-11.631241,2.294149,-9.143774,-1.8372966,-9.251072,-5.4476027,1.9514054,-9.427477,-5.366765,-0.81233907,-4.7883806,-2.2406447,-1.3884138,2.3511512,-3.196706,2.1792498,-0.27446407,6.9702845,3.2757733,10.097825,7.957453,14.019319,8.689705,8.863434,3.850084,7.224402,4.7287006,7.3003964,4.8526506,3.893723,-0.5367738,-0.113040864,sad
-619.4839,48.35444,1.4480586,6.56836,3.488764,-0.40822947,-1.1853307,-15.592783,-6.5298033,-3.4672964,-5.563532,1.8654543,-9.729607,-3.330863,1.4160576,-9.230489,-4.1743364,-0.39658737,-5.9135737,-4.6422024,-4.262267,-0.6571494,-6.1469173,-3.2479064,-3.1570868,0.74138,3.3485656,9.84298,7.0060225,13.465961,5.6418347,10.731911,6.7185764,9.854719,4.822396,1.9824921,0.655608,3.0489244,3.1347167,4.8599725,sad
-605.1237,50.635475,-7.541843,5.00767,0.49196753,-6.938275,-4.406034,-18.63301,-9.593037,-2.0592074,-9.772343,-0.68895984,-9.5499,-7.1833835,-0.1914824,-10.397971,-6.3285136,-3.6107385,-6.159268,-6.2204804,-6.2439933,-0.5343917,-6.4348145,-1.7989398,-2.4021332,3.1434062,2.3518662,8.163252,5.000782,12.07695,6.5626016,9.930421,5.0934525,6.591565,3.494839,2.913021,0.3325437,1.8435429,-0.5686693,-1.0188783,sad
-480.14807,57.415085,-23.58283,1.3805025,-7.4510427,-18.380257,-9.922855,-14.987237,-17.50349,2.956245,-9.632061,-1.3317367,-4.063983,-3.3368807,2.9647086,0.29027086,-0.45529363,13.754188,8.256867,15.237072,13.051362,12.836596,3.8174028,4.2836323,1.0052313,6.6043806,5.8818603,3.1238754,1.307709,0.033466868,2.6411066,4.437326,3.0556257,0.6793232,-1.2372473,2.2887375,0.99774146,1.3345954,0.9648876,3.5367882,sad
-446.3809,49.977432,-34.35692,-8.573052,-10.674549,-22.123137,-12.451707,-21.186314,-16.221924,4.7629333,-13.059253,-2.2446458,-7.797289,-1.4656748,8.195211,8.0834255,10.013125,14.885942,6.165407,6.4827456,3.5314305,7.5727773,0.23994845,1.7433329,-4.701557,-0.45377815,0.95081484,1.4870284,0.5533993,3.3551664,4.1396675,4.757226,1.3496295,2.5759122,1.3029865,5.126184,2.7213213,2.0759087,0.10145218,-0.53970516,sad
-485.7838,41.890957,-29.22817,-8.032519,-10.285984,-18.784246,-15.480822,-18.501287,-20.203281,0.6512004,-12.519745,-6.114458,-6.891004,-9.369304,-3.4126816,-7.561042,-4.354078,5.831702,4.5639358,8.885283,11.0232115,14.744759,8.755256,9.043912,1.639782,2.4565597,1.1658816,4.313203,3.3750625,-0.5733281,-0.17764196,0.20493375,-0.9473038,-0.5638091,-1.7580192,1.3858863,0.8106304,1.6745775,-1.4106288,-0.7598761,sad
-425.9545,38.694794,-27.190002,-10.659636,-8.363109,-22.432154,-13.421298,-14.916898,-18.812689,3.7564301,-10.993418,-2.5431063,-5.295838,-5.4208302,2.3716478,3.3518648,7.7215676,22.425903,14.70266,13.586639,5.5823083,1.1203926,-3.4376612,3.9363787,2.4080007,3.6426015,-1.2743422,-1.1089736,1.494162,3.317828,1.5430094,-0.39843637,2.8783371,7.503445,5.153624,5.2334967,2.2795603,2.5836525,1.1702995,0.833649,sad
-506.36407,68.88108,-6.693444,10.82382,-5.709691,-6.510223,0.69333273,-10.45378,-10.350353,-2.1174598,-6.015883,-2.3737636,-6.127456,-3.2199965,0.44382185,-9.569661,-6.914637,-2.4840965,-6.750723,-4.6684365,-3.8615043,-4.050789,-6.439423,-2.2998285,-5.751895,-1.4419644,-1.7475027,3.5039542,0.3517057,4.934916,2.6495004,3.1446855,1.7061855,3.4203634,3.8603308,5.085449,6.221542,6.6918793,2.143497,2.4790401,angry
-518.56616,71.95664,-10.136783,15.714462,-0.4160594,-7.580614,-0.6670897,-10.031446,-10.7022915,-2.097585,-3.699602,-1.7730868,-6.2097754,-3.5163646,2.290328,-7.9219275,-6.7423763,-1.7938331,-6.1516056,-4.224031,-2.1541002,-0.9028888,-5.1132793,-1.4429096,-4.3761053,-1.0562713,-2.0778384,3.8298793,1.1975224,7.1051097,5.807782,5.6747527,-0.024407959,2.6581447,0.74447495,2.2178419,3.4594755,4.646813,4.3316245,3.9198692,angry
-583.11847,58.108997,3.1179612,5.4751716,3.7297966,-6.5471406,-5.7818894,-15.7880745,-8.761977,-3.3991292,-11.307537,-2.036718,-11.360763,-5.053904,-2.7799325,-11.437833,-8.284191,-3.9964697,-7.7627506,-6.8212075,-7.034498,-4.5870643,-10.246816,-4.415606,-6.292497,-2.110077,-4.0642533,-0.81749254,-3.6759439,3.0788696,-1.4163227,4.423535,1.82581,5.7659125,0.35426706,1.4671364,-2.156286,0.813679,-0.43145326,2.878343,angry
-545.6543,55.857178,-7.536287,4.565674,-1.3889015,-11.212068,-7.301973,-20.365778,-10.1510315,-2.777424,-11.33352,-2.2468185,-11.331667,-6.141225,-2.2814624,-12.32404,-8.595227,-4.281364,-7.029236,-7.795818,-6.9880614,-2.82859,-10.169606,-3.8087225,-5.6172695,-1.4387566,-4.07099,-0.5831403,-5.627218,0.89795095,-4.1440897,-0.29328158,-3.3698812,1.9506688,0.11486124,5.7342706,3.7707586,7.0127587,3.324998,3.1644526,angry
-408.37457,50.982243,-10.792179,0.5778095,-2.924348,-8.839248,2.0572305,-4.8916616,-7.888886,0.95539445,-5.4522552,-0.12809803,-4.016875,-5.5524216,-0.3850019,-6.6785936,-5.987854,3.330841,-0.349823,4.249111,3.0203106,0.46468318,-2.1416247,4.6833596,0.7985772,6.175658,2.9476564,6.694907,5.198777,4.598928,5.603251,6.094341,3.2655406,5.1528077,2.7943845,4.8331966,3.9117808,4.787955,3.0179935,3.1500356,angry
-339.37527,40.832813,-23.749994,-9.66379,-7.0546465,-11.541497,-0.41026258,-6.3481474,-9.487778,-0.8979659,-7.9630823,-2.713696,-6.0093675,-6.188095,0.7968749,-4.4465456,-4.489219,1.3547454,-0.32873243,4.2896476,8.702612,9.738099,6.135625,9.591614,2.1161423,6.2254252,3.7643874,6.1980414,3.389016,5.262881,4.893255,5.2900057,3.6457915,4.540814,2.0633607,3.4550292,2.0543602,4.7008243,2.2655826,3.5847402,angry
-418.4349,53.958313,-9.918397,-0.20923015,-1.2053727,-10.572017,0.45965084,-11.167219,-11.680923,-0.58393484,-9.818316,0.41162086,-5.971579,-5.814847,-1.1308637,-10.2791395,-8.416846,-2.4136143,-7.305223,-0.5348674,1.988023,3.7766607,0.23865896,4.4890304,0.69813997,2.7446887,1.0878295,4.473305,2.2999587,6.5438395,6.5035906,6.7497106,5.0839653,4.245786,1.1807377,2.1946445,1.2306838,2.5700474,1.4092588,3.0930235,angry
-362.9218,50.482014,-17.477932,-13.09083,-4.7347116,-11.248355,-2.6394742,-8.60076,-12.306412,3.1749897,-5.115359,-4.7179093,-6.7658334,-9.245915,-4.2381716,-5.5851326,-3.6740484,5.240383,-1.3982952,2.6962035,4.7499003,5.8133225,3.3697217,8.053217,1.4188823,4.0092616,1.7261319,4.8870616,2.0308347,4.4513206,3.2017412,4.875359,3.191791,4.0576696,2.365433,2.78753,0.6925368,3.5669522,4.644168,4.014085,angry
-493.13422,57.251743,-9.481306,8.722335,0.29515082,-6.6676016,-9.306561,-14.872537,-3.1310487,0.10991032,-7.165377,-0.19826756,-4.192864,-0.763424,-0.7252215,-3.4515557,-1.229038,4.2524557,3.3799727,6.5064206,6.6569395,6.417859,2.6360376,5.2830625,2.6711307,9.434331,5.0029874,7.4843454,2.9413488,6.6151834,4.547443,7.913133,4.105755,5.5477896,2.641648,5.1906776,4.2616534,5.1123595,3.298939,3.311941,fearful
-504.33823,52.414543,-13.050662,9.555542,1.0859007,-6.73094,-7.200766,-14.896804,-5.553119,3.341051,-7.6320033,-2.8218324,-4.2014523,0.9361623,0.54274476,-5.6882186,-3.5838666,0.26113808,1.0833608,4.187277,8.407002,9.6649475,2.4473107,5.2284837,3.7446532,9.830138,7.625873,9.594295,4.8902974,5.339789,1.9888945,5.643581,4.2291803,4.387122,-0.34828016,1.1242704,2.0652492,3.202801,-0.043429095,0.21684754,fearful
-542.6841,47.50392,-14.280469,5.9158106,-3.9234838,-11.091968,-11.412642,-23.300209,-6.271983,-2.2709684,-11.547039,-3.7990365,-10.839934,-5.5410905,-5.0425844,-9.398253,-6.5229807,-4.9367266,-6.759703,-4.144012,0.54967266,2.3392806,-1.3594328,2.171642,-0.8012269,4.4571104,1.6046878,4.705877,2.3841069,7.8656774,3.231629,6.4676704,3.0914552,5.140617,-0.36661667,0.76980245,2.1240804,3.0697784,1.379677,2.0007179,fearful
-529.32166,47.45032,-11.723712,4.3002844,-2.3706799,-11.659634,-12.525762,-19.852556,-6.27874,-0.89143586,-12.216055,-4.391234,-8.890867,-6.2387123,-4.8087397,-7.8189273,-6.906484,-2.427399,-5.480887,-0.698662,3.745467,5.7069354,-1.1670377,0.97254044,-3.5301383,2.6984224,-0.35349765,7.154153,4.5918937,8.065922,2.8174882,4.5717483,1.4396476,3.8707106,0.3088059,-0.4051781,-0.37033814,1.4894711,0.31789565,1.3827274,fearful
-391.44623,41.299706,-26.130554,-3.838268,-3.3481307,-13.394756,-7.236886,-13.436185,-10.552484,9.002495,-8.7956505,-4.849415,-4.264538,2.209037,14.526189,15.521434,15.2609,20.897818,8.814214,5.7140265,1.9213452,6.168697,2.674002,3.4208555,-0.655053,1.1389998,-0.18963593,4.153885,2.7089047,5.9445376,5.4461837,8.376288,6.2270913,5.3031263,3.7617986,4.2492094,2.615967,4.670641,1.5881296,1.1573308,fearful
-358.08936,32.443104,-32.41488,-11.484583,-7.929643,-13.889614,-8.365248,-15.945252,-14.946023,1.8015183,-7.418687,0.51663077,5.5368905,17.365253,18.913363,8.512643,2.5438485,7.545913,0.60873955,4.776374,1.2946205,1.835929,-1.9683409,2.1333585,-1.2577617,4.008845,4.6132555,4.798042,1.0519317,7.3109097,8.197216,5.3275313,1.2542577,2.2626169,3.3146963,3.9614146,2.2896304,5.3924017,2.027679,2.213892,fearful
-396.38184,34.57614,-23.022793,-11.523142,-8.805856,-14.433982,-12.926295,-21.448536,-13.498489,-1.9285283,-11.0855465,-1.7675066,0.6949959,10.685253,7.883868,4.0605664,2.658391,6.498432,0.16593444,0.377263,2.766808,3.6180315,-0.30071345,2.5194805,-3.0865197,2.58775,2.462109,2.2864413,1.8626434,6.601637,3.6940727,2.4640706,2.198453,4.779478,1.7177787,2.524557,0.9576986,2.408135,0.6770451,2.417088,fearful
-386.73215,33.304535,-32.733196,-10.721648,-9.341895,-12.920962,-9.75673,-17.610289,-18.194386,0.31500903,-10.908246,-1.0267768,5.2520237,15.960727,19.573328,11.9153595,4.06752,5.27648,-1.9861877,0.6383845,0.69677794,1.5867096,-1.6828171,1.1992371,-4.1671276,2.6080494,2.0448096,4.5735173,4.9417763,8.890511,3.4762094,3.4150996,4.4589343,4.7929697,2.245342,4.164439,0.24220821,-1.0947226,-1.0849156,4.139267,fearful
-569.466,63.79064,-10.068466,14.716333,0.9093255,-5.1187124,-8.481804,-16.920715,-1.6491585,1.5895876,-11.06638,0.7009533,-6.6615415,-3.1921678,-0.0036547258,-8.160323,-4.5266833,-2.872915,-3.9267812,-6.2563477,-3.9133527,-4.541778,-5.863086,-0.36655876,-4.463805,2.3432775,0.26519927,4.098821,2.5385513,3.5065446,0.4162296,3.3720684,2.9548213,6.3498197,3.6707916,2.8515043,0.9452558,1.7683983,1.8797152,4.2400618,disgust
-562.36475,78.596436,-16.887402,16.7662,-2.0009093,-6.488784,-6.644305,-21.000532,-10.522897,0.6802149,-11.760811,-1.031304,-9.954346,-5.0262246,-0.528501,-10.194347,-5.275434,-4.9821763,-5.308903,-6.220517,-4.4086347,-2.396732,-4.393311,-1.4475858,-5.675273,0.38243866,-2.5269868,1.1184866,-3.4235756,2.9646397,-1.06521,2.9393282,1.3795271,4.030428,1.2337482,3.1624527,2.3553748,2.4414067,-0.36487556,1.1274089,disgust
-603.91003,64.02506,-6.4530015,4.10251,0.26106346,-5.1400833,-10.274733,-19.350317,-5.6894193,-1.2088506,-9.615507,-3.9430914,-10.326365,-6.2432523,-2.8100145,-12.22774,-7.156171,-3.820203,-7.9734225,-8.76448,-5.3979473,-5.2398267,-7.2562547,-3.1572044,-6.415457,-0.5774327,-3.6765566,-0.96495926,-2.0174012,-0.5503443,0.81745386,1.7246009,0.354999,2.4881208,-0.8859214,1.7507744,0.6743977,3.0965445,1.6244047,3.078238,disgust
-582.6962,67.11327,-1.4772825,4.4192824,-0.38215873,-4.3429704,-7.4244356,-17.038946,-2.4946575,-0.11743868,-8.052288,-0.50255865,-12.431154,-3.186542,-2.669075,-12.944487,-4.5170608,-4.862606,-6.762498,-6.347044,-2.6386733,-5.7607064,-6.537825,-2.2123973,-5.4906034,0.767921,-3.255335,0.22318456,0.39373216,3.3190603,2.6738815,2.764947,1.1236978,4.5728745,1.3060629,4.077199,1.8052155,2.9259918,-0.32494125,1.5266552,disgust
-481.81653,65.11333,-21.19179,8.975361,-2.2490017,-10.544375,-15.048051,-17.973515,-4.8667083,3.7701035,-12.940258,-5.0206256,-6.6325383,-5.852145,-6.3384056,-9.671098,-6.0242043,-2.5141912,-4.977364,-1.1243538,3.243058,1.4164746,0.19119357,2.9367263,-2.000763,5.767647,-1.7170284,5.6279926,4.5607467,8.849733,4.670473,5.2418427,0.82466847,3.7328908,0.21063268,3.020904,3.7897198,2.4670522,2.026321,2.6579654,disgust
-443.1495,64.626755,-27.769583,-3.6123874,-12.814563,-16.21887,-12.208717,-26.48024,-15.659695,0.8333601,-17.847792,-3.9514058,-13.723529,-8.264298,-7.878849,-11.949649,-2.5392544,2.066202,2.6111403,9.426155,3.8431857,-0.74769324,-1.6015062,2.7782242,-1.6112851,3.6393507,-0.9730319,-0.0053625256,-0.16995253,4.020101,0.56115603,3.7699318,3.452439,6.5280194,2.7171674,5.9408593,4.7902174,5.054808,1.8506982,2.1683686,disgust
-438.9809,50.112675,-19.383322,-0.15988629,-6.0063524,-19.56021,-17.571514,-25.078314,-3.3256612,1.5677345,-19.100996,-2.88322,-11.046295,-10.994832,-3.4571044,-13.473458,-4.0824447,-1.9884552,-10.215718,-0.92137146,-2.079398,-2.0965848,-1.5493153,0.27486807,-1.9395499,2.738642,-5.8578644,1.7987235,-0.98478866,9.658902,6.7846313,9.172629,3.7336543,4.1880207,0.20169137,3.6217356,2.2118962,1.9744173,-0.16347246,2.5261497,disgust
-467.1563,46.104866,-16.63436,-4.68337,-5.314461,-12.831609,-8.694963,-19.090176,-14.531712,0.9312143,-16.435734,-0.8308178,-13.815314,-7.2233224,-2.2065134,-12.773775,-6.079183,-3.3306422,-10.3161955,-5.4844894,-2.4591026,1.2514148,0.12067589,3.3386362,0.31494612,2.8780766,-3.7486603,4.4054317,-0.74842227,7.6537185,6.726782,9.039966,7.525738,7.31841,1.0453005,0.8631124,0.7873604,4.396534,0.47769034,0.7771719,disgust
-587.20935,62.96021,-11.482911,5.521262,-0.2887566,-10.464923,-6.8222213,-15.643872,-7.6426044,-1.9508178,-12.183817,-3.2819932,-9.290584,-5.2036433,-5.6208673,-10.01567,-5.123403,-2.5389469,-5.056178,-0.24360563,-0.25912723,2.6779792,-1.5872966,2.329151,-0.9335273,3.7968826,1.6471317,4.9873443,0.03130364,1.2214137,-0.8160267,2.7910461,2.319601,5.7564487,1.1777914,3.2900333,2.756685,3.508076,1.353823,4.0524583,surprised
-557.66284,59.719997,-6.635116,6.542348,2.3275602,-5.325773,-4.8613253,-9.1978855,-8.67856,1.9303291,-8.156436,-1.8132067,-6.5752254,-1.9257584,-1.0145566,-5.8499436,-0.2441587,1.5740393,-0.8829235,1.6210449,0.20522827,0.58672285,-1.3809239,4.0819793,3.1009843,4.9079466,0.3418512,3.6621017,2.213546,4.107009,1.3834512,2.5826008,2.5253906,5.199709,1.8983624,2.8829558,1.2422972,2.6279957,1.9083853,4.37753,surprised
-585.8835,50.91633,-7.5096254,6.9948635,0.28523895,-6.7610617,-6.058364,-15.620575,-7.4476132,-4.46054,-8.889612,-2.074397,-9.670364,-3.593035,-1.7984201,-8.896029,-5.934491,-1.0666734,-5.112467,-3.7796426,-4.042782,-3.959819,-6.0459247,-2.3210037,-3.955005,-1.1303087,-2.5448143,2.657088,2.4295282,6.251342,4.327285,4.689397,1.3089675,0.9852588,-1.6705481,1.512269,1.7576596,5.2745624,3.0484014,3.825879,surprised
-572.0339,53.070312,-5.674706,3.3787467,-1.1556046,-9.903655,-8.929951,-21.29561,-10.645976,-6.2438345,-11.109165,-1.4164785,-14.146095,-6.1119065,-5.5652246,-12.3329115,-7.086913,-6.7085147,-6.9931755,-5.126015,-2.762693,1.4349828,-3.7856836,-0.286575,-1.3981822,3.429648,2.0000684,4.230616,1.9413948,5.4488297,3.5879774,8.1468315,7.7800536,9.138823,3.4855704,2.702802,-1.4641337,1.6146022,0.8792408,4.371887,surprised
-507.62784,58.981583,-13.551087,2.1898642,-0.8326673,-10.356756,-11.094601,-18.000906,-5.1858106,-0.43392855,-7.381293,-1.6489117,-11.672469,-3.0375478,-4.680328,-4.018869,-3.0095444,0.40678406,-1.4460508,1.5675759,3.9845014,3.3748696,2.5493808,4.754128,-0.043255147,5.0130663,1.2342777,4.04346,3.4828887,7.557473,3.824258,5.5558114,0.56007856,4.8889675,2.4159164,4.284512,3.0683622,3.5979834,2.302134,3.8037822,surprised
-482.72885,48.12778,-22.03575,3.0976334,-5.814899,-14.99922,-11.994105,-18.061909,-6.029136,-0.9135959,-8.551161,-4.440426,-13.352103,-3.6856217,-3.3344018,-2.7623856,-0.031950846,1.5426637,0.70721954,2.379852,4.0016956,4.835452,0.8446727,4.6475706,-0.30177495,5.5647793,4.530317,8.108968,9.114817,12.829195,6.506358,6.5353756,2.5947647,5.800984,3.2745132,4.320168,1.8472018,0.06472883,-1.6997904,2.4138005,surprised
-505.07104,56.44278,-8.779255,1.2540046,-2.7346385,-12.62734,-11.07071,-16.228441,-7.619043,1.2205634,-13.733972,-1.8656359,-7.560488,-3.7338448,-0.1974823,-6.1183414,-3.8614595,-1.2767324,-6.2681413,-3.1868806,-2.157213,-2.8759766,-4.8228927,1.8233349,0.4572045,5.622454,1.8567101,5.8854656,3.7035606,4.918441,3.6570358,4.052999,1.6322709,3.1426919,1.3253706,2.4957263,1.2306181,2.4602811,1.9944407,2.5688667,surprised
-527.644,48.919567,-11.006895,-7.637297,-5.08461,-14.446136,-14.799055,-19.062078,-10.819685,-2.0489197,-15.14718,-4.8578277,-14.611048,-8.910352,-7.1135864,-13.080799,-6.983173,-3.2222004,-5.823177,-2.935994,0.45672184,0.22476877,-4.719448,1.2515018,0.35141766,4.6222177,-0.0150225125,2.5773058,1.1383873,4.766874,1.8063614,2.333698,0.028959773,2.3304565,1.1454918,2.8628323,2.9372299,3.7670753,1.0102482,2.25147,surprised
-702.99695,75.20982,1.6558162,11.364334,10.323602,0.10286165,-2.946376,-3.9053009,-6.709584,-0.38547575,1.0336968,-2.7629867,4.0766916,-0.52207255,-3.5768783,2.2036586,-5.3217874,-1.9708761,1.0275829,-0.111047834,-2.69725,-0.28217083,-2.702467,-1.8016096,-2.516621,0.038035095,-0.54583436,0.13669392,0.24954496,-0.47672987,-0.16265003,-2.5008848,-0.7686256,0.45110902,-0.5608879,0.9238288,-1.7164748,-1.5708817,-3.2655342,-0.33558908,neutral
-700.74646,76.70986,4.6185503,10.865956,9.127707,2.758437,-3.2228794,-4.6302576,-5.3421693,1.4896955,1.4995266,-2.3372924,5.5806103,0.95969814,-2.3683116,1.9852626,-5.7835116,0.64871365,0.7359177,0.21057943,-1.972879,-0.70162296,-1.8992983,-0.22093734,-1.9546361,1.5518212,-0.6278131,0.19433084,0.8549597,0.61679786,-0.6483732,-0.8670117,-0.45771623,0.21518748,0.28097478,1.1108329,-0.82459515,-0.75115913,-3.1541212,-0.7744742,neutral
-688.13196,68.33564,0.9261949,8.646994,9.977105,2.8728004,-4.6864486,-8.224095,-7.483448,0.40949723,2.2805214,-3.9951897,5.188086,0.1596601,-2.9552243,4.976276,-6.187959,-0.42345265,3.0364032,-1.2200317,-3.43456,0.29828963,-3.068226,-0.76255226,-2.1448624,0.2658647,-0.24395782,0.45622715,-0.33341658,0.0796043,-0.5744536,-1.6238428,-0.019581767,0.24859425,-1.1860228,1.3195019,-2.3481755,-1.0352553,-3.7987323,-1.8669659,neutral
-673.67804,65.00211,-2.798217,11.927753,7.200477,2.416884,-4.6890473,-6.6582737,-10.662149,1.3852639,1.5353923,-5.630377,5.173719,-1.9621333,-3.8872695,4.1711197,-7.6554613,0.11925114,2.3319008,-3.276336,-2.2336674,-0.5410738,-2.4778905,-0.93040997,-1.9457936,0.17890722,-0.182181,1.0596787,0.5027663,-0.791106,-0.61016536,-1.5193293,-0.29471114,0.86202174,-0.61291647,1.2777175,-2.5578146,-1.4931067,-2.3207579,-0.41309777,neutral
-697.069,93.41931,6.7889924,17.678123,13.879993,4.2219543,-2.687137,-6.6034207,-5.939049,0.5879689,-1.7662377,-4.083465,9.117661,-0.23431674,-2.6088145,4.6558766,-4.9596334,-2.002112,1.1393368,-1.8217521,-0.65106964,0.030359752,-2.2720907,-0.60114485,-1.830662,0.8000988,-0.09833037,0.08516621,0.43332607,1.028481,-0.2587674,-0.35166663,-0.24679242,1.8495754,-0.51150227,2.0380125,-1.8043483,-0.32853898,-4.610119,1.3442931,calm
-700.83606,87.66434,3.1837685,14.27403,11.587781,3.7305593,-2.02405,-3.6973264,-5.265253,-0.99251163,-1.8241011,-4.671113,9.178676,1.1693691,-5.1433,4.1193557,-5.2510376,-2.2718458,1.7723026,-2.5783322,-0.42920658,-1.5911875,-1.0151639,0.11421951,-2.7828467,1.7723994,-1.250178,-0.32898322,-0.046434086,0.33132985,-0.891307,-0.7998144,-1.3947141,0.48222667,-1.0313331,1.2161903,-2.1469717,-1.3657196,-3.776074,0.8580923,calm
-696.3771,78.4091,13.958724,13.385589,12.252654,4.465105,0.15445632,-6.8963614,-6.482245,1.988724,-0.5745012,-4.9660134,6.7345676,1.2586644,-3.6998875,5.496716,-5.5609303,-0.2348571,1.2590472,-1.592342,-1.8936847,-0.3972302,-0.6891109,-0.71502835,-0.9300264,0.1316089,-0.68373907,-0.75597566,1.3384777,1.0335704,-0.74661136,-1.3492806,-0.7668992,0.427632,-0.64010656,2.3505828,-3.7227256,-0.69883114,-3.9929838,-0.73068655,calm
-697.60077,76.333496,8.306692,13.934751,9.29488,2.4885,-1.1950364,-9.467451,-7.2676764,1.7252139,-0.5230665,-2.6236663,6.477499,1.6668916,-5.908427,8.191775,-6.1293044,0.25754848,2.8778358,-2.80475,-3.3296242,-1.1193675,-1.2262175,-0.9977477,-2.0314028,0.957536,-0.91520995,-0.31090084,0.7519738,2.220183,-0.83836263,-0.8562797,-0.6100291,1.6180817,-1.4055939,0.63400203,-2.9930484,-0.6040628,-4.666082,-0.023692697,calm
-708.5271,81.88343,6.7167234,14.071719,14.674526,5.090953,-1.9351649,-6.2737226,-6.960561,3.2371383,3.0827672,-2.0923207,4.518534,0.4452513,-4.514263,2.092467,-4.121863,-1.8057964,1.3393878,-1.9538488,-2.707237,-0.43294227,-3.1696324,-0.5201491,-1.2803658,-0.6678173,-0.12781528,-0.56868917,-0.7524761,0.96831876,-0.78438455,-1.0084745,-2.8874903,0.10321899,-2.0805924,2.0722764,-2.4242504,-1.5175704,-4.628897,-1.053124,calm
-684.7981,80.04422,-0.26781237,8.305035,12.6160755,3.8072116,-1.5721887,-5.6869464,-8.638891,-0.039474756,3.3861752,-2.733943,4.842204,-0.75095856,-3.9803078,2.9462729,-4.7213855,-2.4835365,-0.30700916,-0.42927736,-3.7979548,0.12492385,-3.7977688,-2.3087966,-0.1905798,0.012367098,-1.6669031,-0.9932277,-1.5826117,-0.33538857,-1.4006209,-1.6560369,-2.2157807,1.0587828,-2.4292374,1.9046584,-1.8384624,-1.323952,-3.7023602,-1.0583341,calm
-682.65436,70.01733,1.2197684,13.498988,11.555265,2.374238,0.14814617,-8.803526,-8.674452,3.005434,3.0404246,-2.1600902,6.5217314,-0.9192483,-3.639947,5.7515736,-5.534659,-1.4989306,2.3924417,-1.5599151,-1.6693083,1.5268191,-2.0072267,-0.040508483,0.3032945,0.04315584,-0.87254196,-0.17950591,-0.5118487,1.4419081,-0.4287063,-1.4735992,-1.5210563,1.2892919,-1.7939426,2.0704541,-1.2622144,-1.8476293,-3.478668,-1.4558812,calm
-688.8906,74.790565,-0.36085093,12.461353,9.558188,0.61138546,0.66783494,-6.939664,-9.504522,1.6325989,0.2173182,-1.2341642,5.751193,-1.0654447,-2.1967561,3.7298496,-5.2418284,-1.4772017,1.754188,-0.94296485,-2.702254,-0.027897349,-2.2360353,-2.2982044,-1.2257994,-0.03612257,-0.998716,-1.399325,-0.95881873,1.038508,-1.046444,-0.9400386,-1.0218827,1.0849943,-2.6209683,1.0949104,-1.8918308,-2.6209126,-3.468988,-0.7538927,calm
-640.78375,70.72892,-8.338636,11.112185,9.039404,-0.30851775,-5.355434,-5.9367485,-10.62613,1.6008264,1.1369916,-4.973088,5.694568,-2.4353034,-6.375204,3.585146,-7.271442,-1.0347195,1.2532778,-4.3186574,-2.598664,-1.4862499,-2.6746805,0.38633233,-1.0331643,-1.7448988,0.88057655,-0.8165504,-1.5220306,2.3082716,-2.0009947,0.15341571,-1.5402222,0.50745255,-1.620138,2.0330384,-3.336266,-0.8105037,-3.5006971,-2.504971,happy
-646.33057,71.663284,-6.291183,9.854365,10.32092,1.0518105,-6.1349664,-4.839574,-11.58778,0.37810436,2.0756547,-5.8048615,5.0592422,-1.4711473,-8.580535,3.4462187,-7.6158457,-1.3392093,2.6763449,-4.4463034,-2.508976,-0.06413677,-2.7084107,0.5995008,-0.09923563,-1.4473866,1.0560939,0.88206595,-1.817587,3.082179,-1.3599759,-0.98125386,-0.68030804,2.1956382,-1.5596384,2.644217,-2.8040206,-1.0840548,-3.092626,-0.44333965,happy
-636.8036,64.28996,-2.3732674,10.460824,4.857619,3.7281387,-8.153204,-6.9527245,-11.791852,-0.5010372,0.23393625,-4.8670235,5.398083,-3.95178,-4.0627556,2.2358506,-9.006307,1.3173857,-0.58806413,-3.5392022,-0.2895517,-1.2991519,-3.3195214,0.9269382,-2.6020505,0.16446425,-0.9546736,-2.0169117,-0.7978255,0.036521852,-1.7315891,-1.2906169,-1.0028887,-1.6559764,-0.24385291,1.2341884,-2.543006,0.48168644,-1.644072,1.1197311,happy
-608.58936,62.791935,-4.4151006,10.535388,2.1939282,4.8997254,-12.968248,-9.45307,-10.6028595,-4.3135533,1.8177087,-8.526196,3.7238767,-4.431447,-6.8939843,2.7120404,-10.479464,-1.3278049,-0.04743314,-4.280083,-1.5374123,-1.9850119,-4.345906,-0.2493627,-2.5209904,0.18743373,-0.75262094,-0.045248438,0.42584327,1.9044163,0.1326542,1.5165108,1.8605331,1.9925784,1.0434353,3.88193,0.14697556,1.5898802,-2.3226283,0.9700475,happy
-555.85535,66.01665,-11.420377,12.129324,10.443691,0.77034336,-11.51976,-4.406293,-9.270745,0.020725159,1.2539761,-9.562044,4.8109746,-2.024526,-5.8441033,5.0014305,-6.6637006,-2.8990977,1.9359729,-3.482454,-2.8728273,1.4681216,-3.6409333,-2.0088727,0.14833958,0.433,0.19401217,-0.13055262,-0.9228608,1.6428128,0.500751,-1.5368413,-0.6478593,1.4552505,-0.047925264,3.7299385,0.6307087,0.7599759,-2.8640773,2.217662,happy
-490.84436,64.46119,-7.23484,5.4846473,0.45907846,0.015037654,-19.56582,-6.635535,-12.0695305,-6.9356575,-1.4126635,-11.07276,-2.5060914,-5.8746624,-9.34403,-1.0485468,-10.097887,-5.47623,-1.4465688,-2.172553,-6.0936,-1.0489506,-4.0090957,-4.087582,-3.0169566,0.76321715,-1.5288727,3.5870082,2.6513932,4.7359457,1.9403442,3.7499855,2.7594504,3.2530105,2.1435006,4.7174945,1.2145772,2.3896987,0.04426792,4.5456843,happy
-493.24023,40.357513,-8.3614,-1.2063516,-8.826,0.5746845,-19.18645,-9.471098,-11.077948,-7.136384,-2.0887508,-9.359967,-3.0206578,-6.5350256,-8.691343,-1.0879662,-10.217932,-1.0613674,-0.104637705,-2.709171,-2.7709432,-1.3605865,-3.4033215,-0.8455501,-3.0335307,4.204493,2.8885322,7.519543,6.8249025,7.363397,2.7396014,1.0041175,-0.5554117,0.5720233,2.2656646,5.4523883,0.84640807,0.2320374,-1.3251594,0.6955249,happy
-518.2792,47.270084,-8.6896925,0.34081513,-7.9920073,0.88122874,-16.508625,-8.064231,-9.91562,-5.827419,-1.0411472,-7.9907684,-2.8168576,-3.293862,-8.705898,0.33680585,-9.696436,-1.9729968,-0.019946428,-5.753907,-4.87779,-1.3846049,-3.499159,-1.5687155,-3.0313706,2.0158753,0.3287027,4.262789,6.3301353,8.0131035,7.356646,5.5055223,1.5486094,0.53711575,0.8800417,2.8134627,1.9230394,1.1639763,-1.2244077,1.0588659,happy
-686.1079,82.252014,15.673534,14.186582,10.147075,3.085833,-2.2708156,-5.2185254,-2.8384252,0.55144536,2.7230272,-2.306859,2.735723,0.93762773,-0.5982165,4.698244,-5.5522003,0.46446463,0.36539167,-0.1065185,-2.2295732,-1.4996303,-2.5376635,-0.44831848,-3.2801666,1.1714276,-1.2544501,0.5587967,-0.48408148,0.37786463,-1.1390313,0.6178334,-1.5979507,0.15112689,-1.3177061,0.3643536,-1.1464788,-1.2872883,-3.485698,-2.1797702,sad
-697.5136,83.84973,12.337433,14.347722,12.659982,4.2327614,-6.4780617,-6.6306057,-2.5997186,0.11541736,0.9600581,-5.0213966,3.21501,2.536144,-1.9438899,2.0354557,-6.525256,0.0066335825,0.26382214,-1.2248756,-2.6334763,-1.6858366,-4.4647493,-0.56684005,-3.5712721,1.2482349,-1.4443109,0.1973447,-0.19271775,0.46840954,-0.3720129,-0.7611619,-1.3673431,-0.0045611016,-0.57189876,1.4553497,-1.2319984,-1.5040249,-3.6740432,-1.8426424,sad
-700.2008,79.79602,11.0629835,12.639327,11.592131,3.4716928,-5.0385513,-5.770728,-2.139657,-1.1003152,0.81262404,-2.8412645,2.9156532,-0.58591753,-0.9265991,2.3800986,-5.60963,0.29620343,0.538756,0.120538525,-2.391452,-2.4008439,-2.0917685,-1.4744049,-2.097564,1.6274143,-2.4176612,1.5542301,0.29089138,1.009958,-1.2464447,0.834504,-1.2105162,-0.62571245,-0.32298818,1.1914359,-2.067979,-1.878278,-3.8099554,-1.94096,sad
-685.6218,76.22495,10.540395,10.573673,7.7505693,1.4565493,-7.28533,-7.47595,-4.8624086,-0.47341725,-0.22844173,-4.9145923,5.128811,0.80525434,-1.6511416,2.4413168,-6.0432963,-0.7003432,1.7263013,-2.8590727,-2.2128248,-1.1784631,-3.439453,-1.8976462,-3.1094415,1.6089551,-2.2217817,-0.58982426,-0.96670544,0.6613299,-1.9258083,-0.58836895,-2.9408755,-1.2783403,-0.48532507,1.0401652,-1.8768334,-2.2479076,-4.258516,-0.17066672,sad
-642.34845,79.81124,0.3826842,15.375226,8.53235,-0.12199607,-9.041983,-7.570565,-5.690523,-3.0211558,-0.5191467,-5.5129037,4.8120503,-1.0868938,-2.464421,5.5153656,-7.46446,-1.5082548,1.152098,-0.8068188,-1.1271101,-0.7506821,-1.9985261,-1.7927903,-0.49094924,1.4146293,-3.4973733,1.4391427,-0.85026467,0.9274726,-0.04801606,0.93218124,-3.8560731,0.26744393,-1.3510782,-0.4351761,-0.57535464,-1.6870514,-2.9602854,-0.21180409,sad
-653.68604,71.63225,9.197985,18.238241,9.393826,2.4672496,-8.393465,-5.16235,-1.346108,-2.229057,0.60087943,-3.505626,2.4359608,-0.7442663,-0.29288733,3.533987,-6.144607,0.31741986,0.16478068,-1.8565578,-1.8673909,-2.8127315,-2.6924794,-0.83561224,-2.1642628,2.582007,-1.6004502,0.7643533,-1.4047917,1.0413998,-0.64750737,-0.41137117,-3.6306684,1.3936017,0.31285968,0.9944596,0.46317202,-0.9396683,-3.2237625,-1.2499614,sad
-665.90204,78.11301,14.965342,8.99778,9.310509,2.3493378,-3.1309464,-4.9498296,-4.9909663,-3.1852922,2.5181434,-3.6512256,5.3888955,0.88848877,-2.301645,2.542487,-6.013704,-0.10131317,0.9218095,-1.3287388,-4.3540273,-0.61031544,-1.9694309,-1.1775043,-1.5618285,0.88077503,-3.0453715,1.5305986,-0.51053953,0.6249919,-0.6300576,0.5027978,-2.2231748,-0.72928184,-1.3115617,1.0620421,-1.4380674,-1.6232342,-3.462259,-1.9082984,sad
-694.10486,71.1906,22.004078,16.537052,13.144578,4.995915,-1.3491924,-2.6180797,-1.7495922,-2.9096243,1.8232735,-2.4308686,2.7395415,0.08703217,-1.6430973,1.4561993,-5.558886,0.045414962,1.0137537,-1.2648119,-4.558984,-2.2759328,-3.5002139,-2.1884801,-3.1161213,-0.2869455,-2.7988791,-0.16721077,-0.028303282,0.38125175,0.77613163,0.14315322,-1.0107871,-0.12869078,-0.44463056,1.599155,-1.5022631,-1.2172396,-4.0671854,-2.4445624,sad
-587.3575,65.276245,-4.8706822,13.440989,4.343612,-2.89424,-3.010377,-4.8530507,-11.321378,-2.7632945,-2.4607193,-5.2753572,6.6383486,-4.037078,0.11293652,1.5106779,-6.926266,-2.3877397,-0.97497785,0.46520278,-2.164261,-0.021377694,-1.8192652,-1.4494717,-3.3432343,-0.29329538,-2.2881641,1.1322852,-1.2589333,1.350285,-0.9960926,-0.09088973,-1.9074452,0.31244278,-1.9213724,1.338942,-0.7391371,-0.47631222,-2.942811,-1.0687559,angry
-543.0644,58.10215,-6.695074,9.746461,0.73126876,-3.213401,-4.5794315,-5.594631,-11.14566,-2.0375538,-2.0009143,-5.9303503,4.6702614,-2.9766748,-1.9662238,2.6978388,-7.800735,-1.9639026,-0.8624573,-2.8715215,-1.549464,-1.6778235,-0.67230326,-1.1954817,-3.7497027,-0.41297492,-2.7054918,0.0031720088,-0.85275656,0.48132563,-1.6002911,0.11087001,-2.0206985,1.606143,-0.37904933,2.637367,1.1234223,1.9677721,1.0793201,4.2695694,angry
-542.0982,59.319508,-6.250933,12.082499,4.5009747,-2.5422628,-6.1519227,-5.467722,-18.263557,-2.0955968,-3.0002198,-7.9083056,5.0498734,-2.3550272,-3.6716661,1.1011343,-8.140149,-2.2570906,-2.3646948,-3.0732439,-2.717976,-1.8437312,-1.3303661,-1.0536344,-4.5242085,-0.36411643,-3.1269298,-2.3371718,-1.806685,-0.97566843,-1.7077181,-1.095893,-3.20056,0.23352209,-2.2074203,0.5614432,-0.909787,-1.4792207,-4.3166475,-2.5038998,angry
-537.4538,54.74389,-8.300167,9.683747,0.91497535,-3.9066017,-7.5320454,-8.559763,-16.750975,-3.8262742,-3.7777176,-8.918033,2.7562847,-3.8741364,-4.513257,1.2820814,-9.006938,-2.8968244,-1.2550346,-3.523249,-2.4942594,-2.7103257,-2.3703954,-3.5485015,-5.8192663,-0.64887166,-5.0037117,-2.9631605,-1.972839,-2.4872763,-2.1908822,-1.0444275,-2.5859087,0.4376993,0.16193116,1.3381529,-0.16439791,1.0883179,-1.3652443,2.9115307,angry
-328.9423,22.980364,-15.578792,-1.7681181,-11.771306,-6.274632,-12.637662,-6.057148,-10.728389,-4.912875,-0.6920268,-6.7320747,-3.5892606,-1.1452672,-9.528409,-2.7034926,-9.027226,-5.3562455,-0.12920731,4.5244904,9.666874,13.472363,9.160432,4.824586,2.317927,5.808233,1.4249423,5.328093,1.0179228,2.2068257,2.2160573,4.3206296,0.43243515,2.5926561,-2.0899537,2.767538,1.6248379,1.1307307,0.44412425,4.67682,angry
-348.34103,52.402016,-7.402244,8.772963,-1.0004408,-10.61612,-9.923143,-1.0061847,-12.23071,-1.4621376,-1.0263749,-8.543622,0.022662705,-0.8574477,-8.047078,1.3502508,-8.934034,-5.7555995,-1.9026525,-4.154717,-3.4300492,2.7263901,-1.1828496,2.2005098,2.7529502,5.89338,1.615675,5.4411798,2.1318593,5.10717,6.266921,5.976035,3.156331,4.637302,0.8884213,5.0712385,4.276954,4.965501,3.4279606,4.3800855,angry
-362.70258,28.908012,-15.913297,-3.956293,-11.807989,-4.6710863,-14.111544,-6.9741287,-13.31664,-5.5376983,0.35832703,-4.8718057,-1.1668335,-2.368486,-9.623748,-2.8525052,-10.982385,-5.1284204,-3.050824,-1.3536452,2.0753722,8.171114,6.5640893,8.373984,6.9461765,9.571687,3.983565,4.185561,0.28504354,3.3849633,2.7982254,4.1171613,1.9116846,3.4007316,0.6342109,2.7066915,2.42298,2.1307218,-1.3385813,0.8496403,angry
-255.71239,14.004756,-23.85436,-11.49508,-25.162226,-6.153926,-17.983337,-8.732897,-12.766641,-8.163151,-0.76651764,-7.3207893,-8.580065,-7.4188814,-14.423148,-10.960849,-8.99187,5.935083,11.009479,16.391685,14.185802,6.9087186,1.3237265,-0.3313656,0.4143996,4.8679204,-2.4017513,1.981515,-1.0754728,4.100378,-3.430125,-1.900146,-3.033088,6.076784,4.7181425,5.763871,4.0732083,6.1644373,-0.7753434,-1.0194259,angry
-648.9678,65.199486,5.1580553,10.940873,8.177051,0.59425586,-8.58097,-2.103492,-5.3890204,-0.87523633,-0.1351033,-6.448557,1.8275666,0.26820245,-1.5834188,2.1144645,-4.48174,-1.2155648,1.9745427,-0.77390325,-3.6651204,0.75784457,-2.7187939,-1.172557,-1.9377279,0.54280597,-0.66788167,0.6796149,-2.2319956,1.077151,-0.85668707,-0.19866769,-2.0151722,1.2741071,-1.1724346,1.4530635,-1.872887,-0.5644489,-2.0076733,0.47304016,fearful
-669.1379,61.544445,11.801651,15.030469,8.764262,4.0493727,-4.286962,0.6712907,-0.7652065,0.6192026,1.5635456,-3.047984,1.4488741,-0.20326181,-0.010921138,3.0654142,-3.0431035,0.5559491,1.3086904,0.89258885,-2.621209,0.06281691,-2.1531377,-1.5873973,-3.5538902,1.3068432,-1.8459661,1.2131033,-0.5848191,1.0763675,-0.459081,-1.150205,-0.8156269,1.8859371,0.8888566,3.1248107,0.10355915,0.87947446,-1.1996124,1.274962,fearful
-600.5917,57.66598,5.6381845,10.878209,7.872688,1.4204174,-5.872524,-1.6225058,-7.0382566,-0.94427896,0.20124647,-5.4194236,4.453248,-1.8669364,-3.7897887,0.16707999,-6.581043,-0.9232102,1.084572,-1.3720827,-3.032113,0.18885484,-2.909887,-0.7633014,-3.0045888,0.48015025,-1.8788483,-0.39491493,-1.2452168,0.7210707,-1.7074516,-2.3831608,-2.054515,-0.6153484,-2.0266721,0.70720255,-2.7874007,-2.4344263,-3.1552181,-0.97221595,fearful
-600.7383,65.9003,5.06543,11.910499,6.029021,2.2837796,-6.4849186,-1.6435773,-7.8988514,2.5566099,2.9266546,-2.861318,5.8894887,-0.016020335,-3.7248898,1.7723473,-6.281172,0.52618665,1.8861386,-1.6346065,-3.1272006,0.7772817,-2.7514958,-0.17817445,-3.305904,1.7333044,-0.86990035,1.3487598,-0.40453097,1.4993429,-1.2846427,-0.5424415,-0.62659335,0.739836,1.271982,2.6603756,-0.34399337,-0.81557924,-1.1745209,1.3445963,fearful
-637.6888,60.222633,8.799935,11.295004,5.380808,1.699044,-5.4651427,-0.9332565,-4.105237,-1.2856641,0.9126838,-5.1217914,1.122627,2.4318788,-1.9126557,0.5412348,-3.4312623,-0.29008186,0.033466965,-0.46825144,-2.521909,0.1996998,-2.348624,-0.5525377,-3.094402,1.535322,-1.9855083,0.49865282,-0.81234753,0.84832615,-0.45837572,1.2223526,-1.0279995,1.0826106,0.05471397,2.4920802,0.7393919,1.3301846,1.5988586,4.0360675,fearful
-465.35934,36.901367,-6.295706,3.0600407,-3.4986022,-5.837509,-13.419804,-3.9813867,-5.857383,-7.048868,-2.1673875,-6.4858875,-3.604922,-1.2472941,-6.0670514,0.56496185,-2.0596523,0.68845075,3.6674483,2.715182,1.9159454,3.6506422,4.97711,4.6667075,1.9660323,7.46173,2.0706992,4.2416267,2.0884676,2.5764496,0.3781313,3.2674887,1.3836744,3.3352609,0.23761135,1.5869272,0.09165192,0.5446531,-0.20434338,3.1295187,fearful
-468.54626,42.432625,-3.232812,0.69449043,-4.3725634,-6.3686476,-12.1040325,-4.3796873,-11.384452,-5.4154754,-2.4627757,-8.191772,-2.2004073,-2.6329587,-10.077377,0.09356537,-7.2135143,-2.8702195,-1.7337968,-4.454164,-4.553342,-1.9384234,-3.8863833,-1.7974846,-0.5850239,3.8821208,1.3335557,6.15193,4.492885,3.7010741,2.3286815,3.1057317,2.897828,6.5002027,4.765737,5.9083056,1.705365,0.6340101,1.2300446,3.6381192,fearful
-617.745,60.479145,5.3799753,12.439417,8.3504,2.477054,-5.3520007,-1.2535123,-7.749494,-0.7513042,-1.6770016,-5.823444,2.145006,-1.754689,-1.4525124,1.3178223,-6.714803,0.062310245,1.819025,-0.33025363,-3.6235237,-1.7222867,-2.3614597,-1.4312375,-2.9605107,1.2820475,-2.3465564,0.51810944,-0.59372663,0.59170413,-1.0675564,-0.94368565,-1.1984116,0.003057484,-1.1012704,0.6769613,-1.3527912,-1.9499404,-3.1176538,0.03223016,fearful
-701.31506,80.324165,3.3630872,16.758142,10.443246,2.2233944,-0.500667,-4.4119596,-4.6085334,2.1974325,-0.104088105,-0.59081686,6.8506913,-1.1122634,-0.9663684,3.0419788,-6.4034543,1.5158056,0.10417132,-0.7125032,-2.1085567,-3.2051606,-2.0766954,-0.14255093,-2.1573768,0.77699214,-0.21747307,-0.9257933,-0.1353083,-0.31564116,-1.0887357,-0.72465134,-1.2125524,-0.42738262,0.08377731,1.0468982,-0.43153375,-1.6515054,-2.751657,0.21412636,disgust
-702.4052,80.38194,4.033239,18.14017,6.353939,1.4094417,-0.73473006,-4.7393,-3.1044428,2.5213678,1.6553316,-1.0374943,6.402606,-0.89648336,0.019138416,3.1798592,-6.5639005,1.6372882,-1.2348948,-0.033051502,-3.090185,-4.3911705,-0.7571963,-0.9983736,-2.503396,1.0132248,-2.3361187,-0.569408,-0.09490843,-0.07822368,-0.93591344,0.864543,-1.213337,-0.5280724,0.4187786,-0.15770008,-0.7439371,-2.1454868,-2.4483333,1.4320886,disgust
-691.72687,78.33107,10.18565,14.003904,11.773583,3.9180233,-2.331987,-3.4371922,-2.037297,1.5815605,1.9371771,-1.7615019,5.1540256,-0.15079816,0.035056844,1.4796875,-5.2508492,2.3401506,-0.16725159,0.92187124,-2.8975422,-3.5990927,-2.040637,-1.6225963,-3.1322012,0.55714136,-1.219711,-0.0031299433,-0.2741635,0.59353673,-1.6655289,0.3832461,-2.9732034,-1.1503509,-0.06869682,0.04190626,-1.4046767,-1.5596923,-2.5958655,-0.40185896,disgust
-677.1591,73.45478,9.868051,12.3817,5.0145874,0.9175928,-5.967808,-3.3851938,-3.5597918,-1.1265959,1.8862909,-2.318212,4.1237555,-2.156776,-1.8716904,1.3176479,-6.217061,0.9504415,1.0558916,-1.1611695,-3.9144406,-1.516713,-3.0324314,-1.8013226,-2.2383044,1.5766616,-1.5977261,-0.8176968,-1.3401531,-0.11153167,-1.1605165,-0.3924455,-1.2384653,-0.9212869,-0.3765563,-0.06696963,-1.228865,-2.179623,-3.2929177,-0.21475638,disgust
-610.8284,64.244774,8.040277,12.786508,6.0896325,-2.052403,-6.529868,-2.4061117,-3.097317,-0.40930012,0.35376957,-3.8463292,1.5752044,-2.573493,-1.2773328,1.6715485,-6.3774986,2.078656,-0.5110892,-1.3402351,-4.5820656,-2.9474976,-2.2624996,-2.3403475,-4.5254793,2.001924,-2.9714494,0.5894612,-0.09334162,2.0584595,0.058793843,1.157452,-0.3538254,0.7029967,0.57702416,1.4487892,-0.051250987,-0.71491647,-2.4266758,0.68315506,disgust
-578.55865,79.76416,3.7376225,14.060528,3.716762,-1.6102542,-7.167517,-8.630619,-5.986864,-1.4939274,-0.961301,-4.1298857,4.4190216,-4.8547077,-3.9163747,2.317964,-6.0755415,1.6601182,-0.9263988,-1.3079218,-2.1421452,-5.0540314,-0.19483416,-1.7580174,-3.0625339,3.036763,-2.2144766,0.47580814,0.047643192,1.9020369,-0.95455235,2.6274772,0.48355702,1.8587433,1.4206914,2.2654629,0.14563616,0.50574887,-2.4327097,0.36926547,disgust
-682.52686,78.86542,15.1484995,11.289026,6.5495377,3.203922,-0.33351007,-4.092041,-3.8600187,-0.8778991,0.39794257,-1.2278448,5.8303733,-0.24454236,-0.97958744,2.0539436,-4.4406304,1.532595,0.6774055,-1.8640085,-2.759695,-2.2946634,-2.5367177,0.08542132,-3.763427,0.8118359,-1.7600024,-0.9052357,-0.19369952,-0.65606636,-1.3667477,0.8154108,-0.85585797,-0.49002212,0.0006304036,0.35131493,-1.1003498,-0.7964098,-2.7997463,-1.3109707,disgust
-631.263,77.800385,5.0906076,10.628076,3.8421898,0.42958248,-4.2995796,-4.261991,-5.9011164,-2.0984862,3.0491138,-3.9786346,4.820048,-0.9907189,-1.4283758,1.1935624,-4.5548396,-0.7634179,0.77188337,-0.11998957,-2.9770646,-0.5132654,-2.9350638,-1.7767835,-1.9316728,-0.4542646,-0.59390163,0.10597744,-0.102002084,-0.22120903,-0.4191171,0.5984371,-1.766884,0.044104826,-1.4252527,0.5938297,-1.8642901,-1.1113315,-2.408574,-1.2643176,disgust
-579.47723,63.360104,-3.5223546,3.3622272,-2.58523,-0.13877347,-13.030552,-9.177825,-7.2973943,-4.136114,-1.9541367,-5.6229067,-0.09290987,-5.2615023,-5.1142073,0.68098474,-8.021611,-2.0984182,-0.1563589,-0.7199777,-1.7355474,-2.5432272,-2.6994443,-0.5429826,-2.7943165,3.4494994,-1.5576458,1.1086828,1.3350753,1.6594976,1.8646907,2.5207334,2.4168012,4.2641163,3.3920395,6.3712707,4.567421,3.171701,-0.23976642,2.0133138,surprised
-645.419,60.645813,-0.59603274,2.5991201,0.30752423,2.2665348,-8.1775465,-4.7513857,-9.524729,-3.7876153,2.5910335,-6.3099885,-0.7086042,-3.7085052,-4.631962,-1.7414579,-5.6458163,-4.893115,-0.43483657,-2.3047645,-5.6671343,1.4705148,-2.058768,2.5586543,1.3465707,6.4831605,1.3535103,2.919009,0.29070237,1.578133,1.1427276,2.401221,3.0063586,5.472701,3.3464625,7.257612,2.1089087,1.8272706,-2.2927568,0.5336474,surprised
-665.26825,67.60876,3.204065,8.213255,0.14219283,1.629545,-8.165768,-7.8982496,-9.061369,-2.4774606,-0.40395087,-6.356162,1.121814,-1.9829255,-3.5373282,-0.40691483,-7.26602,-1.218236,-0.5309686,-2.5175633,-3.8530376,-1.1210275,-3.6887634,-1.2825474,-1.8277344,1.4912313,-1.0107812,1.2226653,0.9050637,1.4495007,3.0466468,2.8974268,2.5716093,2.6398904,0.6581841,4.600617,-0.13814381,2.1803284,0.3593335,1.6936442,surprised
-653.2556,53.81493,-1.5111791,5.814299,-3.1634622,-0.016227337,-9.242873,-8.128267,-7.3503423,-5.126908,-0.6788254,-5.3604546,-0.18958744,-1.5446192,-3.264949,-1.5506328,-6.881697,-2.269253,1.0088304,0.27771905,-0.03458285,1.6264931,-2.1529312,-0.025501633,-2.4893765,2.054305,-1.5742244,1.0281866,0.2443425,1.619942,3.8461607,6.7918596,8.298145,7.743729,5.242695,5.4603453,-0.24053699,0.45364317,-0.06046817,2.1739507,surprised
-587.00134,55.01945,-1.6227467,7.2065444,1.0931487,-1.0364426,-10.122608,-4.3996463,-6.8895593,-2.9973662,-0.07371267,-7.6873593,-2.010178,-3.5284765,-5.4967427,-0.14021158,-3.6395984,-1.6129754,1.8432841,1.6547049,-2.5572352,2.435483,-2.1214826,-2.0218322,-1.5460212,0.3140775,-2.14028,2.6512856,-1.7873662,3.5479286,-0.79182917,0.40867856,-0.6241955,2.9814255,0.44700465,4.3413944,2.5402524,2.7482762,0.41271403,0.5465645,surprised
-609.86743,63.592396,6.252359,10.6997385,8.752477,4.3757706,-7.029447,-3.4307024,-3.034752,-1.5657166,0.45500475,-2.148804,2.145177,-0.7075061,-3.5584164,1.0760448,-4.368762,-0.48780861,1.4975088,1.0972072,0.6126277,1.1784488,-0.5772342,-1.6129719,-0.5733405,1.4786799,0.112397686,3.2666833,0.8947992,1.8746976,0.6782642,1.6836069,-0.124862626,2.2269297,0.91214645,3.3886938,0.866681,1.1038669,-0.5805127,1.6392434,surprised
-541.5465,56.15217,0.7268865,3.773927,2.7509255,1.899917,-10.63331,-7.3700137,-8.571792,-2.6660511,-2.753367,-7.036176,0.8621294,-4.4203134,-5.6264987,2.0933933,-8.661803,-1.0707309,0.80507046,-2.4676,-2.6588624,-2.289187,-2.0256722,-1.2190545,-3.1532943,0.83541083,-2.9882867,-0.26974612,-0.6449683,-1.0184991,-2.1743925,-0.29524374,-1.3605442,1.0572114,0.6848528,1.3428545,0.19190739,0.54211026,-2.5487895,0.1800464,surprised
-543.9786,56.678844,0.88800293,4.204612,1.7017605,0.9836229,-8.789051,-6.426658,-8.760236,-3.6506176,-4.1136384,-6.7747593,-1.6456052,-5.42844,-4.2653446,-0.7330722,-6.989958,-0.4664899,0.08924336,-1.9950557,-4.8247385,-3.242817,-1.6439849,-1.3742212,-2.0974436,0.87472063,-2.9715953,2.4059968,-1.726286,0.9151299,-1.377769,-0.91855466,-0.6142429,1.6828527,0.98068583,2.4968765,0.9414002,0.8597553,-1.0237185,1.1963423,surprised
-732.65674,49.459198,7.586975,11.745495,-6.9000483,-6.922329,-4.7449436,-9.658121,-4.893859,-4.054392,-1.938539,-6.034184,-3.3294995,-2.3235881,-5.3600817,-2.826457,-3.5558023,-3.824841,-4.0928516,0.2103111,-0.19765459,2.4855375,1.049565,3.1275165,-1.7219185,-0.1770662,-1.7187189,1.2116349,-0.7695873,0.38150933,-1.6300505,-0.78879863,-1.1453135,1.0819347,0.880961,3.0257866,3.670561,3.9561403,1.6984601,1.999389,neutral
-724.0661,49.162617,6.170387,12.823398,-6.2285438,-4.304305,-6.6624427,-8.539879,-1.9627573,-3.187292,-2.9337723,-6.962607,-2.7790744,-2.3515341,-3.1223192,-3.200647,-2.2055721,-3.2384627,-4.491545,-0.8106434,-2.4414744,-1.0740541,-1.3316834,2.2429466,-3.096515,0.909817,-1.8789846,0.06775203,-0.43400848,1.6902388,0.74628437,2.6763444,2.6619163,5.414467,5.6399794,4.7018995,2.3424077,1.6525495,1.0487052,1.6117573,neutral
-705.0738,47.30095,3.9979446,9.118175,-6.9538956,-2.495578,-9.098593,-11.18467,-3.4722795,-3.3566232,-4.486512,-6.5240145,-3.183343,-3.991653,-5.781358,-3.1540046,-3.364204,-3.9964883,-4.609068,0.020789817,-0.48737413,1.3004086,1.5189006,3.3379462,-3.8113446,0.35847476,-2.0525935,3.1205583,5.386082,7.0226207,4.518225,2.6074505,-0.5450857,0.94696903,0.8329265,1.8589334,0.25603735,1.5840766,-1.1730065,-1.1207118,neutral
-697.0233,51.97128,3.6254041,7.6651125,-11.001025,-3.200233,-8.977733,-11.726598,-3.0032341,-5.5096436,-3.8360002,-6.3055115,-3.5170543,-4.062451,-6.6668577,-3.5243297,-3.4493496,-4.087706,-3.754395,1.6576277,-1.1221776,1.373283,-0.009530053,2.161301,-3.6947424,2.1107595,1.559416,2.7794836,1.6145257,2.00931,0.123384975,4.6446095,3.0578496,3.783735,1.1279666,-0.71850324,-1.4679872,0.9285575,1.0032036,2.4618757,neutral
-680.79803,47.272926,0.8207045,7.643687,-8.508647,-11.413689,-10.766579,-10.711912,-6.0265293,-7.7765727,-5.11612,-8.693086,-6.7558866,-3.9273734,-6.2823486,-6.4391785,-1.2907612,-2.7251954,-2.4900177,3.2113187,-2.870067,-1.8844632,-3.8917809,-1.9244045,-6.0898557,-2.1888375,-4.9624176,-2.520488,-4.623353,-3.9421768,-4.7479143,0.50964105,1.9683441,5.5573983,4.706178,4.913243,1.9165467,0.4228526,-2.1668804,3.7328763,calm
-749.82434,45.347115,5.3979187,12.50395,-5.1150117,-3.9594994,-6.2756624,-7.1908364,-5.7744293,-6.9002376,-3.5150902,-8.406245,-5.420078,-2.8754244,-7.5335994,-5.167374,-4.8499994,-4.0943847,-6.3898296,-1.9464571,-4.2314506,-2.200579,-2.4003658,1.8046008,-1.9269083,0.7020775,-2.2996247,-0.16826218,-1.8450923,0.28860813,-0.13985167,2.2562478,0.934856,3.2935627,4.6246505,6.9223247,4.724885,3.7283056,0.50051665,2.212258,calm
-690.56744,29.315714,6.365889,8.08799,-8.402785,-4.600664,-10.349932,-10.183,-5.9067054,-7.951062,-6.4550204,-9.111405,-5.864043,-5.4180784,-5.315581,-5.7410016,-4.4199505,-6.9580374,-5.9679713,-2.8399577,-3.7952573,-1.3944261,1.4204626,6.1453233,1.8366932,7.447443,3.1492915,2.9779513,-0.24350259,1.6020032,-2.0403981,1.3094312,-1.688019,1.6880935,1.2718999,1.9273155,-0.11106958,2.079334,0.09781889,-0.33873326,calm
-700.03735,36.95227,4.514652,9.667897,-7.398934,-6.2201447,-8.101425,-12.61111,-5.082126,-8.440033,-5.869481,-10.900748,-5.7940993,-6.455607,-5.7844825,-4.2187324,-2.9731164,-6.888613,-5.3048434,-2.1919389,-5.316326,-2.715115,-3.288854,1.570057,0.3470621,4.7327795,3.1102905,4.655106,1.5751133,2.566422,2.039946,5.8617516,3.083064,3.864534,1.4099013,2.4906566,-0.01937244,3.143834,-1.2998893,-1.2107693,calm
-737.2715,51.841015,9.118981,8.290783,-6.47696,-6.1978645,-6.310542,-9.680011,-4.1055236,-2.9044151,-2.6265562,-8.48501,-3.7479265,-3.9489858,-7.5731645,-3.3327856,-5.142957,-4.866715,-6.3405027,-3.0447059,-6.413108,-1.991494,-3.5104702,-1.7075652,-4.878376,-0.31815866,-4.145169,-1.1033776,-2.7704403,-2.0388446,-2.5963733,0.006437419,-1.7167987,1.7434232,0.82600695,3.2143152,3.3224063,3.3726552,2.521163,4.3956766,calm
-724.56647,41.17603,4.996832,11.053715,-5.2997255,-7.849306,-8.320895,-9.461864,-6.830424,-7.5594087,-4.7065263,-10.602618,-5.6542974,-3.5632637,-6.486925,-3.835782,-5.3049994,-3.8777702,-7.904218,-0.15709639,-1.5500417,1.40688,2.8818529,3.727051,-2.7817252,-0.36624262,-2.9770873,1.4112731,0.8528222,1.8406923,0.030963898,4.01122,3.7544806,7.072097,5.070088,3.451073,-0.58585924,0.32378635,-0.49158782,0.62529373,calm
-739.1745,49.745724,7.662472,4.02924,-7.3602223,-1.9941859,-9.711956,-10.538035,-5.0677795,-3.428525,-3.424659,-5.4948435,-4.8381567,-2.2915618,-6.1281853,-4.2032757,-3.0009193,-5.412096,-5.6846285,-2.0164976,-5.852066,0.15402421,-0.14821848,4.9092345,2.3473809,6.159889,0.8879322,-0.14757386,-3.7811675,-0.1884552,-1.0427653,2.4846265,-2.369644,-0.29033327,-1.4414945,2.0521708,1.8719288,4.2375393,2.6482313,6.3198814,calm
-698.10736,45.55553,7.985186,8.071099,-8.659874,-5.5375633,-10.492821,-12.585263,-1.8284672,-8.745605,-3.7692373,-7.086615,-5.3763113,-4.3670797,-7.8894286,-6.417059,-5.1517024,-6.800365,-7.111327,-1.9537325,-4.7204823,-2.2207196,-2.5749488,-1.2196115,-4.148234,3.5224507,2.1309607,4.393662,2.837763,3.1989954,1.967864,4.601645,3.5498612,5.0026436,1.4440017,1.5745181,0.004766611,4.7742867,3.9539645,4.13069,calm
-492.75607,33.668,-22.091944,11.749481,-12.466863,-20.520447,-7.2356772,-18.324524,-3.2331314,-8.899662,-9.857879,1.1483828,-10.01477,-2.2322974,-6.0749173,-1.398173,2.434589,11.835443,7.833959,9.72731,4.475829,1.3105766,3.378512,4.8381724,1.6865665,4.707199,0.88497996,0.81757385,-1.7011987,0.058281064,-2.0409338,2.5674722,0.20448737,5.9188037,2.3536751,4.1002727,0.49353954,0.36449414,0.41884992,1.0327866,happy
-510.18378,35.755,-14.2895155,0.52099985,-8.526689,-15.343322,-7.034858,-12.802263,-2.286769,-6.8461614,-8.014527,-4.510254,-12.190603,-1.6397203,-6.4162765,1.6915123,6.0735936,9.997964,5.166786,5.6873636,2.8975415,3.4252877,6.3254037,4.7263007,-1.4370586,1.1753271,-2.0564132,0.31661132,-0.84862566,1.6226878,0.17523499,3.9686425,2.136568,2.7561939,-0.96098894,1.5891529,-0.7425201,0.5483606,-0.6564363,0.8525548,happy
-566.63257,32.279934,-12.037314,5.0902934,-9.125183,-14.737998,-16.184868,-15.44152,-2.3082683,-10.927796,-7.1863313,-4.565097,-6.06732,-6.5345683,-9.902408,-7.8303084,-6.716701,-1.9375935,-3.9055164,3.8894324,2.333465,3.4355977,3.843467,5.137935,-0.8936488,3.8792715,-1.2201875,0.9346355,-0.7000428,-1.2921875,-1.6773919,0.5783006,0.16195633,2.646545,1.106624,1.9726088,1.4816531,2.3073187,0.3057466,0.3246786,happy
-569.3752,30.661476,-10.523581,1.9721911,-7.6984353,-14.42726,-10.486801,-15.433853,-6.1803102,-9.843556,-9.693504,-4.797226,-9.755993,-5.5112906,-11.186584,-8.095467,-4.510532,0.26285744,-1.1331725,7.7116137,3.9251237,4.694996,3.5063086,3.1491804,-2.1602316,1.2101827,-0.7213048,-0.4380508,-2.3572333,-0.82594115,-3.4230542,-1.0916834,-2.130187,0.51918316,0.2846903,0.5609211,-0.31421578,0.8700958,-2.213586,-0.15199992,happy
-407.858,23.920492,-39.857018,-2.2663162,-17.201414,-26.43957,-5.1743193,-17.988548,-7.30328,-3.2047825,-13.995488,9.533474,-1.3768661,13.165437,9.044343,8.367753,6.714308,2.5573692,-1.3400202,2.2103384,-0.7420034,-3.1563654,-2.4685369,0.23694141,-1.9536926,2.8263934,-0.006796147,1.4879367,-0.16316617,1.3973624,-0.33043072,0.6460747,-1.2174624,3.6105647,-1.4255362,1.6301296,1.1445456,1.5431211,-0.0045113196,1.9923197,happy
-419.06567,23.334423,-38.208603,1.1278536,-17.442472,-21.291061,-6.787626,-20.56179,-2.7497675,-9.117054,-10.551247,1.8143264,-11.265219,4.310326,1.0924734,6.8130293,10.539615,11.09302,5.354123,7.688741,2.7698717,0.64336205,0.008895639,-0.18425469,-1.787091,0.21810573,-2.3587701,0.07010592,-0.53302795,2.9067411,-1.7800779,0.9085875,-1.1854633,4.920905,1.231568,1.2992048,-0.49423805,1.9954686,0.25113502,0.76744497,happy
-399.61502,14.949854,-49.83258,-1.6266881,-15.671628,-29.895512,-9.5148735,-24.433159,-3.7409203,-6.3410463,-11.813286,6.8313956,-1.8982048,13.988584,3.0144053,6.867482,9.70055,4.631097,0.5195066,1.06861,-1.7272085,-0.24477838,-0.04963426,-0.22625862,-5.5636573,-0.48176104,-1.5712851,-0.0621033,-1.2298843,1.1484276,0.56794137,2.8707938,-1.060596,1.7590283,-0.14840992,2.359169,-0.60252506,0.69430786,-1.670817,1.4166253,happy
-427.1102,15.298605,-36.56123,-1.0242882,-11.518512,-27.046112,-7.2202625,-23.043922,-7.669697,-8.471855,-10.286734,7.5930834,7.2453914,15.895667,2.1965094,-0.58889914,0.6279339,3.0049057,-3.76604,1.7464457,-1.0913062,-1.6128184,1.8275717,1.6297767,-1.7484251,1.8795004,-2.5965238,-0.9790059,-2.7613995,-1.036532,-0.17296061,-0.36579555,-2.4556534,1.5311362,0.10044265,1.4813193,1.5086019,1.82675,-1.3465436,1.6429403,happy
-661.7109,56.994026,9.310741,18.986893,-6.8648443,-6.3710294,-10.699604,-9.960667,-5.483792,-6.846665,-2.722227,-3.6896863,-3.3596725,-1.4969434,-1.7797554,-2.3601103,-4.264716,0.76143324,-4.6290956,1.5984391,-1.0361359,1.4916837,1.8288689,1.5824436,-1.9810803,2.603119,-1.146226,2.54702,-1.3226509,2.5393543,0.048808023,5.239428,1.5284916,5.8971863,1.8334547,5.8747272,1.4425485,1.2585377,-1.0265721,1.4937367,sad
-665.9667,54.243225,5.2718673,8.768156,-7.933099,-6.0158086,-9.71217,-9.894316,-3.8235703,-8.590315,-5.704829,-6.5400553,-6.804411,-2.764882,-2.900621,-3.7240453,-5.9985056,-2.388938,-5.3028517,-0.24920124,-3.932557,-2.119695,-1.1919303,1.8729408,0.6876309,2.3238647,-0.68534994,-0.059223764,-2.8429072,3.1255164,2.8196354,8.135409,3.2625144,2.9644635,-1.049607,1.5175163,-0.6349455,1.0626892,-0.91361356,0.16877489,sad
-650.1528,41.956104,4.5924296,12.916299,-9.580071,-5.698955,-10.8700485,-13.721229,-1.4503124,-6.9012527,-3.6020424,-5.4829793,-3.7205071,-2.6707728,-6.550222,-1.1860763,-4.3359966,-1.2991614,-5.164017,0.95571405,-3.5903509,-1.1095638,1.2128427,6.226495,0.7830853,6.086832,0.7198708,4.3975964,0.38327712,2.4034724,1.7397376,4.418936,0.33508736,2.6418471,1.148273,1.7156488,0.42527038,1.0530205,-0.92605144,0.65836334,sad
-645.2231,48.4147,9.266052,12.248795,-6.2197146,-3.6207416,-11.675044,-11.860378,-3.0859563,-7.321168,-3.9828389,-4.360504,-3.3388367,-2.7299414,-4.716054,-2.1876926,-4.38845,-0.5721472,-5.023261,0.017251763,-4.6358166,-1.0154266,0.3833172,5.6150355,0.72677803,6.054438,0.96692437,3.528323,0.51436836,2.3091257,1.6744744,5.665151,3.4218755,3.7199478,1.4660856,2.2882028,0.7730637,2.398676,1.1036721,0.07816637,sad
-573.72314,41.569996,-7.77082,7.381178,-14.206389,-7.6121244,-14.230182,-16.54744,-4.3725443,-6.001229,-3.7908757,-3.3849306,-7.405204,-2.9006634,-5.4235287,-6.8295655,-3.8065903,-0.047326896,-1.7302195,2.2065687,-0.51799995,-0.5097363,1.4077744,3.7824926,2.4285095,6.6555214,2.5038898,1.8068784,-2.257624,-1.2242861,-4.013361,0.013074905,-3.1305065,1.3388662,-0.7689169,1.1707268,-0.2919251,-0.2681911,-1.6450195,-0.74791557,sad
-637.601,52.045887,-7.668793,12.440347,-8.995565,-7.7833366,-11.913555,-14.152119,-5.2113485,-1.7894988,-5.8111033,-1.1521811,-5.6480064,-0.19159554,-1.6300162,-6.292438,-3.470906,0.9112057,-3.5586975,1.4862151,1.4601068,1.5406977,2.6067214,2.8715575,0.786878,2.6084595,-0.7208665,2.1011407,-1.9048804,1.5738991,0.5041053,3.6826365,1.4016345,1.9675797,-0.7202255,0.74642485,-1.6244272,-0.24343209,0.21824457,1.229327,sad
-577.2214,44.216106,-9.247585,5.466216,-15.076137,-11.031118,-14.874477,-18.188046,-6.324087,-7.874679,-8.037381,-2.3180277,-7.954835,-4.798355,-4.639765,-4.8224993,-6.095181,-2.1868868,-4.766768,0.16590188,1.1827449,3.3982868,5.316672,6.626491,6.755741,8.468509,4.7075453,3.6638556,-1.205592,0.80163413,-0.7055464,2.1420486,-0.92217094,1.2406349,-0.32280165,1.8054109,-1.719291,0.48932102,-0.4719335,1.1378639,sad
-528.9569,42.491722,-20.766024,9.727511,-16.917217,-20.504429,-12.56801,-26.860535,-5.858066,-7.513707,-15.5939455,2.493008,-12.979478,-5.1955686,-7.6215334,-8.238063,-4.3278403,-1.6946923,-2.147183,3.8423452,6.9361467,6.3205233,10.493565,7.918765,2.8791492,0.12569392,-1.6771216,0.84657913,-3.8285885,0.5154628,-3.200979,0.31879497,-3.496588,2.7744029,1.0511407,1.8365228,-1.396336,0.52900714,-0.99920833,0.8779035,sad
-563.133,35.888847,-8.429486,5.0999994,-14.30038,-8.001606,-7.142202,-10.989901,-4.0501246,-8.632796,-7.680364,-7.050359,-5.0716186,-1.175032,-1.9899602,0.43050972,-1.6909443,-0.10271043,-1.3409475,3.2130466,1.485118,3.385658,0.7235509,0.23281412,-3.8246408,1.3476143,-0.5882675,0.28301814,-2.1776304,3.8202727,1.5084405,0.14855282,-1.2083113,2.7208385,0.8260462,3.0781658,0.5645149,1.742547,-1.4805965,-0.05441073,angry
-540.4243,39.754986,-9.625321,4.9812922,-14.235667,-10.812599,-4.4925656,-12.012496,-5.468813,-4.8257904,-2.7254975,-4.8551126,-3.4629478,-1.8655767,-3.1995795,-1.7425262,0.3857666,2.5683706,0.42297667,4.1618323,2.7404225,3.3068094,0.51837486,3.1650631,1.7203436,4.9701962,3.4568987,2.7343585,-1.5201958,1.3270878,-0.6857656,-0.46218374,-1.1658839,1.0324156,1.5353776,2.3902109,-0.4624609,1.6120834,-0.46780172,0.63640785,angry
-519.31934,34.289494,-13.266314,7.6108346,-18.275145,-14.31638,-7.771842,-18.647131,-7.4368954,-8.991889,-4.9674416,-6.5345154,-7.7763176,-5.52325,-8.520633,-4.8140965,-1.5776736,1.6627357,-1.3281536,1.0682368,-2.783789,0.06171881,-0.07588125,4.668304,1.1240966,3.0972226,1.8677762,2.2947345,-0.2583648,-1.5104836,-3.083147,1.6727452,0.8265593,1.671026,1.007531,1.3498584,-1.842143,0.1675191,-2.592099,0.27186206,angry
-498.53403,37.713364,-17.259563,-0.65732354,-19.93851,-15.640171,-9.845115,-20.093626,-9.869978,-8.120945,-7.735034,-9.915658,-5.9977865,-2.7125287,-0.45793223,3.0989614,-0.29299998,2.3083463,-0.15455754,3.592119,2.2440777,2.890386,-0.6266551,2.6759536,-1.686871,0.25617197,-2.2063081,-0.26033363,-1.4610287,0.11187885,-2.7431111,0.50894475,-1.2485621,2.565934,1.002593,1.2785404,-0.24959406,1.3313222,-2.8350427,1.4842991,angry
-297.60098,44.024414,-44.065018,-4.317465,-30.383133,-22.918724,-5.8616805,-20.80536,-9.276296,-6.7271886,-8.875985,3.4606595,-5.0428,10.0043,2.4456558,2.9657793,0.9017974,-3.797419,-6.5908327,-0.15914248,-1.105468,-4.579551,-4.360697,-2.5552804,-3.4398856,-0.54674363,-0.098652415,-0.52581793,0.52602696,0.9803079,-3.1166322,0.2757116,-1.2283059,1.3807888,-0.9318851,1.4287338,-0.5028433,-0.7944059,-1.9946618,2.8514655,angry
-315.01163,37.107555,-45.07824,-6.3365273,-32.750645,-25.018642,-6.198589,-23.76453,-5.771421,-4.4602575,-6.1949754,7.5470476,-4.2307186,9.758006,-0.99320024,3.2013924,-1.6280682,0.55930525,-2.4454951,1.5460784,-2.6205528,-2.821231,-3.555574,0.29857552,-2.9959867,0.6877817,0.43628517,-2.6021461,-0.9969313,2.0566542,-2.904058,-1.6513394,-2.481124,2.9587252,0.758182,2.4328928,0.64879245,0.71020883,-1.7738849,2.1950011,angry
-322.11276,27.583092,-44.05545,-15.285447,-30.27168,-22.560932,-5.422811,-25.72602,-5.2086425,-4.1686783,-1.2865957,6.841145,-3.2824948,7.1077814,-5.3796077,2.9893255,2.497716,3.9131958,-1.3114471,0.7960136,0.79476357,0.04284618,0.28291038,0.26805303,-4.5968676,-0.7222929,0.83244467,-1.9439899,-2.7867224,2.8015997,0.90116864,-0.23984048,-4.6757774,-0.6641498,0.5206174,2.2730968,0.4546204,-0.71656185,-0.9573226,1.6693544,angry
-330.51624,36.84997,-32.342377,-5.168488,-31.94398,-19.438423,-6.4161763,-28.718626,-8.066325,-10.8791895,-10.068061,-2.1908004,-9.167774,4.4863815,-1.3058816,4.761792,4.507664,1.9707015,-6.8379846,-0.70140064,0.32388112,1.0865309,0.29978296,-0.94824535,-5.809954,-1.1114327,-1.3604121,-2.9366446,-3.2064016,1.501446,2.1999333,2.2145479,-2.753018,2.0936148,-0.97600836,1.1495079,-0.7187932,2.0644684,-3.32258,-0.682881,angry
-678.20667,47.54131,6.867543,20.268248,-3.8949814,-4.3614526,-10.661455,-11.621944,-4.9322147,-7.227837,-7.09338,-6.921153,-0.7347529,-3.6007833,-3.1815069,-3.1709342,-5.7310853,-1.010366,-6.2662897,-1.6623987,-4.086994,-1.4774591,-2.709335,0.9831455,-1.2307826,3.8350618,1.04367,4.242811,0.7642702,3.092988,-0.26940924,2.5290463,-0.3880335,4.033777,1.084364,3.4137943,-1.2150558,1.0577915,-0.40131104,0.6012696,fearful
-627.2238,42.343674,-3.480848,11.298273,-8.056702,-2.520814,-8.741588,-10.872142,-0.9481746,-4.5011992,-5.4436536,-4.6200337,-1.7919394,-3.3665116,-4.0204,-5.409765,-4.3108454,-2.026004,-5.5748262,-0.644431,-3.6253803,1.3315066,1.828357,5.301578,-0.33245364,4.390599,-0.059805475,3.0937147,-0.10858882,-0.069778234,-0.5463426,3.0114667,-1.4802207,3.6596112,0.3301053,1.8638386,-1.5202066,0.6479085,-0.95854616,0.1408408,fearful
-661.87274,41.79232,5.6935167,8.927134,-4.815532,-4.482034,-12.080818,-11.41388,-1.8460814,-9.719058,-5.4195776,-4.6224866,-3.5674942,-6.0537844,-5.3497143,-5.3602386,-5.894876,-2.7306833,-7.092906,-0.61321557,-3.932622,-2.1916718,-1.2795609,0.40175903,-1.8288275,2.3522472,3.5801692,5.6078453,1.6058615,2.4568272,-0.24351127,3.2345207,1.8658507,3.0109427,1.4717587,2.024438,-0.64959645,1.964001,-0.100532085,0.720941,fearful
-629.04443,39.217293,-4.521637,8.939276,-5.39129,-8.229177,-15.513762,-14.216535,-0.2793407,-8.235891,-6.361197,-5.790693,-2.3944244,-4.739246,-6.346153,-6.3412304,-6.791149,-2.103042,-6.579866,-0.25155652,-2.2483099,1.7073315,2.7467432,6.8481617,4.2686,6.1296067,4.3819766,2.0570114,-0.33795637,2.4647307,1.4927728,4.7493353,0.50408417,0.8099722,-0.7328531,1.4184613,-0.17698723,-0.48281902,-2.310442,-0.5809148,fearful
-405.19568,10.214048,-39.554653,-5.328764,-18.232012,-18.516346,-7.0715427,-21.85441,-5.952289,-3.1871707,-3.977603,14.731083,8.745415,15.576839,-2.3463223,-5.803429,-7.243951,0.50128365,-3.937013,-2.9131424,-5.9926486,-0.22967634,6.0499177,3.3789892,-3.8248172,-0.14895238,-0.5234934,-4.677034,-4.874706,1.0347728,-0.034123145,0.31470105,-1.9971257,5.0659237,0.57925695,1.1325725,0.7007488,-0.6362492,-1.6361732,2.230516,fearful
-398.21567,10.942929,-36.071663,-1.8057033,-12.004247,-21.195263,-4.95613,-19.190256,-5.479158,-2.4361556,-7.5720577,12.852252,7.8328857,13.967173,1.2039511,-1.4614806,-2.186099,2.8872914,-1.8768262,-3.0193274,-2.2541678,-0.58121234,0.9125806,2.5032806,-1.6848525,0.61672,0.0154227605,-0.80317205,-1.9766282,-0.5157709,-2.2757933,2.7334816,-1.8597898,2.6557057,1.0185796,0.9109576,0.15164249,1.252158,-1.1998998,0.9043411,fearful
-469.261,14.971669,-29.970201,-5.047696,-17.395689,-18.949215,-8.734956,-23.540874,-5.4429283,-9.252228,-16.774069,-1.2011647,-2.1813242,9.388916,5.595611,7.8860774,7.943707,4.4299917,-3.274907,0.3359504,-0.8079648,-5.0431733,-4.5811663,-1.8364354,-2.3780367,0.0027322916,-0.82498413,-0.46392736,0.45338267,-0.44421646,-2.770359,2.8276165,-3.0322783,2.396713,-1.4724963,1.1867052,0.19281523,1.4351664,1.3683547,0.51624215,fearful
-447.56067,13.00577,-35.050636,-6.618492,-17.716352,-22.64166,-10.534849,-23.21019,-4.819479,-3.4206357,-13.513817,1.9972532,1.4600468,12.419659,9.680509,6.7733426,3.0881367,0.8322083,-3.9911327,1.3878418,-0.36312485,-3.2155457,-2.0139782,0.5379234,-3.6843224,-1.2342415,-0.52712035,-0.1977984,-2.0594912,-0.75992393,-1.2931751,3.0494747,-2.4869208,2.7500443,-0.38044497,1.112297,-0.33389857,1.8891823,-1.2942011,0.39856103,fearful
-530.86945,36.36992,-6.529672,4.5899134,-9.551636,-8.045055,-16.337364,-15.457318,-8.293802,-6.520468,-5.0103083,-7.3579016,-2.91253,-2.86767,-8.240711,-8.792145,-8.057276,-3.5982833,-5.4169807,-1.6030566,-2.9680405,-0.4654297,0.6182102,5.245153,3.4886603,7.489912,1.906662,4.901081,0.88119775,4.4893727,-0.77574486,0.47267023,-3.219711,-0.052919563,-2.319404,0.25265414,-1.5419093,-1.4243518,-4.8870716,-1.3190638,disgust
-618.3109,49.619366,-4.7982006,-0.85345227,-10.657308,-12.032465,-12.343641,-14.667841,-5.5579815,-9.033088,-2.454786,-3.3305538,-7.723753,0.41604504,-5.267135,-5.391906,-6.085874,-2.2813284,-4.8663445,-2.398511,-4.7328634,-1.6243306,-6.5330453,2.019704,-3.905421,-0.466585,-2.4260302,4.0099993,2.824435,7.5526304,2.5081325,4.6870847,0.2674172,2.8232286,-1.2410511,0.9251878,0.06698457,-0.12864211,-0.31958425,0.28103063,disgust
-611.1636,38.043022,6.1950917,1.1192334,-6.222632,-4.5143504,-9.049038,-9.432878,-6.1272397,-8.750954,-3.7286863,-3.7828524,-6.5541687,-5.3019505,-6.1041355,-5.5403,-5.6324787,-2.5803754,-7.725795,-4.3270807,-5.781492,-2.8065598,-2.907306,1.6193432,-0.22191209,2.5334885,0.42820668,2.0918562,-0.4566562,2.998592,-0.15511134,3.0869544,-0.19449727,1.601226,0.24086712,2.3244522,0.1822903,0.7765532,-1.4791863,1.0082424,disgust
-525.35144,48.412086,-2.5475514,2.1464372,-17.708254,-11.56101,-14.015604,-19.150751,-9.008274,-11.253463,-9.139351,-3.8353808,-7.2010903,-4.834684,-6.8087854,-8.881612,-6.7790384,-3.7946613,-5.7429085,0.84292483,-1.7607527,3.738793,3.6450784,6.976662,5.446324,4.4878464,2.8939443,4.0618587,0.228504,0.10912429,-2.4438362,-0.67784953,-3.7400103,1.4944603,-1.1757193,-0.107184246,-1.7449106,0.3687479,-1.7783277,1.3704519,disgust
-462.47305,37.167385,-21.093336,8.678365,-24.585665,-17.43631,-16.793404,-25.258282,-7.877798,-2.693088,-6.2077513,1.1006209,-8.196674,-2.4723623,-6.142951,-7.990379,-7.3346157,-1.3525945,-7.570247,-0.4212191,-1.2831777,-0.70974636,1.1372685,-0.103256464,0.52771187,-0.18053554,0.16113357,4.34266,5.026432,7.0619245,4.165576,3.0052528,-0.17194203,1.4556166,-0.98019904,1.5348959,-3.103877,-1.9849337,-2.9053345,0.85790217,disgust
-551.58246,41.169514,-10.964042,6.142082,-16.673885,-7.540087,-17.78746,-23.353163,-4.1592374,-9.978799,-0.2532884,-5.5304313,-6.3298573,1.2764139,-5.5786366,-6.4398117,-8.34848,-2.4142737,-8.805818,-2.2079341,-4.7023134,-1.028865,-3.495194,1.5790534,-1.8891813,2.0081239,-1.3868047,2.8868775,2.5035224,4.334035,2.8980582,3.6264768,0.99635184,2.65579,-0.026512176,0.73337287,-2.1589007,-0.022567514,-1.95272,0.036819253,disgust
-554.1646,42.69607,1.6117924,5.222877,-12.270561,-10.817915,-16.530558,-13.3676,-6.0528884,-8.726651,-7.1600323,-5.0662756,-6.3881993,-4.0566764,-5.389159,-6.370163,-4.0176845,-5.561948,-9.258587,-2.6766982,-7.2099524,-2.8173516,-4.4232,1.6173663,-1.7797551,1.5649998,-0.65660805,1.7351971,-1.4707291,0.53840184,-1.6918368,2.424828,0.7995442,3.7378511,0.078330405,1.289426,-1.7575322,-0.3094494,-1.3291194,0.68905747,disgust
-542.3606,43.47524,-10.42471,-1.2169173,-17.585808,-13.9123745,-16.753906,-24.942917,-5.6650515,-11.133652,-7.8773,-3.361082,-11.373813,-2.6904202,-8.238905,-8.708505,-6.8424335,-7.218846,-9.926083,-5.332124,-3.9526396,1.7475266,1.8987511,5.305368,3.1431305,6.678247,4.7320876,5.32016,3.720725,3.4068882,-0.43760166,0.810076,-0.99685764,1.2909675,-1.1639277,0.8233712,-1.5558307,-1.6127607,-3.3382938,-0.6146732,disgust
-654.92224,46.89336,-7.188889,8.532802,-13.031535,-7.27675,-8.195706,-9.635533,-4.3122344,-6.7924657,-5.795366,-8.3278675,-4.2384458,-5.036715,-6.6836004,-3.4179952,-2.2519433,0.20729966,0.080912955,4.7346644,1.1818272,1.8868529,0.19095632,1.5500221,-1.7766304,0.7975267,-1.3961531,0.47005433,-2.6673942,-0.74581265,-2.0075157,1.4389517,-2.3658621,1.0288429,-0.37436986,1.514747,-0.0677238,1.6396329,1.1516222,2.7054007,surprised
-641.6501,44.56482,-8.810625,4.4440346,-10.408865,-8.697773,-7.0248456,-8.858377,-4.4910517,-5.2052574,-5.5941887,-7.117504,-3.645266,-2.6844501,-4.455788,-1.259477,-0.6371288,1.4813554,0.2544072,3.9463947,0.27381974,0.21347252,-1.6758312,1.3882822,-1.1322029,2.4688764,-0.6999293,1.6472874,-2.0467446,-0.27917472,-2.5323234,0.57973176,-0.20489874,3.3242798,2.5086825,3.6358216,1.8556299,2.266607,1.4819345,1.0454245,surprised
-642.2082,37.90166,-3.6101775,4.8908176,-10.034446,-9.186012,-12.284513,-12.321478,-3.8489301,-9.13932,-6.0433197,-5.975046,-4.512208,-4.1961718,-5.192698,-3.789433,-3.8191583,-1.5162445,-2.37474,2.4972491,-0.5629431,0.28802595,0.6788452,1.3561221,-3.4804437,1.5152768,-2.034729,1.4313145,-2.3183966,-0.47762972,-0.9247998,1.403175,-0.7911816,1.6935517,-0.030108996,0.65275604,0.24735987,1.5103064,1.7484792,0.7013634,surprised
-618.74976,40.063416,-7.4570932,1.9511182,-10.931086,-9.559568,-11.970843,-10.032843,-4.309556,-7.9817953,-6.730115,-7.629507,-5.2620816,-3.9656901,-4.998505,-4.00288,-2.7918408,-2.747139,-5.552251,-0.23545103,-0.43030876,2.08348,1.8979493,2.697842,-1.5274966,2.8305333,-0.59838235,2.2440743,1.1469327,2.654271,0.29687464,2.2493901,-0.1621663,1.0727881,0.5256958,2.002937,0.72364175,0.97038686,-0.98335695,-0.9457046,surprised
-579.2978,57.29865,-7.381968,-0.4191695,-14.449746,-10.051765,-2.7386217,-13.112813,-8.149742,-5.097071,-8.030078,-8.690643,-4.580852,0.68784344,-5.495875,-0.85991573,0.13929419,2.9481232,-1.378262,-0.4133287,-1.0281814,1.2937515,0.5842919,3.4964066,-2.0707726,0.8167909,0.07105748,1.0671537,-3.07454,-0.17798471,-0.8554734,1.9817665,1.8125291,3.3740065,1.4829562,3.6776457,0.07052243,0.3201436,-1.23654,1.2766321,surprised
-551.09766,48.586494,-17.062866,-2.5431528,-15.775706,-13.478771,-9.745193,-16.210115,-5.630546,-8.581006,-10.325623,-3.3752246,-5.914048,1.9536904,-4.0397124,-2.9866598,-1.5279585,0.3636282,-2.8274791,0.47732538,-0.13213418,-0.33821893,-0.19218019,2.4041495,-0.87112635,-0.17928532,-0.12638065,1.1385155,-0.41627392,1.8903775,1.5722032,1.5326954,-0.38678378,3.2104533,0.89314514,1.1656528,0.2933784,2.4788573,-0.4941273,-0.19445758,surprised
-556.1196,39.178238,-10.933421,-2.065206,-13.691917,-13.218283,-11.6802225,-15.646075,-5.4763145,-9.383913,-8.305709,-8.63421,-3.9131508,-1.5476904,-4.6116486,-3.2869952,-2.910345,-0.91903025,-4.526712,0.7588663,-1.3733224,1.0576615,-0.3166042,2.8933885,-1.6588774,4.1587043,2.3119278,4.3171425,-0.14477727,1.0359645,-0.034583222,2.3265762,0.87446725,3.050026,0.2944663,1.4059486,-2.0153246,0.08416144,-0.43796435,0.46250564,surprised
-571.29016,35.87596,-1.8935671,5.6103497,-10.223598,-9.752623,-11.414224,-12.846899,-4.890059,-9.274082,-8.796139,-8.403029,-4.4352317,-1.3916214,-2.3305502,0.87355936,-1.140657,0.80254906,-3.3414485,1.8606279,-1.7671531,1.0772705,-1.5575719,1.9468539,-3.7329125,1.7492272,0.6016356,1.8065487,0.7965841,2.1008036,1.6822203,2.6929524,-1.0744059,3.0566487,2.3607872,3.2427533,1.8790954,1.2299585,-0.86393964,0.8299399,surprised
-607.2093,79.41577,-4.044555,13.20594,11.202639,-3.3693013,0.80888313,-2.5631,-4.8490925,-1.6511781,-1.899014,-0.16198324,-1.6649376,0.9660929,-0.6965557,-0.2486181,0.13534495,-3.490527,1.9319371,1.4044559,-3.5136807,1.7570678,-3.0013947,-0.30113634,-3.5101986,1.1199092,-2.3170054,0.28761742,-1.4259655,1.7199157,-0.3510621,0.4132646,-0.6150105,-0.16192135,-1.6097903,1.0007657,-1.4704736,1.6285448,-0.50166404,1.1775999,neutral
-626.3313,80.9459,-1.171814,17.410543,10.902837,-2.8021564,4.230215,0.7717677,-3.3722239,-0.9822668,-0.00650071,1.6592476,-0.20199938,2.1427958,1.6934943,0.4603772,0.4964101,-1.7646196,2.3367512,1.0731087,-2.757682,2.2079306,-2.636937,0.8273272,-3.0719113,0.65183353,-1.9822453,1.1267772,-0.605654,1.6476097,1.2989435,0.3150582,-0.026590291,0.86956704,-1.2447296,1.1642828,-1.1197966,1.196769,-1.8050666,-0.3402297,neutral
-609.6945,85.908745,0.4898686,14.045234,12.769156,0.2632386,2.0855591,-0.40803745,-3.484056,-2.3784106,-0.6270764,2.9281414,0.44914752,1.6774257,1.9247581,0.018575026,-1.0300276,-1.6097982,2.042011,-0.3289592,-2.78424,1.0344481,-4.1359935,-0.47384277,-4.3442016,0.58783436,-3.0373409,0.9940319,-1.1991308,0.6866628,-0.6985552,0.053106863,-0.23161766,0.03741853,-1.0665563,1.4819887,-1.2073003,1.5502794,-1.2644823,1.0022104,neutral
-606.6634,81.26482,2.4920762,15.494968,11.83476,-1.7357353,3.796502,-2.8377159,-4.2003436,0.061675314,-1.2802715,1.7952118,0.80290097,0.22247235,2.8249755,0.15681241,0.6196381,-0.4387551,3.2409275,0.24156763,-3.1568253,1.6157238,-3.2907972,0.089592144,-3.1629648,1.8369257,-1.9166743,1.2229828,-0.7991583,1.4564193,0.08812474,0.06459782,-1.5298103,-0.05489908,-1.0878571,0.76491284,-1.6395113,1.3053771,-2.0492167,0.85802037,neutral
-621.6311,92.15267,4.5257826,15.430292,10.611801,-1.1860874,0.4550013,1.8302604,-0.97860783,-1.4913238,0.9518212,3.936409,-2.8848643,1.4304572,0.84760153,1.451005,0.7265815,-1.5414504,3.5338461,1.0879531,-1.7466265,0.90399855,-4.188186,1.5323088,-3.1675072,0.14577572,-1.930345,1.7808162,-0.4930021,2.5807672,0.54435,0.7562457,-1.434714,-0.5685151,-1.4369878,2.130355,0.25432682,0.9212636,-2.1865842,-0.3176058,calm
-621.47943,81.270355,2.2874243,16.799433,9.486828,-0.09222427,1.0619104,-2.9128487,-0.53208125,-2.2278156,-0.5389792,3.8211713,-3.9042687,0.9564654,2.1947744,-0.89579,-0.84038305,-1.8875997,2.5012238,0.242001,-2.2811675,2.0349197,-4.2241173,1.5721284,-3.7610493,-0.5958037,-4.478758,1.0186411,-3.0888546,0.8373416,-0.3569942,-0.52830017,-0.6139374,-1.1828072,-0.8631741,2.4495366,0.8301001,2.9970474,-1.8461391,0.35231933,calm
-575.2274,89.243935,-1.698757,17.620966,10.009538,0.70446897,0.6134091,-4.564606,-3.3889847,-1.5506759,-1.4375622,5.9411144,-5.3050556,-0.58822995,2.561794,-1.4267176,-1.360363,-0.915103,4.3665066,-0.8525522,-2.7648964,2.5796144,-4.267853,1.9720764,-4.837008,1.3752427,-4.710251,0.98126674,-0.5546907,1.300386,0.22201066,0.7191635,-0.7694868,-0.41323724,0.1269337,2.7453642,0.4849159,2.5797768,-2.813046,-0.83288187,calm
-611.5309,80.514366,6.2872653,14.117781,11.2888565,-0.372531,0.48453268,-0.4417782,-4.1299157,-4.1903095,-2.6767573,4.1963735,-2.9750397,0.23124337,2.5248172,-1.6531984,-0.3305259,0.18280664,1.207726,0.12252617,-2.817656,1.0991893,-3.4540043,0.8298343,-2.7620165,0.3433907,-3.205634,0.73841816,-1.1289462,0.60728574,0.63977325,0.31249222,-0.9051766,-0.62690645,-1.6316974,2.7266095,0.19213952,1.5195414,-2.6068017,-1.6507525,calm
-609.7766,86.68434,3.6271746,14.380946,8.04335,-2.1608663,-1.4364845,-0.91039604,-2.2686796,-4.4142184,0.2728338,3.713175,-4.905711,1.3203113,0.7360278,-0.023590645,-0.5257354,-0.9531765,2.6517272,0.33697164,-3.180291,1.3652065,-6.030428,1.7836741,-3.885991,-0.20491764,-4.5818057,1.3713253,-1.5275767,1.0521195,0.6348319,0.4837452,0.18471022,0.18761718,-1.2916511,1.3444911,-1.0533186,1.2631787,-2.5274522,-0.4895235,calm
-598.3977,94.36506,4.9114585,17.658386,8.556218,-1.7491488,0.637596,-0.7599135,-2.7074912,-3.6080046,-0.40453798,2.6082003,-3.4979389,0.418703,1.3841141,-2.2062194,-1.7506444,-3.1239958,2.7065969,-0.9826993,-2.0951467,1.0828633,-4.1234818,0.3996132,-1.8712302,0.94282645,-3.648115,1.2015698,-1.0760784,1.797622,0.73908365,0.79891735,0.4230465,-0.117396034,-1.7231308,1.5879757,-0.7344372,1.2296125,-2.7397902,-0.10507126,calm
-569.4706,104.23306,8.020808,19.92924,10.955427,-2.4664574,1.8898617,-2.026168,-3.8520887,-5.0499644,-3.7084122,1.2337574,-4.4499817,-1.6832004,1.5926061,-3.5568407,-1.5125757,-3.571527,1.0392133,-1.3752439,-3.3419743,1.2180811,-5.675913,0.68984616,-4.201787,0.089134924,-3.7964573,-0.08252209,-2.9962761,0.8731642,-1.1334742,0.5920511,-1.3480746,-1.6513538,-1.8091741,1.3857889,-1.2804042,1.7787175,-2.9058218,-1.5736089,calm
-590.76215,82.481316,3.973487,19.490623,7.3558173,3.736362,-0.88222086,-4.7220635,-0.8922522,-1.8052142,-3.0648704,4.8768954,-5.894729,-0.057677753,0.13108696,-1.753015,-2.0399444,-1.9744354,2.6537976,-2.3645382,-1.278428,1.172041,-5.816346,1.3090773,-4.5813484,0.6509075,-4.4247212,1.5538931,-1.7595029,-0.07778602,-0.61336285,0.3436361,-0.2333573,-1.1785685,-1.6154994,1.7758156,-1.615176,1.3880037,-2.2684019,0.14200698,calm
-585.1769,80.707405,-12.464057,15.721246,12.858488,-6.2308617,-1.5322785,-1.2279321,-8.569035,-0.23456013,0.91942436,0.11411334,-0.65522367,0.9712452,-0.36772332,-0.70148396,-0.5342026,-3.8546686,2.014167,0.5456692,-2.8038867,0.63676894,-1.4391377,-0.08106241,-2.5334344,1.0243375,-1.3194712,1.0950629,-2.6188211,1.3386009,-0.47008,0.48877445,-0.89331365,-1.0747571,-2.1833644,0.92701614,-1.2617738,0.02297571,0.35294992,0.026443966,happy
-570.8934,80.13651,-8.034462,15.85544,12.196763,-4.1468306,2.2655408,-0.5573222,-6.4733315,0.49255374,0.02621753,2.7074697,-0.18634689,-0.6968858,1.478052,0.16786338,0.7269604,-4.377253,3.24582,1.897903,-3.7764013,1.4109027,-1.794565,1.3587842,-2.232695,1.7321934,-2.9036567,0.6699632,-1.7156763,1.4667197,-1.4727093,0.3556546,0.005516194,0.94041127,-1.2875578,1.2223327,-0.5572341,0.9656833,-1.3502173,-0.56790394,happy
-576.40466,81.406525,-10.855554,16.100307,16.025093,-1.3990643,-2.449455,-2.9226115,-4.8273153,-2.0350919,0.36524814,1.582467,-1.2743319,0.14008673,0.388792,-1.5721993,-0.74200094,-3.0303361,1.2550429,-2.7867053,-3.1767569,-1.6446846,-3.6071858,0.29999745,-4.704727,1.1673589,-2.6545856,1.525272,-1.8668509,3.23751,1.7898654,3.0939767,1.3632029,1.12641,-0.6676063,2.0786073,0.1112206,0.05983794,-0.24751292,-1.182142,happy
-570.124,75.867485,-8.161719,14.303094,15.844822,-2.7746928,-2.2780716,-0.5845857,-6.599314,-1.2447275,-0.6318237,1.9500717,-0.5712972,0.568333,2.8866103,-0.35939884,1.987462,-1.6599236,1.6895777,-0.80097675,-1.976828,-0.28199738,-1.8886425,0.5842038,-3.0491283,1.0860049,-1.5428915,1.0792881,-1.6240985,1.8313105,0.26796114,0.860317,-0.77325654,0.12794556,-1.3088478,1.0667223,-0.3281591,0.3870121,0.47569636,-0.33060703,happy
-504.54965,60.342724,-3.8830147,20.340364,13.666402,0.060606737,4.1480565,5.9381256,-3.2875597,7.4028025,1.6112807,3.5497518,3.6092727,3.4072008,3.71257,4.6195784,2.1497774,1.0707427,4.25499,2.9379215,-2.0798526,5.209004,0.937592,1.3192638,-0.36990649,1.9455056,-1.2930366,2.3937283,-1.4921284,3.7770052,1.9342213,6.557715,7.2342167,9.237404,8.222096,8.920469,3.274763,4.9903154,2.2122595,2.825809,happy
-509.3067,74.55963,-16.382282,17.835466,16.296822,-5.9340544,-0.03245926,2.0128345,-9.016983,2.0431144,2.4083827,0.7819762,-0.8502708,1.5583694,1.836176,-0.3895933,1.2005951,-2.3767548,1.5808911,0.875517,-1.8702408,0.4150879,-1.9940006,1.366907,-2.877831,1.2772648,-1.8229932,1.1991484,-2.6118643,1.9630221,-1.3944604,-1.28788,-0.8545943,-0.3264373,-1.5158578,2.5412564,1.6627738,1.7792993,1.4366705,-0.8318479,happy
-453.5292,70.60964,-14.861142,15.142092,13.459573,-8.0247345,-2.5525517,-1.5321101,-10.3829775,1.2340626,-1.7638406,0.7597236,-1.1301686,-1.698432,2.2494042,-1.3567005,-1.4013727,-5.194807,-0.47429457,-0.26513648,-4.577289,2.0938578,-3.3861294,-1.875086,-4.1587043,-0.36006913,-3.8789992,0.3447711,-4.2100997,0.6157094,-1.2199756,0.8599967,1.1361761,1.4345683,1.5265336,4.450494,1.5514919,3.2893288,2.1024795,1.6210567,happy
-531.8736,66.30185,-17.550913,18.152096,12.489444,-6.36848,-2.1091774,-1.7257533,-8.132775,1.5255663,2.015825,1.7948717,-1.9714282,0.1312568,2.369762,-1.1628236,0.41055652,-3.9820206,0.629798,0.16510603,-3.9962857,2.0404298,-1.6150247,0.76076424,-4.1958227,0.94916785,-1.9393983,1.5152628,-3.184325,1.5015595,-0.5928386,-0.2743881,-0.5727817,-0.049907837,-1.8775353,1.8732002,0.23494951,0.90967244,1.0087146,0.33297753,happy
-590.332,75.48475,-2.669853,15.860562,13.360485,-5.465853,2.964357,-2.3248587,-3.6475704,0.52219284,-1.9797235,0.26138058,-0.46746942,-0.7652641,0.92199695,0.7869591,-0.2391618,-2.8006015,1.0112486,1.0787247,-3.2764018,0.6591358,-1.8225006,1.2340456,-2.2506902,2.7091646,-1.4882803,3.8193278,-0.30958855,1.8175337,0.6491422,0.48393556,-0.33391666,0.2857208,-0.8980165,1.1187078,-0.30077446,1.0297526,-1.1230862,-1.2737285,sad
-631.5788,76.45269,1.0203286,17.589508,17.091549,-1.5755087,7.676439,-2.2120287,-2.3675869,4.5503464,0.5637076,6.8225455,1.8549653,0.78498256,2.4403129,-0.910846,1.1355884,-2.2166765,2.2296975,1.133979,-1.4378482,1.5908294,-1.2501563,1.312352,-2.5462594,3.2763336,-3.4483817,4.022636,-1.256948,2.505202,0.67778057,0.8240164,0.30362275,1.1094232,-0.48079687,1.8403308,-0.02197166,0.59432644,-0.908536,-1.036405,sad
-593.67755,73.12663,-2.9219427,15.995962,15.594478,-0.8817759,1.0588603,-1.29333,-2.6511786,0.3421213,-0.066850655,3.203759,2.1675835,0.4102825,2.6486702,0.98042315,-0.29142717,-1.8384459,1.2161542,0.60073817,-1.6632371,0.7655439,-1.5236734,1.3647623,-3.6534016,2.1069083,-3.9449692,1.7891542,-1.6645795,2.4247696,0.31250495,0.54159266,-0.17581384,-0.40153623,-1.2795491,0.034521025,-1.333303,-0.3394627,-1.6227762,-1.3655331,sad
-585.7906,86.238655,-3.055761,15.679471,15.568216,-2.1847494,1.8588102,-4.9666753,-4.983976,1.0821383,-1.977737,-2.4046814,-2.3785605,-1.0304273,-1.2712076,-1.0469046,0.4472731,-4.7542286,1.9149668,-0.61557615,-4.0215774,-0.601226,-1.0202111,3.6561685,0.373509,4.642883,-1.2001947,4.304437,-1.2971742,1.9454384,0.8524432,2.624584,0.016234625,1.3346077,-2.5127833,0.4411827,-1.7735344,-0.25302204,-3.1065006,-1.5531617,sad
-545.61285,66.771484,-1.7719792,15.656757,13.313314,-1.0037541,1.910354,-0.6942144,-3.4373257,1.4372565,-0.80022293,4.5746593,1.899128,-0.121733665,2.9874644,0.3664191,0.54229826,-0.5039541,3.4701116,2.700878,-3.5191894,3.7526174,-1.6654468,1.5083168,-0.8825681,1.2746826,-1.8547384,2.468244,-1.9269817,2.4864008,0.6107778,1.0153893,0.93807817,-0.41498837,0.4508249,2.1988804,1.4918238,0.9009435,0.30651703,-0.5381679,sad
-544.22034,65.06723,-0.9979278,12.32175,13.925527,1.3763404,1.802828,0.16532505,-3.1590796,3.2968385,0.015109108,2.872994,1.7651294,0.0473961,3.6843438,1.9783626,1.1713784,-0.45022377,1.6414614,3.4560773,-2.3036804,2.6943328,-0.7982507,1.2695748,0.081001356,1.3147845,-0.9699292,2.271495,-0.9227298,1.8713675,1.1326473,2.0326772,0.67492753,0.036964603,0.13086903,2.523778,1.0563539,0.79538465,-0.18934508,0.5331353,sad
-561.76575,64.63956,-12.473869,12.966211,13.507084,-5.837248,-0.46997258,-4.1080384,-7.222383,2.2563412,-5.1472664,-2.9031968,-0.85426885,-2.2861688,1.4021263,1.035387,-1.9269062,-4.8615804,-1.1618551,-0.052891366,-5.6396823,-1.3555475,-1.9640331,-0.119888306,-3.1671343,1.2653259,-2.8410707,2.181204,-1.402935,1.4893115,-0.56976676,1.9434695,-1.4378814,-0.510858,-0.6973282,0.62383777,-0.13435528,-0.64487535,-2.1518092,-0.3307356,sad
-568.30597,75.62779,-5.652858,16.55914,17.94087,1.298899,0.44266012,-1.6259412,-2.3709526,3.9962707,-1.3774005,0.30860046,0.49582997,2.0152428,4.470107,3.535156,1.3747426,-1.0687792,0.87749124,1.9478546,-3.9483612,0.3723714,-0.5006566,0.4876709,-1.9349947,1.6361681,-2.428723,2.4503565,-0.6563291,3.1905048,0.5013456,2.3191147,-0.6226866,-0.63500875,0.31996825,1.1772463,0.29281068,0.7061353,-0.238096,0.56735563,sad
-503.24677,65.10069,-8.458441,13.379153,9.136976,-6.963227,3.1719422,0.47649264,-7.426559,1.0954949,-1.2075968,0.52001137,-2.0939276,-0.39388612,1.4996414,1.3224661,-1.9122934,-1.0562358,-0.8696058,-0.22484958,-2.9576354,1.3467463,-2.34964,-0.97059727,-1.739544,0.41712147,-2.4415894,1.7446121,-1.1486872,0.81844765,0.5776043,4.745019,2.2646928,3.0912714,1.2320778,0.43700293,-0.14441308,1.5148,1.8520793,3.8445485,angry
-477.26147,60.72108,-10.166991,7.535926,4.5021524,-10.072605,2.794718,-0.96788025,-7.0119233,1.4927748,-4.586869,0.029422173,-0.1850124,-1.7533807,0.07265156,-1.967068,-4.6572723,-1.1730005,-1.8374608,-1.8367316,-4.901591,1.6111656,-3.7374516,-1.3955168,-0.93720526,0.7638413,-3.2797415,1.7853832,-1.0813509,2.2916396,1.9369289,4.6276045,2.15815,3.1069665,2.9627151,3.5793989,2.513887,4.002305,2.7695725,3.7509756,angry
-504.0204,73.47135,-9.013931,12.534726,14.679815,-7.929249,3.7024796,0.021443294,-5.8547626,-0.98894745,-3.5070136,0.90071726,0.06823281,-1.555542,3.849271,-1.9364737,-3.0767329,-0.8234946,-2.2971468,-0.86961466,-3.4955223,3.3475773,-5.062874,0.39246896,-1.7894622,0.93889606,-0.38274318,1.9675959,-1.1287068,2.4053442,-0.19895926,1.131834,0.18472807,1.6071734,1.4580599,2.6204388,0.6279699,2.5218434,1.5248936,0.9787322,angry
-474.97705,50.065056,-9.907514,7.3700967,4.2039633,-9.288031,0.39274463,-1.092638,-10.129904,3.1496968,-5.936469,-0.62179554,-0.05565115,-2.7016752,0.6308013,-1.8161539,-6.1042075,-1.2801565,-3.5818331,-1.7876705,-5.1162896,0.09195122,-5.1594124,-2.4844658,-4.0178657,0.03898245,-2.8362474,2.7987525,0.34772456,3.191255,0.59945387,1.5905362,0.5015012,2.9199762,3.4380288,4.6342683,2.3255675,3.963561,2.341379,2.4369133,angry
-446.8584,45.130783,-16.327358,6.839459,-1.8429228,-7.469028,-0.92444915,-2.4209552,-9.5505,-0.8789882,-5.659145,-3.8115687,-1.9157351,-4.6396008,-2.399722,-2.330363,-5.889522,-0.94985616,-1.8420166,-1.2748969,-4.6094112,0.5379769,-1.3149046,3.2018507,2.7139747,2.9149241,-0.6454865,2.4224248,1.6825657,6.6628985,6.0274773,5.424947,2.7801852,3.2762194,3.2660222,4.6226435,2.868041,1.5938861,-0.19583265,-1.0718523,angry
-409.61328,55.345387,-13.321119,5.103158,0.26242957,-12.617353,1.6726176,-2.776572,-11.121146,-0.35793245,-6.1023054,-0.8718046,-3.42457,-5.0820193,-1.0782897,-4.309532,-6.6324377,-1.5765109,-2.93401,-0.32390466,-5.3435435,1.4702289,-2.8406022,-0.72180575,-0.32918718,1.6063138,0.9241905,6.8073983,7.10944,8.033618,6.793152,5.6191173,3.2996013,4.113179,2.6686969,3.8909214,0.7530308,3.8603463,2.213462,1.5407804,angry
-464.44812,55.260735,-7.371432,12.964651,12.2922535,-3.6900263,-3.173868,-1.4824502,-5.6463175,-0.5415592,0.625217,1.9051737,1.2712474,-0.34542894,2.65146,-0.0081285685,-4.906089,-0.97657716,0.9914322,-1.2868812,-3.3511205,-0.5790837,-3.9946685,-1.2847975,-2.8382783,0.9767853,-3.1287355,-0.087465204,-3.3283825,1.6935438,2.038933,3.9769561,3.3667498,4.337311,3.2195284,4.3584557,2.125242,4.187393,2.3175259,2.4857287,angry
-394.3262,41.27507,-11.59262,7.1615467,2.3660672,-10.942195,-1.1938432,-4.623689,-9.592871,-3.0094376,-6.5630403,-0.3033331,-3.3153875,-6.5956697,-3.7523787,-3.6702948,-6.4519835,-1.0963284,-1.741784,1.4334655,0.0634437,3.8209689,-0.62790424,1.9360441,1.346028,4.398708,1.4753999,2.6045828,0.639033,3.9227023,4.6749234,6.881222,2.1718836,2.0538442,1.8268211,3.4451656,2.9904604,3.4582307,2.268782,2.4350262,angry
-582.93756,67.94621,6.630038,15.314546,19.100136,4.512121,4.3129697,-1.2800452,-0.28146797,4.442112,1.5330234,5.807061,2.837389,1.39474,6.117816,3.165762,1.3503106,1.4007741,4.0395427,3.4844022,-1.2106075,3.7669592,0.17228965,3.387654,0.80896026,2.6399484,-0.9710145,4.362458,-0.049658924,3.3105226,2.0534503,2.163109,1.2695593,1.2416536,0.50673395,2.685327,1.6028317,1.9616308,0.91906863,0.6183348,fearful
-543.8389,63.61733,2.281294,13.492363,13.377002,0.06527062,-3.045002,-8.509872,-0.5025337,4.0904317,-1.682672,2.7531142,3.2531135,1.1805955,0.5292176,-0.031584535,-0.48034728,1.4144714,0.7912122,1.3345072,-2.615734,1.962819,-2.2722192,0.6682049,-1.3240508,0.40893707,-1.652694,2.6931639,-2.530141,1.9335784,0.30386254,4.124385,1.522623,1.3386978,2.023125,3.2769794,2.6872652,2.7317076,2.8962402,1.9048178,fearful
-553.71,61.961807,8.765912,13.266219,14.084713,4.4533296,-1.3336283,-6.0422354,0.23347218,5.244959,-1.0779439,0.5667783,2.9076,2.2601511,1.192177,-0.36779577,-0.8337104,0.35560367,-0.9829184,-2.1213863,-3.5857763,2.2163439,-3.4757302,-0.70687515,-1.6627159,0.27459717,-2.479603,1.9771423,-4.69374,1.7215828,-0.11402799,0.7089765,-0.10775199,0.66673565,-0.533842,2.2506049,0.51189876,-0.44243655,0.09873358,0.010821088,fearful
-501.89096,55.873096,-8.911736,10.067407,6.0365767,-4.818209,-10.137219,-14.604731,-8.473473,0.13322417,-5.9661965,-5.7019324,-4.6361556,-3.111136,-0.0073522734,-1.6158574,-2.3679357,-1.025499,-2.7358928,-3.4723818,-6.0601835,1.3274567,-5.054299,1.7318258,-6.189421,0.15663223,-3.5836978,3.1688478,-4.3313446,4.195497,2.1855807,4.4567065,1.8985399,1.4350253,1.7546192,3.4029646,2.7840374,4.524385,2.5686307,4.302872,fearful
-475.72742,55.22138,-3.5666952,15.328313,11.771525,-3.3342643,0.83733886,0.34246725,-5.5543184,2.245122,-2.0572155,-0.27512112,2.5329566,0.19761382,2.4004529,1.4268124,-1.8109401,1.1001405,-0.31044334,1.1521541,-2.790442,1.5929811,-1.0621651,0.68280196,-1.3892491,1.441957,-2.336754,2.8581517,-4.4386063,0.79174596,0.7875403,1.7348794,1.1483599,2.537949,5.0630536,6.6995335,7.688889,8.722633,7.5253596,7.751794,fearful
-434.02173,42.499302,-6.9688125,14.932221,7.699903,-4.0894384,-4.806929,-2.2123742,-7.548631,1.4414824,-3.9047313,-0.21432579,-1.1109256,-2.0949745,0.547607,0.5643079,-1.1395848,-0.0057304613,-0.5778657,2.3640332,-2.437634,3.9280427,-1.00008,1.6262168,0.6510172,4.3915424,0.5904238,4.6529694,-0.21083093,6.686531,7.264415,10.3840065,10.127065,9.63108,7.529443,5.788884,4.4230566,2.78444,3.0951698,4.533203,fearful
-487.77365,53.78325,-3.2396681,14.73898,14.02586,-3.6470692,-1.2292522,-1.9972764,-4.530231,2.9257236,-3.4123647,0.24597067,2.0329583,0.88382673,2.7185676,0.80638653,0.5609759,1.1497431,0.08822267,0.6793495,-3.6247206,1.0524791,-1.0887899,1.5988892,-1.9054601,2.029373,-1.6215403,2.658178,-3.2638614,1.4316291,1.5827583,4.089586,3.1791744,4.3698893,4.4399095,4.278236,3.3365924,2.6516318,2.4460864,1.533864,fearful
-460.3062,47.693577,-12.259827,8.07548,9.800266,-6.844807,-2.7019184,-6.4545507,-9.908661,3.0516953,-4.426129,-0.20304976,0.98391545,-3.0172129,0.88536537,-0.28031418,-5.571121,-1.2821982,-1.114788,-1.1251098,-5.0603733,0.50143856,-2.3150823,-2.789865,-4.63484,-0.14667705,-4.6135087,0.50871354,-5.5921955,0.7667613,-1.6913475,-0.1491319,2.1139183,3.7742462,6.470318,9.444182,10.02371,10.728914,8.506906,5.92957,fearful
-534.4013,85.663765,-3.826256,9.764963,12.9230995,-4.583493,-6.658702,-7.8174005,-8.647674,-1.1143872,-4.5378885,-3.8647983,-1.6244267,-3.1492858,-0.35876748,-0.7429836,-5.2427583,-3.7404306,-4.721642,-3.206042,-4.96957,0.12387895,-4.4989567,-1.1747991,-3.277472,-1.6111717,-1.0663118,0.52055967,-2.440904,2.0753882,-1.017432,1.3903459,-1.024609,0.060282577,-0.6543632,3.5168889,-1.3658001,2.6020653,-0.199085,2.0109181,disgust
-553.5386,92.65589,-22.953947,12.355523,10.826749,-4.5455556,-2.876418,-7.9017487,-6.0536957,2.3456113,-0.40999708,-1.7192488,-3.2657766,0.0018954057,4.793082,1.695975,-3.6686087,-0.49869084,-1.8140522,-5.9691386,-0.20616904,0.5468349,-1.7067816,0.46373585,-1.8757217,1.4860985,-2.5993128,2.9704895,-2.674231,2.017353,0.10211686,1.3097374,-0.21755536,0.62790096,-0.13949957,3.537774,2.0407162,3.0268831,1.528043,1.6498874,disgust
-556.0103,88.129486,-6.7806864,10.525603,15.998698,-1.1137676,-7.2101526,-13.047394,-4.9830346,2.2114818,-1.3167664,-2.5747266,-2.9070566,0.79641443,4.549054,-0.57852316,-4.4609833,-0.781498,0.009166394,-5.812228,-4.5177155,0.55159336,-3.5972266,1.1689717,-2.5052118,-0.056580648,-0.85498446,3.1382773,-2.5589674,2.1159716,-0.41269034,2.2372184,1.0994372,0.39120695,-0.41496092,2.836794,-0.019554079,3.1240973,1.0893743,2.5333283,disgust
-484.15457,83.330154,-5.944739,11.405275,13.984,-5.2124743,-4.624003,-7.6287794,-11.8405485,-1.184531,-6.6979914,-3.8972857,-4.0270677,-3.9501944,2.3516808,-1.7242984,-6.225089,-1.3754238,-3.0343225,-2.7239692,-8.044327,0.35277417,-3.8524833,-3.3124466,-2.7305546,-2.38271,-4.0706286,3.6905296,-0.62040955,4.5227127,1.5303377,4.51707,1.4363976,1.120591,-1.1267744,0.27932298,-0.49947816,-0.6284323,-0.5410008,0.43229267,disgust
-493.51706,68.62105,-12.693112,14.285008,11.289721,-3.9774466,-2.0652173,-4.7439227,-6.03567,0.5778293,-3.4139826,2.1836877,-1.7976291,1.6825765,2.5146072,0.00366175,-1.4412452,-0.8021515,-2.009782,-0.43578014,-3.2895498,-0.6123025,-1.5089136,0.10949839,-1.8213937,1.9180514,0.69162667,2.5393307,2.2444103,3.597668,1.6787469,4.111302,0.46939376,0.4571742,0.8432253,2.8549001,2.8599362,6.248888,3.7594333,5.359934,disgust
-536.1465,91.18516,-2.32671,13.498315,15.128803,-2.0967488,0.5608583,-3.8427594,-5.8354425,0.94927406,1.2391486,3.5780962,2.0245125,0.92394626,1.74778,2.3872104,0.26821086,-0.1497208,3.6376078,2.9158597,-2.5963802,4.2585406,0.88368016,4.265439,1.1576825,2.8952322,0.0368342,4.7714744,0.12093146,2.886332,2.2498024,3.537331,2.945181,3.8678656,1.9529846,4.6946483,1.3017476,1.0244015,0.5649896,0.9594158,disgust
-511.965,75.66721,-11.736371,7.943782,13.195024,-3.000502,-1.6111062,-7.748985,-3.02499,1.0783954,-1.4448758,2.8632436,1.9818025,-1.1436341,4.34421,1.4352868,-2.090188,-0.3894025,1.3735368,-0.16296348,-2.4100814,1.783424,-1.8158848,2.7522185,-0.85131663,0.17926386,-1.0604694,3.7000656,-2.2328575,2.785711,-0.31599486,2.4975758,1.1297358,1.5901536,0.17459002,3.7405062,0.6327605,3.4828403,2.3891213,2.7158802,disgust
-513.1323,65.0772,-3.9183352,8.77917,14.408204,-2.9668422,-2.831839,-8.949488,-3.0180693,2.018081,-5.7398224,0.37154943,-1.3440801,-3.2783637,3.4762564,-0.99349844,-7.0831814,0.9798503,-2.7289405,-3.3480086,-5.3912115,0.30986848,-3.0386167,-0.6634228,-3.3843908,0.90051794,0.35830584,3.6045601,-1.5111303,4.0355635,4.71308,6.652943,5.0460143,3.1310062,1.0671619,3.3962622,2.4820523,2.4271321,1.9729223,2.0611746,disgust
-542.2393,96.993515,-13.286048,16.851767,15.900402,-5.1991234,-0.16403744,-3.0828502,-6.175846,0.9836461,-0.3666849,1.2755173,-2.5277245,2.4879253,0.57268345,0.10451965,0.7567033,-4.835777,1.4199792,-1.4558471,-3.7134764,0.26597467,-3.2266715,0.24774863,-2.7717774,0.7007014,-1.4667723,3.2722468,-2.943473,1.8806953,0.41254547,1.151628,-0.6658138,-0.3759461,-1.3576953,1.6470075,-1.6603323,0.74339455,-0.3799307,0.6782613,surprised
-558.0071,72.73659,-7.3860235,13.103893,9.760793,-2.3321648,2.2804735,-3.6298494,-5.8098,1.462122,-0.9031662,-2.2174585,-4.1784472,-0.75269824,1.768652,1.0214013,-1.078341,-4.0567408,1.0049572,-1.0803505,-3.6237197,2.8859031,0.6554254,1.659423,0.26692307,3.7375848,0.12675636,3.4058394,-1.6327983,1.88769,0.09243221,1.0367156,-0.6012084,1.3725406,-1.1295528,2.3662655,1.3578465,2.1210532,0.058354035,1.4306933,surprised
-550.5241,80.2882,-11.936885,12.046379,12.692725,-5.1986303,-2.601288,-4.69988,-9.684594,0.9268938,0.1491012,-0.30593467,-4.886802,-0.17041497,2.4648554,-0.5289939,-0.05155311,-4.2059026,-0.95706856,-2.2564185,-6.1318107,-0.30972207,-2.365138,-1.6358423,-3.7090592,1.8247908,-2.0860052,2.6501286,-2.82322,3.4012349,1.1609509,1.8051109,0.41737288,1.5271723,-1.3029339,2.3248997,-1.5785762,0.5026264,-1.0885545,-0.8998492,surprised
-581.91833,82.71523,0.5009429,14.243315,10.800771,-1.1746699,-1.2052962,-8.400037,-7.6914554,1.4797981,-3.414888,-0.9229508,-0.43655208,-2.7336345,-0.80004996,-2.0463219,-2.8244808,-4.359659,0.6429811,0.2675371,-5.3382473,0.4391041,-2.7905533,-0.8415689,-1.7933382,1.1660727,-0.5765832,3.8210356,1.8709488,5.0192466,3.6384668,3.7061107,2.4545753,2.6230013,0.6787822,2.7787201,0.64696044,1.476725,-0.674569,-0.92961043,surprised
-495.77493,61.215088,-2.2064357,15.436832,11.9069805,-1.3248707,2.2464051,-0.7540604,-4.724902,3.7983468,0.9785569,0.006923299,1.5114275,0.2654608,1.5695482,1.8680569,-0.22100122,-1.2923137,0.5217509,1.6120712,-2.5880084,1.9343336,-0.37515846,0.97795886,-1.8726053,2.1971726,-1.250466,2.0449052,-1.4505309,2.4268575,0.94886196,2.9656646,1.5719881,2.5499918,2.2547615,4.237002,3.3050628,6.903278,6.3348913,5.516036,surprised
-529.07043,70.9784,-7.156777,20.28717,17.145523,-4.2989526,2.4204016,0.3502196,-4.4957275,5.287483,2.3615828,0.066928506,0.4052782,3.2193031,3.2084327,1.2086669,2.3280427,-3.796863,1.477991,2.2643917,-2.8087378,3.0484655,-0.3680643,3.0437553,-1.0945128,2.4312837,-1.8017793,2.8562467,-2.024938,2.7400527,1.7336208,1.7492169,1.0147333,-0.14350708,-0.6605594,2.2646916,0.4010494,2.2102242,1.2233921,1.2691519,surprised
-583.1497,83.82437,-3.0439909,19.71645,16.975353,-0.574849,0.77650636,-4.6448617,-6.4753757,0.9362509,-0.43208903,0.58000696,0.87365884,1.5490823,-0.04745395,-2.1202357,0.92427826,-2.8382633,2.3530781,-1.1585815,-3.1981385,-0.48165348,-0.94004583,1.6781358,-2.2228372,2.7449455,-0.8308145,3.3492055,-1.9868156,2.2828534,-0.8765078,3.0083225,0.13376705,1.0936364,-0.27215114,3.2927194,0.029795581,1.9762076,-0.18471579,0.46640068,surprised
-520.60565,74.568214,-6.247988,17.76445,16.345968,-4.567493,-3.4088793,-5.189612,-9.402345,-0.90440345,-3.7467039,-0.8778444,-1.2856363,-0.7788566,0.7104167,-2.3827047,-2.9539294,-6.4163046,0.22456525,-1.2382573,-4.794758,0.27423418,-4.0318217,0.8739302,-4.897136,2.0714488,-2.191883,2.5914068,-2.5642478,2.2099981,-0.738167,1.0597019,-0.41219848,0.5226103,-0.23320572,1.4769567,0.3740426,1.4651105,-0.84649,0.6477014,surprised
-623.3142,70.66238,6.126741,10.768684,-1.7398444,-9.966123,-11.0403805,-7.5305786,-7.9820633,-2.7065442,-10.514432,-3.2983031,-4.0755367,-6.66185,-3.3591712,-7.7437797,-3.4705753,-4.2403913,-6.2638993,-4.068468,-6.7554245,-3.792135,-6.39546,-3.6964285,-5.5192695,-4.081559,-5.335697,-2.2612097,-3.6910143,0.8848898,0.6532364,0.26573604,-0.5957766,0.31497476,-1.2565979,1.2810298,1.799078,3.416578,2.059677,2.9342375,neutral
-627.7263,69.87794,4.925651,12.754293,-1.3289773,-11.282447,-11.245825,-7.2372117,-6.454096,-2.5133445,-9.758028,-3.6070795,-3.4639084,-6.7784424,-3.589539,-7.408431,-2.3648987,-4.1717496,-6.514005,-2.1657894,-6.320328,-4.740005,-5.5678015,-3.875435,-6.0458765,-4.12526,-3.5692077,-0.5896994,-2.097413,1.5215007,-0.47383916,0.39079273,-3.1683905,-1.3530593,-0.5562892,4.354989,3.43943,3.4940288,1.6574198,2.07014,neutral
-596.90314,61.597015,3.8900478,10.265404,0.35937148,-13.150194,-17.738401,-8.092557,-7.3584013,-0.010274799,-10.23473,-3.0027597,-3.7913845,-8.276554,-1.0483968,-6.742921,-4.688895,-3.7002592,-9.616568,-2.963922,-5.7785006,-5.1669006,-4.1840453,-2.9128146,-4.995472,-1.0410132,-0.8001991,0.87661535,1.2137737,1.2530037,-0.0072665876,3.2329826,1.0456908,3.400949,0.17694221,1.5672358,-0.12355194,1.6835543,1.0271088,2.079497,neutral
-610.68494,52.900356,6.000559,10.61304,-0.206373,-11.391305,-13.975768,-8.859708,-5.5986905,-4.8128715,-7.396122,-1.7391238,-6.50622,-5.5043225,-4.488773,-6.9621596,-2.4999633,-3.3185236,-7.9115458,-2.0430503,-6.2941747,-4.9478483,-4.1005473,-0.8678308,-4.0501914,-1.4727759,-1.6117032,-1.9568661,-3.1750772,1.004076,1.658281,5.869383,3.8682125,3.3854501,0.1078993,0.10442431,-0.45431307,3.51357,3.9066026,2.6340015,neutral
-665.82996,67.89309,3.4309566,9.618881,-1.0308363,-8.037656,-14.076585,-5.7651863,-3.2976422,-3.4118783,-10.677952,-4.210166,-3.6034827,-6.4694805,-3.403722,-6.41066,-7.2471933,-3.4180577,-6.7765203,-3.1817718,-4.6222687,-4.380195,-4.6059217,-4.9922853,-5.699446,-4.318056,-5.424322,-3.212445,-5.438994,-1.4343605,-0.4252404,3.0661108,2.463565,3.5737617,-0.70746356,1.7554948,-0.75846535,3.9044878,4.339644,9.28467,calm
-603.59576,68.509384,6.737415,13.026183,1.8566476,-14.726905,-12.334957,-5.032624,-5.9713693,-5.37568,-11.0293,-3.2492156,-4.013473,-4.648432,-3.1008716,-8.221771,-5.1446223,-4.979646,-8.116196,-3.242917,-6.7873955,-4.605977,-6.5981803,-2.8696136,-4.487295,0.7431251,-0.70441896,0.90568024,-1.6875267,0.025387574,-1.5497825,2.884393,1.5866717,1.3216057,-1.4704787,0.7843905,-0.39424193,2.1557195,2.4490054,3.4277043,calm
-625.5369,54.12772,10.479154,11.7574215,1.158986,-13.689819,-15.190051,-7.872226,-8.257198,-3.722699,-12.50392,-3.1292362,-2.7893598,-9.605579,-3.9964678,-5.6014814,-5.3343663,-1.9605176,-7.991057,-5.199072,-7.790036,-4.4284115,-4.783655,-4.733268,-5.3868313,-2.39925,-4.0064554,-3.7392128,-3.7815745,-1.0657381,-1.0482159,2.2819684,1.8533452,5.2584696,1.37714,3.9721942,1.9610023,3.2892485,1.3455019,2.9276977,calm
-609.38617,52.753483,7.734039,12.770609,0.47018504,-10.487369,-14.704937,-9.553403,-4.35666,-3.7014172,-10.564972,-4.078943,-3.764399,-7.3167434,-5.5940614,-5.5800996,-4.126796,-4.325625,-8.371105,-4.1885114,-6.4691606,-7.1606274,-4.6577907,-4.263672,-6.677043,-3.102635,-6.238193,-3.4861033,-6.0486665,-2.9505308,-3.505458,0.9468741,0.36045086,5.1074953,2.3155344,2.630748,0.7173147,2.1830275,3.1495667,5.1032987,calm
-604.3557,62.962982,1.2370336,8.243961,-3.0544217,-9.6534195,-13.8590355,-7.4092607,-3.9902227,-4.619069,-10.842931,-5.177381,-4.5396004,-5.4852476,-3.2098148,-6.81746,-4.8296394,-2.8784626,-7.5932426,-4.5207434,-7.346046,-4.3871984,-2.9004173,-3.0721672,-3.1275296,-3.5222614,-2.7291284,-1.3349324,0.4694634,1.7093295,-1.4573109,-0.39899245,-2.8300095,1.9079305,1.492087,5.715555,1.1078341,1.4026031,1.8321377,5.6226373,calm
-563.80005,69.33644,-2.1673326,10.971336,4.014161,-12.180211,-12.719204,-8.814118,-5.054152,-1.9008062,-13.687224,-6.57617,-2.1338472,-7.8462825,-4.2493906,-5.487054,-5.613015,-1.8281364,-7.5411706,-4.6876106,-4.613359,-4.602818,-5.1797843,-4.712694,-7.686729,-1.9136603,-5.8314137,-1.2880552,-4.241499,2.806037,3.333387,6.91265,0.5613953,2.7159936,-0.5478851,3.9518821,5.19465,6.8655524,3.8004618,2.606434,calm
-629.08484,58.388027,6.4259467,7.846054,-1.9382073,-13.566677,-17.38561,-7.6352153,-8.306241,-1.0634927,-13.242575,-5.9334483,-1.5411801,-9.106229,-4.0877476,-5.823337,-6.8037944,-3.7283764,-8.681612,-3.6889043,-4.575494,-4.636976,-4.2479677,-6.8876176,-6.8856034,-3.2760253,-2.8101935,-1.5537614,-4.097919,0.76037526,-2.081342,2.0745068,-0.6569967,3.2565298,2.2679217,6.2429795,2.6450937,4.18149,-0.52593625,0.39722183,calm
-622.7964,61.906136,6.635221,5.64877,1.263721,-13.4206915,-18.623072,-6.5201516,-9.258502,-2.4133663,-11.088659,-3.8775382,-2.4928265,-8.378858,-3.2764611,-5.434098,-6.212037,-4.3000526,-7.6287746,-4.1830087,-7.259979,-4.8829207,-5.3181562,-6.040878,-7.119117,-4.253351,-3.2128348,-4.1631837,-5.467514,-5.317458,-6.3346257,-3.1640048,-2.8795033,1.3464806,3.3417912,6.2812834,2.3984778,1.8233942,-1.7388806,1.3648546,calm
-559.32355,51.228477,-15.001673,9.671802,-3.5333867,-10.783248,-12.574892,-11.979817,-7.494413,-0.122047186,-12.814564,-4.5978985,-0.6633445,-7.10947,-3.3797102,-8.805788,-6.34244,-4.299202,-6.0939727,-3.8293936,-4.8551683,-6.5336056,-4.6161265,-2.7324178,-4.3135643,2.5769377,0.7533325,1.9247781,-1.7661426,-3.0846415,-3.7609806,-0.37223387,1.151982,5.2811627,3.7778304,6.9458814,3.4291008,1.5244907,-1.1215576,0.08209586,happy
-536.01807,49.057972,-9.00139,12.4314575,-2.113662,-7.8299985,-11.731834,-7.994939,-3.4821935,-0.8342825,-10.722944,-3.3636572,-0.57137614,-5.9753265,-2.6398425,-5.6754756,-4.616722,-3.4183242,-4.850274,0.008578257,3.7136962,1.9469546,-0.17683762,-0.8030966,-2.7602086,1.0687463,0.97012246,4.0942893,-0.17978387,2.1078115,1.2101651,2.8018992,0.21249478,-0.17663994,-3.373177,-0.069420725,-0.44724303,-0.32962582,-0.15240003,1.2975147,happy
-541.19666,50.810543,-6.266439,8.548527,-0.23915148,-12.121923,-15.149524,-10.8157625,-7.8291335,-2.2499223,-11.055544,-6.0585294,-2.339504,-6.448652,-5.4245367,-5.2285852,-6.3697467,-6.17564,-5.805911,-5.258851,-6.0577745,-6.487179,-5.773879,-5.1495166,-7.1329923,-1.0090574,-1.3690305,3.35077,0.32617703,1.6250689,-3.2451267,-2.0539715,-3.7973125,-0.11610299,1.2320125,6.6031103,5.6833715,3.705896,0.904809,0.051482495,happy
-547.89246,45.593616,-9.351604,7.70842,-1.4428436,-11.467028,-14.520015,-12.856819,-9.89196,1.0696815,-10.153341,-6.9508834,-2.883529,-6.3172636,-6.340121,-4.0733266,-6.4580474,-6.09338,-5.2719307,-6.579978,-4.351396,-5.9797864,-4.996401,-2.6371984,-6.441336,1.619992,2.1794555,6.2082067,4.8770304,4.063068,-0.65793604,1.0423952,0.05515571,2.5830257,2.9593327,4.460776,2.9043155,0.53388584,-0.6927839,-0.52179646,happy
-496.18054,47.926838,-17.836899,6.0556226,-4.7750864,-10.64497,-13.86527,-13.973053,-8.791271,0.8590318,-12.392187,-6.697625,-2.3426259,-7.083299,-6.2618313,-8.298231,-7.3816724,-6.292856,-7.8928804,-4.748908,1.2708309,2.4864206,3.3170025,3.4591398,-4.0375924,2.7740526,3.8541696,5.8765163,4.990376,1.2170534,-1.697567,-1.2307612,-2.1616352,0.9205247,-2.7956421,0.3790538,0.27999967,0.6012437,-0.4047807,3.530576,happy
-422.82098,36.640293,-18.758747,7.388081,-5.153733,-14.544451,-10.289192,-8.890919,-7.879539,1.2323642,-11.092411,-4.8820095,-0.2615371,-5.771371,-5.351592,-6.7921295,-1.508011,-0.46176594,1.2040238,3.3410363,4.79297,3.2322311,1.1103454,6.848971,0.915856,6.6473775,2.5468228,0.08186646,-1.0883287,0.53175163,-1.0880289,-0.8678528,-2.558963,0.3295674,-1.2069765,1.0332335,-0.10572134,2.101723,-0.104042806,0.6768404,happy
-480.9914,37.621235,-11.95169,7.3074536,-7.4965897,-18.00563,-18.452888,-13.849811,-10.374261,-2.2991116,-15.635188,-7.316218,-5.2184534,-8.567641,-4.3959193,-7.2653747,-7.422449,-7.6809745,-9.678254,-6.4968767,-3.5370555,-1.540942,2.2404518,4.575463,-0.66976225,4.4190283,1.6509782,4.7804875,3.6683815,4.295835,0.6272392,0.4296969,-3.3150673,0.22443232,-0.4899217,3.6867733,1.4713206,-0.08213196,-1.1579356,2.9914367,happy
-495.19525,45.999084,-12.252111,6.5310907,-3.8388884,-15.038673,-13.855328,-12.102812,-8.41825,2.7002344,-10.433528,-6.911943,-0.59452987,-10.386046,-6.9896564,-2.6301756,-5.8774223,-4.058042,-6.736482,-5.5015025,-2.501237,-6.2695956,-6.471583,-1.9766724,-6.27797,1.828977,1.9469222,3.8811612,2.7066734,3.9643333,0.42212537,2.353335,-0.98025316,0.5048392,1.2533303,5.4352794,3.4103084,3.327326,-1.027352,-0.19575688,happy
-643.6602,50.99072,-1.2649763,13.113871,-4.955801,-6.031788,-13.613155,-10.313024,-2.5532658,-4.728184,-9.329952,-3.6590183,-0.4073054,-6.9548087,-2.9095225,-4.839344,-5.313871,-1.018861,-6.447855,-3.2879696,-4.060514,-4.291126,-4.0315223,-6.1941686,-4.2921286,-0.9311806,1.6490415,3.7354178,3.0694187,3.479688,-0.5428116,3.5122433,-0.022347905,2.5321121,-0.03996186,3.0064354,-2.099233,1.0357342,-1.7256579,2.2020297,sad
-639.8101,72.0538,3.0460398,12.380344,-4.1009135,-10.888232,-16.068535,-11.385583,-5.714144,-2.9130633,-11.702366,-4.9706836,0.022327423,-7.1410785,-2.8871076,-5.43734,-7.346166,-2.51385,-6.957007,-2.9535356,-1.4561348,-0.008691994,-0.5970959,-1.7745795,-1.6386775,-0.71152,-1.6044631,0.037444364,0.6285829,-1.7754139,-3.714304,-2.231088,-4.5335345,2.106185,1.5938503,5.220583,3.0566387,2.9807057,0.7676836,1.9656737,sad
-653.45,54.646793,3.7565289,10.999374,2.2491968,-6.4312816,-14.799065,-10.531854,-5.5579886,-1.114059,-11.257138,-5.7532988,-1.4531926,-6.4050813,-4.1870966,-4.1025195,-4.9037967,-3.4720924,-6.438224,-5.39247,-4.547511,-5.6402054,-4.215595,-4.344686,-5.921069,-1.7321792,-3.3127017,0.8436867,0.7905484,3.1237419,0.357936,2.4843926,-0.103793494,1.7337748,1.2476712,3.8533838,1.6861379,2.3786812,1.4818816,3.1458259,sad
-663.8018,54.523804,6.5776443,13.117092,1.0134585,-7.517717,-17.048584,-8.922491,-6.7245755,-2.939838,-11.8076,-5.363732,-3.361481,-6.2728543,-2.8233447,-6.490383,-5.8745418,-3.0132291,-8.654768,-4.588826,-4.538396,-5.3126545,-5.5129466,-6.297534,-5.188157,-4.8609076,-2.7271106,0.7387459,1.6420096,3.348718,1.3412044,1.7835315,0.14180042,3.738709,3.8112025,7.7147484,1.7825083,1.5240995,-0.9298481,3.8383994,sad
-567.02344,67.410225,-17.207924,13.748411,-1.0157242,-13.978447,-23.896416,-20.72278,-7.642552,-0.45307362,-16.183365,-4.6445184,3.3568375,-10.997778,-6.1577525,-3.0756385,-8.67325,-3.277026,-9.861446,-6.7788076,-4.7879734,-6.5002337,-4.542629,-3.3467593,-5.164198,0.7062534,-2.0951731,0.15778597,-0.1629148,3.3978853,2.1787362,5.1640034,1.8054122,4.2466583,-0.9159495,2.4269555,-0.14170232,1.6985788,1.5647429,3.7746453,sad
-583.8331,61.933407,-9.352907,10.314157,-1.5861708,-9.717092,-20.36082,-15.137797,-8.1628065,2.9474938,-15.310609,-7.4953094,4.2448077,-6.97596,-6.554442,-2.5641124,-7.3682046,-3.4263718,-5.233969,-7.622854,-4.6883,-1.1606289,-1.1016494,0.8872615,1.865997,4.212571,1.0385798,3.3479319,1.517598,5.9895244,0.8506707,0.9163202,-2.893081,-0.57130045,-2.603185,1.0144304,-1.7072338,-0.40634108,-1.9271265,1.7448317,sad
-577.35516,56.851624,-4.68834,7.3820868,-2.9540205,-16.872725,-20.744307,-15.367334,-12.80837,-2.3840256,-14.696813,-8.850007,-0.9751309,-11.509746,-6.11027,-7.2902474,-11.197913,-5.204614,-10.074818,-7.0675807,-3.3655615,-0.92864025,0.4046356,4.976061,3.5956917,5.018471,2.8500283,3.055387,2.137161,6.3622932,2.2247982,4.05696,-0.30632514,-0.564647,-1.8864622,2.5930896,0.23130281,0.59974,-1.7887172,-0.3349888,sad
-555.66504,61.32629,-9.919033,8.557802,-0.85885787,-16.251423,-26.757584,-13.160116,-5.7472906,-3.6106513,-15.777569,-6.891284,1.354852,-7.536189,-4.804879,-6.944057,-6.9660673,-6.256833,-6.752957,-4.9960675,-4.13989,-1.8686674,-2.3969948,2.5615156,3.2188725,7.5113797,8.480804,7.0235353,6.053897,3.1734047,-3.2869322,-0.7683774,-0.96138906,2.5540688,0.70400006,0.74750674,-2.4404142,1.667584,-0.98903835,1.6996719,sad
-457.23065,51.737514,-5.3651867,10.376576,-8.418102,-9.919052,-7.968412,-13.176805,-9.655051,2.4168155,-9.564439,-3.5855403,-1.2077926,-7.0018897,-2.5130231,-5.385007,-5.0242157,-4.533466,-7.397213,-3.2038038,-0.5826336,-1.5578707,-0.91782933,0.7468917,-5.755361,2.6284761,-1.7626748,2.0511537,1.5661318,4.9731226,5.490524,4.152843,0.9073316,-0.6317228,-0.71043855,4.4935527,3.1317632,2.813738,-1.0495111,1.9213998,angry
-436.71924,49.688187,-6.047551,6.3158617,-8.292535,-11.213032,-5.5898075,-11.74379,-15.409441,2.4837117,-10.467255,-6.71641,0.2577605,-6.39475,-3.4165878,-6.1841264,-2.2814891,-4.781743,-7.181157,-5.167332,-4.622577,-4.3013763,-2.6636324,2.5309906,-1.3681604,4.4300656,1.1790469,3.019802,3.3271663,5.383938,5.1447296,4.769325,0.95920455,2.4521594,-0.13151674,2.724966,1.6356698,1.4798833,-0.55371314,2.621142,angry
-489.26846,44.099277,-4.8874445,3.96885,-12.820936,-7.6505103,-11.039772,-14.897972,-15.219443,-1.5906093,-9.518466,-7.8043504,-4.1213775,-7.1314087,-7.816103,-6.985155,-2.8875482,-8.999421,-7.72523,-3.1500752,-6.0207973,-0.25011572,-3.097929,0.42751935,-4.872602,-1.5527511,-2.0561142,-2.7320035,1.8594812,5.058095,4.6757436,4.943158,-0.855992,1.4194249,-0.43656293,3.915871,0.52618825,2.8664663,-1.3829765,3.0996265,angry
-439.00806,44.915108,-5.764452,11.379297,-7.3599076,-10.589509,-10.128387,-15.366779,-13.799642,0.7125546,-10.76576,-8.032232,-0.694632,-6.505307,-7.365213,-5.2965984,-3.1177893,-5.3709,-6.1204495,-2.9308424,-5.7956123,-0.8761869,-2.0919566,1.7890414,-5.83229,2.959586,0.37825108,2.624625,1.4664079,2.0861454,1.7572303,2.7492535,2.2048087,2.88684,-0.94710344,2.2514546,1.270536,4.2416787,-0.3540681,3.3838863,angry
-387.58118,44.11609,-11.6462,5.884279,-13.794589,-14.985241,-5.6519465,-14.278305,-12.563419,2.192481,-12.219882,-4.4876785,-1.3095627,-8.064041,-5.3539524,-8.807406,-6.6987076,-3.3340611,-3.3076906,1.3807106,3.56968,1.1104363,2.3026123,4.783342,1.99722,8.000147,2.107433,2.1773798,-2.2646835,-0.37703705,0.50270236,1.9943702,-0.94570595,-2.0699687,-2.800043,1.0724293,0.7286253,2.2811444,0.23167095,2.1471922,angry
-383.63293,34.60797,-22.744259,2.5036418,-13.124795,-15.816067,-5.6497965,-17.092438,-14.969467,4.3815637,-10.902619,-6.050302,-1.9662228,-9.104144,-4.3978047,-4.898245,4.367823,0.6356422,-1.4911795,2.5150561,2.7400646,3.1414635,5.3595066,3.4170802,-0.6529518,3.4313786,0.54013157,2.0591867,-3.1666303,0.66028327,2.0062556,1.1342052,-1.1123897,-1.5575383,-2.0460284,2.7373455,0.6758958,1.9552258,0.87544334,1.941494,angry
-385.7672,27.615292,-18.86365,2.8995118,-10.780792,-16.88258,-1.5077016,-19.164171,-15.235045,5.2512684,-13.285115,-6.1606436,-5.5489397,-8.908704,-7.9495645,-6.721966,2.5569482,-1.7154466,0.32627916,4.184833,2.90795,3.585005,6.4176936,3.7867131,0.8815017,1.2958066,-0.47255465,-0.6367554,-4.735745,0.8780217,-0.54537296,1.0373491,-4.187954,-1.3416984,-2.7771628,3.5583854,-1.0406407,1.4024953,0.58546835,3.6195903,angry
-388.12344,34.846718,-15.968603,2.8424687,-12.288067,-16.705454,-3.5640707,-16.943697,-15.221445,6.4172635,-13.011453,-4.1237774,-1.8615956,-10.135051,-5.2970057,-5.836148,-1.5706896,-3.6786163,-7.8821845,-4.8143167,-1.9709083,1.66992,6.981573,12.184043,5.6621337,7.945515,1.30065,0.3395151,-0.770149,0.39096352,0.2558065,-2.8792942,-3.5365305,0.3470223,-0.7605729,1.224648,-0.43377897,-0.281483,-1.3145789,1.2430393,angry
-533.8631,54.19642,-11.021277,8.971199,-3.7929373,-11.188868,-12.699444,-15.569231,-10.745885,0.8638714,-14.213082,-11.18662,5.2710977,-3.1469436,-8.026941,-7.5095587,-6.0063696,-4.9345236,-4.199169,-0.4271015,3.3400712,4.948268,2.3082411,5.6068797,1.3774613,6.688393,5.4952345,0.7820289,-0.9175832,-2.9532256,-3.2889752,1.5560341,-1.6458933,2.3248732,-1.4087751,1.4583161,0.5943654,1.5790955,-0.7180638,2.009872,fearful
-581.0964,47.443104,-2.6401072,10.958864,-2.5416353,-3.8719645,-10.236689,-13.138621,-6.9024453,0.6330559,-10.113251,-8.365215,2.940239,-3.4791036,-7.1987305,-3.9701524,-5.4734564,-3.8698254,-5.7984,-5.8201327,-4.750492,-4.3657694,-2.61253,3.5544798,-0.6222207,6.286615,0.39270496,2.2627563,-0.26420358,2.0066953,0.7057138,2.0449033,-0.6290742,1.6732792,2.0884633,3.4789727,2.1841476,0.8540712,-0.55263853,2.1885283,fearful
-562.9548,44.17682,0.5049187,10.039983,-1.2796459,-9.369017,-14.354042,-9.910487,-6.038716,-1.7148428,-10.394469,-4.17246,-0.17466584,-6.878638,-4.168042,-6.457991,-5.2188044,-2.711259,-8.619981,-3.5998676,-4.7119455,-3.6373765,0.47638926,-1.2938473,-0.15101178,1.5924549,1.0990753,3.2554622,0.7335135,3.998862,0.96469486,2.0827808,-0.84441423,3.2393577,-0.4580942,1.5614535,-2.5884585,-1.0016633,-0.2951849,2.8569887,fearful
-521.44434,43.939865,-6.8833833,5.392125,-2.2408907,-11.157475,-17.179083,-16.80675,-9.899406,0.87494814,-14.902921,-9.31938,1.73857,-7.892839,-7.25372,-5.07377,-6.7473936,-3.6677334,-5.051918,-5.1015897,-0.28753874,0.91818047,2.2576096,4.8498244,1.261626,6.7863984,0.39208126,1.9998411,-0.13967368,-0.37590355,-0.5258607,0.7394761,-1.5055859,0.9414105,-1.389632,1.5726999,-0.5011977,1.8563465,-0.59128815,1.0847859,fearful
-362.4906,32.079094,-32.74895,2.048054,-13.384065,-17.72967,-18.057276,-19.045105,-13.048657,-1.2035517,-19.693909,-10.851137,7.9039907,-1.6417389,0.5371826,1.923892,5.983256,7.560031,2.5696537,0.51987994,2.7424352,3.226629,-0.35396317,3.9351704,-2.4966238,1.6518602,-1.9563801,1.8084804,-0.18479215,-2.700758,-4.969156,-1.6326362,-0.9422514,-0.5778961,-3.0640152,0.6359955,0.5523666,0.69986904,-2.2305298,1.467405,fearful
-351.34882,23.22862,-32.91596,0.871233,-11.764794,-20.336023,-16.907835,-16.015768,-11.297592,-1.108716,-16.980457,-3.0814936,11.230634,1.0195138,6.2133565,7.0064087,10.505199,12.800152,6.1917233,4.548986,-0.7242699,-4.3352137,-3.6361952,2.9634628,-1.2980624,1.4701777,-4.890195,-2.38128,-0.9027157,2.1720073,-0.62188196,-1.6963189,-4.081549,1.5380427,0.33134988,3.6245089,2.1462474,2.5628123,-0.14444076,3.928086,fearful
-376.52554,22.016094,-33.03191,-0.6838906,-11.120421,-21.072767,-15.121993,-20.04333,-15.689374,1.8485286,-18.728434,-7.6272283,7.685016,1.2081265,0.14105564,2.7166908,7.1133175,8.206175,5.503884,5.0299034,1.5747796,1.101824,-2.0360613,6.969827,-0.31516162,2.5262828,-2.7617366,-1.1055106,-1.5520005,-0.44163713,-1.5031697,-0.49121383,-4.387057,0.44478813,-1.238666,0.14017811,1.8407971,4.253503,1.2281651,2.7446098,fearful
-375.39856,27.601448,-29.177317,-1.772549,-9.366136,-19.607378,-15.508654,-17.620285,-11.975319,1.4801562,-15.245998,-5.9816236,8.318625,2.4196699,-0.049565945,4.04269,7.2951574,8.445343,3.5086277,1.7040614,-0.39078707,-1.3307657,-4.449063,4.9669104,-1.4459121,0.05215984,-3.875461,-1.519532,-0.89749086,0.019259056,-3.8316064,-0.4395354,-2.952385,0.7878271,-1.3455898,0.65045255,0.8453835,3.497204,-1.4520227,3.3339884,fearful
-576.25226,62.56685,-0.81411535,10.840133,-6.7106996,-1.8893908,-12.304624,-12.90759,-8.689752,0.8966912,-8.075639,-6.715011,1.915436,-5.759123,-6.7655864,-2.5982554,-6.6814194,-3.9681349,-6.1468225,-4.480511,-3.6041813,-3.1969702,-2.7245724,-2.449255,-3.411677,0.9906075,-1.9628309,1.2751904,-1.9029715,-2.7252376,-3.259132,0.71720356,-1.974545,0.9685277,1.4641528,2.444256,1.9264778,2.4851146,-1.1690292,2.5998333,disgust
-558.8583,66.59322,-2.7981658,6.946618,-8.551975,-2.5753555,-12.722889,-15.885411,-6.3189697,1.0307574,-9.835213,-7.1237087,-0.06713914,-5.203709,-4.710556,-5.5165076,-7.106683,-5.2310443,-5.911146,-2.2703364,-3.4416678,-4.037253,-4.2848597,-5.129875,-5.604647,-2.0707304,-3.1073475,-1.149192,-2.829603,-1.9027716,-2.7149208,0.41572607,-1.7110068,0.23853686,-0.31397387,3.4574387,3.641764,4.5996456,1.8695652,3.723914,disgust
-597.0335,51.67315,0.514894,11.018267,-5.8466363,-12.739655,-15.005709,-7.130474,-7.375259,-7.2072763,-6.9435816,-5.2530317,-5.17383,-4.679065,-4.7864223,-8.813676,-2.0909922,-5.991032,-9.07968,-1.6633325,-6.0194263,-2.9077296,-1.8623843,-1.4306326,-3.695252,-1.162302,-4.132838,-1.4438769,-2.8810346,0.060906414,0.6851331,2.4641187,1.63076,0.5391825,-0.9483271,1.0721438,0.32314968,4.0867896,4.5369325,4.0751925,disgust
-557.3827,57.61874,2.0689044,9.353869,-0.1542457,-7.993596,-12.888315,-9.070415,-6.9169135,-1.1547462,-8.836948,-4.058077,-2.201618,-4.773593,-1.9938223,-5.0900583,-3.4059687,-3.5742433,-6.506159,-2.5300324,-6.049971,-3.9592445,-4.2015557,-3.1854534,-3.5392523,0.009608577,0.588156,0.42380452,-1.082069,-2.8557458,-1.6999122,0.33068612,0.4003615,3.4483225,2.2484515,3.4140675,2.2726223,3.5493712,1.5598108,3.3696842,disgust
-518.23444,66.37138,0.8976397,10.521839,-8.514508,-10.622778,-16.491482,-18.15966,-9.423892,1.9092641,-13.657505,-8.812188,-1.4187521,-8.5988655,-7.8721566,-5.4473443,-4.60354,-6.3276825,-6.5534825,-4.0694485,-6.1316013,-6.7516146,-4.76837,-4.0009556,-10.144467,-2.138698,-5.9626756,-4.86599,-4.133712,-0.34449828,-0.3737091,1.7833674,0.41970602,2.5744321,2.720382,5.2319694,5.6734805,5.582445,1.6010475,2.7825913,disgust
-500.84634,62.44602,-1.6921264,12.216377,-9.665227,-9.635021,-11.449707,-15.504693,-10.414602,3.424438,-10.400361,-8.440585,0.4030227,-5.1203,-7.4980884,-4.0886784,-4.8591046,-5.8785696,-4.534315,-4.5262322,-2.8069313,-4.973044,-4.4767857,-2.749157,-6.7983775,-0.7189066,-3.0874183,1.392173,0.17763214,3.59746,1.0752144,3.5873845,0.9781119,2.4423156,2.237468,2.6376257,2.4681706,1.2773544,-1.1892416,1.6168232,disgust
-504.8815,55.885864,6.538718,9.285354,-4.7605696,-12.780054,-15.54629,-14.009708,-14.606989,3.970426,-16.138563,-7.3789015,-2.1336617,-9.450162,-9.653063,-5.297222,-5.2598624,-5.8256044,-8.232213,-5.064897,-4.623215,-6.3684,-6.218782,-4.826031,-7.2800975,-5.1900616,-5.298719,-4.084216,-5.8897552,-0.6784877,-1.1631243,5.406311,2.1706018,4.923709,2.324244,4.484752,1.4606326,3.5407884,2.9912841,4.0973244,disgust
-489.1005,51.664665,-0.33888763,6.837838,-5.441832,-16.7898,-14.04757,-11.134566,-12.173269,-0.8323066,-12.78641,-6.193963,-2.8755105,-7.7957873,-6.397875,-8.8907995,-4.6870503,-5.129898,-7.720108,-4.469557,-6.8129067,-5.891269,-5.542307,-2.5286841,-6.1870046,-2.1560209,0.030877642,3.073251,5.3879685,6.95858,5.7298875,6.9236712,1.6455325,2.306438,1.5538279,5.295202,3.1041095,3.8347375,0.3139348,0.31934926,disgust
-578.5703,53.379787,-10.138249,5.3081408,-6.684017,-12.568453,-14.459296,-9.895502,-3.955871,-3.4994059,-11.707829,-2.2716925,-6.4761777,-4.5106187,-4.1627183,-9.877655,-3.5589092,-3.223725,-2.9367564,-0.5847896,0.111104876,1.9742328,-2.968265,1.7834859,-2.630344,1.1851985,0.9610706,-0.8983663,-0.35944653,-2.0447571,-0.27963445,1.6641501,1.6718376,0.01865563,-1.2795049,-1.3189596,-1.3521163,0.8545159,0.56418097,2.1019976,surprised
-541.4672,48.54313,-7.59847,2.684828,-12.138476,-14.353625,-15.813505,-7.1633806,-8.114514,-7.5090446,-6.8837113,-6.427548,-8.903608,-2.4710631,-5.0865006,-4.1654067,1.6349448,0.18913083,-0.06388959,-1.6518595,-2.0017393,-4.478549,-2.4399328,0.26732174,-3.3300927,1.8538027,-1.1965892,1.6618817,1.2062839,0.76650286,-0.9100795,-0.97084016,-1.5872955,0.48267087,0.3795434,2.3603716,-0.48946205,-0.69590616,-0.70605934,1.0077311,surprised
-551.5455,46.08837,-7.5588236,4.21737,-7.608793,-11.7739105,-14.773635,-13.437027,-6.0540314,-4.1684237,-11.9620285,-2.7859168,-6.5160522,-7.2187123,-3.337817,-5.680194,-3.049008,-2.1144226,-6.011088,-2.626124,-1.4595017,-1.6860453,1.6321375,1.1213217,0.98127675,2.8472776,1.659924,2.815814,1.6334344,4.1779222,-0.33997154,0.5168987,-2.780529,0.7260442,-1.1972324,2.4129057,-1.0132735,-1.679944,-2.6305516,0.80813783,surprised
-506.41345,40.03743,-8.013975,2.6675525,-10.57462,-16.911018,-17.54781,-5.8134885,-9.846184,-8.49721,-9.508774,-7.303211,-8.361312,-2.6708558,-2.407279,-2.5919762,3.321509,0.47650367,-2.0766609,-1.6818168,1.2341487,-0.94812256,-0.4378131,-1.0440348,-2.21916,0.84816515,0.35953957,2.1255221,2.4812882,2.4851482,1.0004381,1.0449241,-2.6317627,-1.4756616,-1.0197476,0.8968131,0.85061777,-0.07191776,-0.7228818,1.1426405,surprised
-534.28784,51.839256,-15.002918,3.3780324,-8.976936,-10.806159,-16.354519,-14.0525875,-3.2231958,-4.424956,-11.53326,-4.919804,-5.730664,-7.468875,-0.6847021,-8.440888,-3.1621835,0.5618934,-1.6974981,2.9073322,1.4082124,-0.59428173,-2.101206,-2.3990417,-0.27946964,2.4701269,4.265535,1.5916201,1.3144315,-0.8473226,-2.5445645,-0.48064554,-3.2163968,0.57934946,-1.1209077,1.7255949,-0.63854325,1.2730231,0.7797124,3.6540058,surprised
-511.4212,51.63871,-11.935623,2.4605005,-12.950223,-14.666667,-12.605176,-8.651166,-9.079573,-6.327997,-11.077909,-6.4337687,-6.2427835,-4.299748,-4.0102673,-5.1063395,1.0131909,-2.6932776,-2.4086292,-0.731396,-1.3072548,-0.43108252,-3.7301693,1.2077775,-3.8660789,0.94916993,1.4097688,1.9507333,3.0739963,2.3189018,0.92453533,-1.5458217,-2.4814692,-0.046473723,-0.012976617,2.4927876,0.012821139,-0.5451005,0.26219335,1.9852014,surprised
-475.91632,45.961517,-12.97241,-1.0239786,-7.562312,-17.874739,-16.703205,-12.439799,-10.856652,-4.2068477,-12.805615,-2.9461014,-3.686649,-6.2051673,-5.2404766,-7.091969,-1.2874274,-0.107881516,-1.3703979,-2.5770926,1.2469218,2.128732,0.6465473,5.5136747,2.6521988,3.6140792,0.39786646,-0.81180644,-3.7580333,-1.617892,-0.217471,0.87898916,-1.5586867,0.02943036,-0.65545845,1.5334562,0.23182157,2.1193712,-1.083341,0.7683699,surprised
-504.47345,43.601585,-11.207828,-0.21899526,-8.156303,-17.843172,-17.45718,-11.343713,-9.76194,-7.1962132,-12.935684,-5.007679,-7.521842,-3.3988833,-2.6068654,-2.3124,1.7536047,-2.8132746,-4.052929,-0.72686976,1.9903746,-0.39518198,-2.4871013,0.9282854,-2.6686454,3.9157927,3.8940449,3.0784574,1.256011,0.36225733,-2.3862982,-1.4270524,-1.9811357,-0.14065064,-1.4731575,-0.4068917,-1.5716825,0.12131078,0.46042022,1.499597,surprised
-596.9712,89.52201,8.039675,20.23451,18.034784,5.450169,9.381004,-10.027304,-8.210331,5.7377462,-3.5467873,-1.435557,4.87841,1.2789602,1.4461142,-0.8345722,-2.4374042,-2.507828,-1.0618984,3.0191104,-4.241163,1.8825319,-3.878308,-0.7141911,-3.7289588,2.9479218,-2.7476954,-0.76099455,-4.7806735,-0.25809038,-2.0282931,-0.14967065,-0.009916071,0.0063545816,-2.6316457,-1.6264068,-2.6025739,-1.5922545,-2.9797382,-2.3362033,neutral
-622.23615,77.103035,5.303458,18.8181,14.677335,3.6577516,10.313114,-2.8267972,-5.6693234,3.5554185,0.3915467,-1.3146385,5.4726825,1.4914377,-0.39609098,-0.07229447,-1.3969079,-2.6645331,-1.0563637,1.337468,-3.0799289,0.5315466,-2.3405395,1.1441962,-1.4007884,0.061800223,-2.3458664,1.5503126,-4.228686,-0.04231673,-0.99294114,0.29617473,-1.0004568,0.5885858,-2.4244983,-0.053117957,-0.72996145,-0.65650076,-1.4615464,-1.373479,neutral
-607.1226,79.42583,7.543406,17.77983,12.904382,3.986536,10.856372,-6.580916,-9.241741,4.0844955,-2.907284,-1.7200664,6.0420575,-0.84299,-0.7827152,1.0560937,-1.6630821,-2.9661639,-2.3418827,1.5701727,-3.4487474,-0.1512342,-1.819932,0.022725442,-2.349562,1.6748844,-3.3947883,-0.40051135,-4.8104653,-0.0023578936,-1.2011367,-0.17874135,-0.5623246,-1.1919838,-3.1578577,-2.2272377,-1.8691697,-1.3923246,-2.3123226,-1.5532196,neutral
-603.10876,77.27142,7.5037346,19.057236,12.0836315,3.6317904,12.080116,-6.0910234,-7.535927,5.0971274,-2.5104458,-0.95640254,5.5873723,-0.42305243,-1.3675563,1.5189037,-1.4977146,-2.780089,-1.0191771,2.089211,-2.7265983,0.4755952,-1.715487,0.23890728,-2.3839324,0.70244515,-2.5350084,0.63835025,-3.9757385,0.448205,-1.1078598,-0.09950749,0.029147893,0.24685472,-2.4439187,-1.1045352,-2.6704302,-1.1250738,-2.2768762,-0.8675293,neutral
-625.35565,72.01761,5.088885,15.516835,13.216706,7.8912296,5.6277914,-4.701226,-4.005254,3.2904725,-0.5119905,-1.1684619,5.4317946,0.99266607,-1.5636132,-0.34613383,-0.65447044,-2.0087054,-0.274661,2.094458,-3.4366844,1.5046953,-3.8738089,0.7546509,-1.8779811,0.026765274,-2.9460554,-0.94948524,-4.1061153,0.3086513,-0.94490546,0.4289169,-1.1240501,0.58738333,-2.2456698,-1.3336217,-2.4409752,-2.9547534,-3.184487,-1.3143315,calm
-618.8065,73.12106,13.657949,19.63496,15.301437,7.068429,6.6708775,-3.1193419,-5.5597873,4.574312,-1.4385593,-1.4667382,5.9034886,-0.21107131,-0.34334,0.098255865,-0.74907553,-0.22641121,-0.74154145,1.5950458,-2.7359974,1.4193796,-3.2787857,0.7697251,-1.5474612,0.81871533,-2.1675873,0.45760706,-5.4041195,1.2713957,-0.7568795,0.41439945,-1.6045389,-0.84205043,-4.297452,-1.966546,-1.558855,-1.2870378,-2.368731,-2.3613658,calm
-603.7959,78.34403,15.96318,21.772648,11.661191,7.1985865,8.344217,-5.5386157,-4.555011,4.301223,-6.6810412,-0.40300065,2.8111281,-2.6778095,1.5574825,-2.1367211,-1.6084253,0.17191173,-1.827924,3.7992191,-5.0512996,0.79528236,-3.7706044,0.4575045,-2.9707093,0.33537304,-3.654013,-0.94858086,-4.958597,-1.5600293,-2.291099,-1.3380023,0.3210732,-0.86029994,-4.337136,-2.6983604,-2.0851448,-2.1448984,-2.919462,-2.9175532,calm
-591.316,81.5294,14.823229,18.345509,12.173777,5.4496756,8.436316,-9.089733,-7.7084413,5.7806783,-6.18066,-3.1187816,3.8264298,-2.4450357,-0.9678489,-0.45752233,-2.2196896,-1.1662488,-2.596423,0.831469,-3.3556209,1.5618161,-5.0838594,-0.114997216,-4.0434527,0.2781929,-3.6117682,0.14264497,-4.5052714,-1.2053922,-3.1021311,0.18465702,-0.8586061,-1.0223112,-3.6193519,-2.2908,-2.1813433,-2.4665499,-3.6654434,-2.9999864,calm
-585.7516,81.11908,8.170257,23.902435,18.73718,8.322137,9.032125,-10.792073,-4.4690576,5.479899,-3.0306997,-3.5707252,2.9072602,-2.4031847,0.2918491,-4.255985,-1.7191392,2.043628,-3.9211144,-0.2016577,-2.0706704,3.0824866,-5.8133545,2.403205,-2.5813227,2.4168746,-2.9279218,1.860198,-4.965512,-1.3399698,-2.560998,0.38727245,0.0668754,0.447941,-3.9615986,-2.2756252,-1.690999,-1.1093514,-4.4366293,-3.096792,calm
-645.83356,83.25439,14.213261,24.936796,14.604963,6.341408,11.762515,-1.7632998,-0.65929246,2.4881399,-1.5263633,-0.11090951,4.788745,-0.3614427,1.7138178,-0.2078691,-1.7619574,-0.21631622,-0.8079348,2.336467,-3.744328,0.7951905,-3.2637668,1.466269,-2.2694004,2.0789087,-2.7837162,-0.7828536,-3.4135656,-0.865427,-2.215568,0.42868915,-0.59664035,1.8001888,-1.7898608,-0.5865021,-2.4706733,-1.0232356,-2.6240516,-2.4404705,calm
-585.6157,76.37892,14.586858,26.682436,16.369629,8.11512,3.4105508,-9.131631,-4.684653,6.2152624,-6.166254,-3.288377,6.794982,-4.950723,-0.6109507,-1.9360169,-3.5863833,-1.492608,-2.9698565,2.936392,-4.7001896,1.0197289,-4.381532,1.1292455,-2.7182524,0.49144593,-5.4562087,-0.50881195,-6.3560143,-1.3274512,-3.098607,-0.28447846,-0.32155675,0.052715447,-4.8470087,-3.0868678,-1.2202144,-1.5214665,-4.297681,-1.5350785,calm
-655.4917,85.4317,18.71198,24.07562,12.08515,10.874846,12.197072,-1.8846908,-4.158611,5.6704054,-3.6129093,0.20577322,7.500462,-1.2216421,0.45298532,-1.6880877,-0.68794227,-1.7443768,-1.8965372,2.4264033,-3.616789,1.0933576,-2.9342782,1.6064932,-2.5558507,2.2669547,-1.906662,0.022676967,-3.6564937,-0.17865272,-1.6894919,0.16715087,-1.1706116,-0.64348125,-2.1483474,-0.7929455,-1.3199829,-0.3489277,-2.772551,-1.7544684,calm
-584.7755,69.967255,6.3440237,15.84524,10.988553,6.300182,2.5952268,-6.8963137,-5.046122,0.72703934,-2.9851737,-2.7845502,3.9628062,-1.2145116,-1.6008976,-0.8915119,-3.525613,-1.1469558,-4.795351,-0.40603665,-4.3692102,-0.32488272,-4.754498,0.27458766,-2.937471,-0.8301715,-3.1875076,-1.1882627,-4.9559298,-1.1923631,-2.1453133,1.3650427,2.157241,3.206976,1.1842496,2.7197092,2.0496373,1.4566206,1.2533385,2.4570603,happy
-561.70844,64.711426,3.3049657,15.974057,9.629127,5.6118555,2.158813,-6.4754686,-5.769943,2.8136034,-1.981196,-4.5790105,4.6622295,-2.688495,-0.047157228,0.6408998,-5.561562,-1.3622746,-3.9818754,-1.2802953,-4.574982,-1.936682,-2.8872902,-0.040418103,-3.3668704,0.21110012,-3.2685518,1.3480114,-1.2825242,1.0151391,2.218991,2.9426372,0.847224,0.9121719,0.56635934,1.3820844,1.3688902,1.2759428,0.555107,2.2284875,happy
-544.3324,61.462753,-2.5545866,13.778334,10.132534,0.36375403,4.270066,-9.782038,-9.8643055,2.0188217,-2.3940473,-4.7963314,5.530835,-3.5180163,-2.098434,-1.3447982,-2.6862915,-0.6367476,-5.099931,-1.7784889,-5.7190266,-0.02289693,-3.6230836,-1.1608694,-1.5481272,-0.7374166,-2.35955,2.234756,-3.5801604,0.2827906,0.40562952,1.8910013,0.27611738,1.2277188,-1.3969426,0.36071077,1.2118564,2.7812328,1.0373132,2.060554,happy
-538.2404,69.27794,1.367703,14.321466,6.1275806,4.7311935,2.3586617,-13.155181,-8.2885895,1.8439522,-2.3520994,-5.7429557,5.367595,-1.6201015,-3.29518,-0.36582178,-2.8294976,0.649896,-4.170694,0.4896822,-3.4205508,-1.5300653,-3.3043623,0.5055029,-2.112371,1.8886346,-3.7928267,-0.49011084,-4.907528,-2.4810922,-3.4722648,0.07841812,0.42658746,0.8104536,-1.6070151,-0.89123994,1.543265,0.4343573,-0.0060053314,1.41104,happy
-465.4,47.219116,-0.1482443,7.4082236,-0.92355126,0.06810221,-2.936951,-3.58763,-6.607375,-1.4639214,-1.2353064,-5.272029,-1.2363474,-5.011037,-2.9865487,-1.3184048,-7.8258724,0.6271825,-3.228985,-1.8808315,-0.083199486,4.0533113,1.4580582,6.790543,5.038117,7.7760143,4.681837,6.1881623,4.7977176,4.73854,5.603574,6.4279156,5.0494685,5.367895,3.7812908,4.546275,2.7406874,2.3042274,2.4057941,4.8246875,happy
-368.93445,44.16002,-4.9517045,5.854105,-0.9218095,-0.3456975,-3.4859276,-6.8314133,-7.5716248,-2.4599109,-4.046524,-6.745814,-2.233719,-6.0379515,-5.8392634,-2.4854198,-7.518933,0.34086525,-0.9520995,0.1645985,1.2007924,3.6085293,1.6181695,8.045036,5.9101057,7.3422117,2.5229015,4.875433,2.9675531,5.024355,4.3319516,4.5931892,4.5851555,6.0496573,4.606714,4.1433606,3.7555485,4.9188185,2.1120021,1.9909588,happy
-450.47433,46.880386,-5.0280585,5.6441555,-0.87793356,4.3955364,-6.138392,-10.377724,-9.436873,-1.2759252,-2.1803386,-8.638293,0.27734163,-5.4944634,-4.926962,-1.4132626,-11.039274,-1.2508507,-5.156059,-3.0892336,0.053172186,3.2943997,4.0014253,6.5055885,3.3357966,6.5685735,2.1776285,5.757003,5.1578393,3.7785833,4.1361384,5.5918045,4.9449115,5.9750094,2.1085496,3.1032405,1.8276575,2.5139737,2.4036844,3.6407244,happy
-454.9777,44.812176,-1.7015818,2.8969746,-2.1443398,2.0831077,-4.9446797,-8.27891,-9.653092,-3.8722937,-6.2747173,-7.990373,-1.4728822,-4.5479617,-5.06239,-2.8131642,-5.999154,1.9182825,-2.7913556,3.3068974,3.2904716,4.708313,3.9265718,5.3877892,5.769273,9.1987295,2.8639216,2.1273475,-0.13890082,1.5603254,0.97718143,1.9451294,1.4910564,1.9578182,-0.22023812,1.9781826,0.6755762,1.581359,1.2037581,1.7205551,happy
-571.20685,79.119064,-5.2158155,13.035667,11.62473,2.8555918,8.899664,-8.880301,-10.427029,4.222155,2.58307,-1.6122457,5.3287888,0.7937496,-1.2857963,0.31996801,1.2482891,-1.1778289,-1.6694331,-0.6958499,-3.9623625,1.489617,-3.7504807,1.6510015,-1.2197366,2.8652322,-2.3016276,2.164993,-4.3742547,-2.131174,-2.5609539,-0.12750068,-0.8832078,1.2584043,-1.9241617,-1.8610024,0.7219211,1.227348,-1.7247694,-0.89991534,sad
-569.73834,76.98978,-1.3289592,11.021296,11.495784,3.8136213,8.157197,-6.986516,-8.040605,3.743806,1.1087437,-0.7881562,6.592616,-0.19956689,-0.30543923,1.138211,0.24108112,1.3765383,-2.0099084,0.41698456,-3.3347754,1.9483984,-2.2927058,1.7340037,1.0023464,3.175025,-2.0358293,3.0747745,-4.0853286,-1.462722,-2.9840717,-1.4672406,-0.7308433,1.1584069,-1.2318581,0.047756195,0.7073798,1.5229229,-1.257078,-0.013920447,sad
-607.7754,81.12491,7.0072594,19.609037,8.830159,3.8444464,11.60333,-6.075836,-9.436756,3.062187,-3.8205106,-2.6621616,6.700803,0.14153372,-2.710362,0.3958539,-0.33072746,-0.4806387,0.6272617,0.8429652,-3.3245897,-0.09719461,-3.5700557,1.0876982,-2.043186,1.872523,-2.6247778,0.901835,-2.813785,-0.7150492,-2.3179588,0.2239462,-1.4474871,-0.17830342,-2.4428601,-1.3563745,-1.765468,0.6622907,-2.8807154,-2.19149,sad
-558.2524,74.62844,-4.3373737,15.778343,6.307724,2.562294,7.2363358,-5.8800435,-9.215781,3.7541912,-1.0383805,-3.7540197,5.751768,-1.6893699,-0.9704074,0.6807209,0.3200362,-0.74972004,-1.7161169,-0.45787606,-5.559708,1.2019749,-3.128609,1.5322642,-2.040876,2.647581,-0.5742771,2.9702241,-3.2568915,-1.0603222,-2.815556,-0.286005,-1.8747653,0.44024566,-2.5694091,-0.5965214,0.67084503,0.93930227,-1.7506112,-1.1241133,sad
-508.72656,67.887566,-9.681157,10.4903345,11.848246,3.9766629,1.7688848,-9.790089,-8.696291,8.481915,2.3592384,-2.103021,6.7690654,0.94349414,1.8101236,4.4641285,-1.1947252,1.5740768,-0.12429537,2.0567465,-0.47986105,2.501325,-2.5636885,3.7963083,1.077949,4.176696,1.7591771,3.0320728,-1.935521,0.45086583,-0.57039255,1.9987924,2.8913858,3.3675995,1.1712612,1.1225849,2.3898473,2.414241,2.8083692,3.3283541,sad
-519.6554,66.66122,-12.20266,13.190937,10.344142,-0.5779642,2.2763565,-9.8087435,-11.5594635,5.6688814,-0.09431434,-3.077165,5.2732916,-0.6339132,0.8913574,3.0036976,-2.7087371,0.39620045,-1.4150236,1.3687333,-0.92328805,2.14131,-4.4961195,1.6644888,-0.5260963,2.2855704,0.058197845,2.4387517,-2.6984499,0.38484564,-0.83076304,0.6466005,1.4793255,2.5557764,-0.13538307,-0.21768071,0.5136381,0.9506573,1.7162892,2.6097078,sad
-498.9127,66.9741,-16.788023,15.47669,6.9474044,2.5487144,0.48781297,-15.07023,-12.347507,5.151537,2.0444238,-5.260759,8.019973,1.0325288,0.28664294,6.766487,-0.9047051,-1.5966216,-0.6291043,0.37882912,-2.7249951,2.5519738,-2.741286,3.680742,2.0460155,2.622699,0.10461226,2.7478588,-2.30051,0.13123712,-1.0809448,0.4189183,1.2750623,2.2228508,-2.1024008,-1.2165694,1.5676731,0.356014,-1.8057934,-0.66428375,sad
-507.2524,61.640083,-15.69181,11.632741,7.5067897,1.2506082,-1.9991969,-14.604266,-13.469252,6.473792,-0.624907,-7.2579293,7.186002,-1.8610696,-2.4100864,5.332921,-1.6961926,-4.048248,-1.6484034,-0.57157415,-3.4245934,2.618186,-4.65117,2.6163008,0.6035228,0.54341406,0.07875671,3.0563335,-3.5251718,-0.42637047,-2.0144057,0.48089185,-0.2820861,0.019550852,-2.8206291,-0.35870445,1.1543072,0.960333,0.11612067,0.54722524,sad
-620.1914,62.71575,6.4976683,16.825233,16.186077,6.5229087,6.526993,-0.04744023,0.72614694,4.081841,0.29082444,2.2542324,6.2495356,1.0429759,0.29565743,-0.66593885,0.059805445,0.43367207,0.2438647,0.074314885,-1.1439815,0.8009627,-4.222047,0.061397813,-1.4518154,2.224825,-2.0178957,2.4981475,-1.1411772,-1.2625092,-2.0475302,-0.74105746,0.57103884,2.3452532,-0.73557925,-0.3150123,-1.1185976,-0.34466308,-2.0156398,-0.6393822,angry
-564.0787,73.33194,4.7851105,17.069061,11.182942,3.9545448,6.9427333,-3.1194017,-1.0085604,5.477923,-3.346972,0.64604634,4.7850432,-1.2347894,-0.92747307,-0.40231803,-0.9207642,-0.42577004,-0.7466943,1.8396388,-2.0696373,0.70842296,-2.874546,0.0771063,-2.3405707,0.65792215,-2.6003554,3.5686402,-1.038014,-0.01700032,-0.2890553,-0.871876,-1.7790449,1.0939826,-1.9324808,-0.23138079,-0.3423679,-1.3762019,-2.192915,-1.3436265,angry
-534.6439,62.89392,-5.539646,18.107391,10.351715,-3.01665,8.964489,-7.0514984,-7.3365197,5.02478,-5.2305694,-2.3607433,6.516406,-3.7877555,0.019269092,0.42305845,-0.7027356,-0.8439913,-0.7784747,-0.813914,-4.6163836,1.7876894,-4.2673526,1.2445334,-2.937171,1.2034115,-1.2099636,3.256253,-2.3679934,0.036366183,-1.7720938,-0.045044385,-0.8277258,1.1537561,-2.3293765,-1.0180265,-1.306451,-0.37342653,-3.0378487,-1.7485713,angry
-587.2695,65.559814,5.73861,18.930765,12.878619,4.2940364,8.022277,-9.085683,-4.6328325,5.222448,-5.014033,-1.4742099,7.184062,-1.201547,1.1995186,1.3180896,-1.7698236,0.21780184,-0.03389963,-0.8724086,-3.2627952,0.20679356,-4.3167095,0.3567055,-2.0097098,0.8981161,-2.5099258,5.156209,-3.2900558,-0.6998037,-2.495253,1.6665205,-0.5307554,0.8874087,-2.1431117,-1.4985265,-1.0815591,-0.2410523,-2.4598665,-2.0976982,angry
-426.29932,51.309406,-15.380491,12.726267,7.3804526,-2.8566592,2.8161712,-2.1169715,-9.535602,2.735887,-5.7607903,-4.45704,4.129814,-4.3189034,-2.4959934,-1.1763207,-4.991642,-1.4260343,-2.9119954,-1.4665166,-3.4083202,1.2625469,-3.172013,0.15827766,0.3286096,2.9858963,1.1039145,3.3118672,0.95754284,1.1540228,-1.3248258,1.4167655,1.9758414,1.5703981,-0.3157959,0.7859294,2.0524478,1.8159199,1.5844239,1.2896926,angry
-348.68347,50.380527,-18.027494,9.445688,3.7399619,-9.491571,0.74999154,-5.154915,-13.771272,4.6116915,-4.3345447,-5.794768,4.9327555,-5.0359735,-6.449927,0.4293381,-6.505673,-0.9545306,-2.210058,-3.6951008,-4.5554905,-0.53617746,-2.3801458,0.014134216,1.0473088,3.265881,-0.7180794,3.0088434,0.013570345,1.3325168,-0.8368351,0.84478045,4.1282125,7.5298805,5.9586754,7.9923415,5.1556745,3.4768574,1.6953174,2.1710095,angry
-424.09262,55.702427,-12.179513,9.162155,6.480149,-5.289041,2.124768,-1.2645749,-14.89746,1.7772437,-5.0070486,-5.5592055,4.1615777,-3.8400939,-2.5063066,2.4220304,-5.3060603,0.3045015,-2.767339,-1.6146287,-5.7882147,0.29219443,-3.299725,-2.1898248,-3.267414,0.46990824,-2.8075435,0.4634229,-3.2960255,-3.1110628,-2.9080498,1.2411332,2.1536913,5.5367165,4.239235,3.9427345,2.5030007,2.063515,2.8611724,4.5690055,angry
-389.62674,53.427074,-20.234097,14.245728,5.365345,-4.708467,0.091881976,-7.369125,-16.567928,2.9012516,-5.8568025,-8.305379,5.9170694,-6.080024,-5.3953285,1.4929063,-6.123591,-1.2911713,-4.263947,-1.8633556,-4.5468526,1.2308398,-3.5132263,-3.4529192,-2.22796,1.6087165,-2.470973,3.652517,-2.8753703,2.6933975,0.9005138,3.689139,5.8996,5.129914,1.1150264,2.872077,4.28437,4.1056123,3.6880918,5.0797687,angry
-532.8922,62.764652,-1.2740417,10.686552,13.703507,9.495726,3.6669178,-7.8533926,-8.533859,3.9189298,2.5143275,-3.5591776,3.890454,1.1997108,-0.1550385,3.9996092,0.38818696,1.0513326,-1.8527287,1.9344085,-1.1378791,2.130133,-2.1024888,-0.11637089,-0.30857366,3.2274194,-0.39107862,2.6645894,-2.0406885,-0.23299102,-0.31145093,1.5658627,2.9535265,3.8859262,2.42869,0.54896116,0.8099312,2.5934243,1.5479429,3.1359158,fearful
-500.80197,62.529182,-2.6096103,11.603463,9.879404,4.840754,3.352714,-5.152665,-7.8023286,5.2803607,2.7099674,-3.7349703,5.8346615,1.2322671,-0.3664312,4.0477014,-0.77205354,1.4100547,-1.052456,2.2942743,-2.4404156,0.59158254,-2.0732582,0.84421134,-0.31880987,2.5618188,0.26118347,3.1556768,-1.9121673,0.20731433,-1.4920151,0.1154274,0.5304502,2.2494006,1.7538631,1.866971,3.6608858,3.8815236,3.4627419,3.718211,fearful
-493.69675,63.330666,-8.947516,11.450761,12.554779,4.6747246,2.3597455,-8.422804,-12.256536,7.1879435,2.3348136,-3.8114586,7.897752,0.9081169,-1.6303316,5.5758324,-1.1509702,2.1777337,-0.90889,3.1573863,-1.1488603,1.7505933,-0.22411323,2.2840037,-0.36694783,3.4687471,0.32563746,5.1237707,-0.81071424,-0.8193808,-1.1342382,0.15931843,1.9218501,3.0756967,0.8596525,0.32597187,1.3104708,1.478565,0.3522709,2.3821251,fearful
-401.27274,37.627037,-6.619317,8.870669,2.4811485,3.5882204,1.0254529,-2.4642844,-7.304748,3.6750965,-0.18078707,-3.9019818,3.3441072,-0.17570613,-0.8035943,5.538774,-3.9638827,1.9097744,-0.6965298,-2.186017,-0.14113382,2.9029226,4.117602,8.003601,5.614776,8.490693,4.913776,4.808723,4.7834888,5.595518,3.466016,5.4010205,5.4755626,6.6511483,6.270919,3.4127817,2.584067,2.9996903,2.1471388,5.025656,fearful
-382.41785,36.48765,-2.9603503,8.080274,4.854993,3.1006312,1.5659181,0.029380916,-3.2221043,1.0600117,0.9632704,-2.4493527,-0.49335596,0.2748398,-2.188496,3.762567,-1.3140191,3.915271,2.6043217,0.5902135,2.2075353,5.4194183,5.3514376,8.453466,6.281744,8.517692,3.6085408,5.038028,5.788651,7.553896,5.569208,6.01107,5.6606417,6.562775,4.9813337,4.742237,3.5448341,4.527797,2.5281174,3.2139482,fearful
-399.8191,38.523876,-10.127409,7.0530453,4.4034886,0.73711735,-2.2458048,-1.9485434,-5.5045834,1.414218,1.3667821,-4.0788393,2.560355,1.0905892,-2.2823787,3.8616724,-4.1136527,2.4196305,3.313156,3.9565048,4.0739164,5.053961,2.0139008,6.121338,5.1848116,10.310638,7.7210255,8.770368,5.8097425,5.8958406,3.7711763,4.6774273,3.792318,4.4381456,3.112615,4.5841994,4.2650084,5.664655,5.921725,5.310123,fearful
-419.27585,40.035522,-7.7627563,5.351548,2.8215141,3.0245454,-2.5329838,-3.3335109,-8.673121,1.7370603,1.186469,-4.7437773,2.0124328,-1.5088769,-3.2870672,2.9903045,-5.68728,-0.18498723,1.5629573,1.4365362,3.6795866,4.888453,4.427862,5.0490203,3.4023767,7.687997,5.7861843,8.624248,5.3748355,6.4372063,5.422404,5.2244024,6.1813936,5.1602545,2.789618,2.213832,3.328418,4.2625527,3.116675,3.429363,fearful
-389.73657,36.48952,-10.498124,6.9392815,4.0192394,4.563837,-4.332593,-2.4616318,-6.8640776,-1.1211379,2.7742698,-4.652648,2.6635907,0.55155075,-2.1615188,4.979943,-4.4168773,4.9139137,3.2176373,3.3630269,6.0323086,7.019507,3.39768,5.92837,1.0710497,4.42035,3.6375859,5.8731537,2.111439,3.1179335,2.9284198,6.7869797,5.0227714,6.461857,2.8208702,4.137021,4.3164206,4.728436,2.8489172,4.342072,fearful
-562.9952,65.495056,3.233175,18.035513,7.8251767,3.1742897,2.6658278,-1.8470149,-5.2714553,4.0272803,-2.2683332,-1.4395176,2.7513888,-1.3328006,-1.6318958,1.069724,-0.6250812,-4.092498,-0.0719395,0.23561613,-4.293164,0.24413623,-3.2021856,0.44020328,-1.4591537,1.5737005,-1.2223029,3.16945,-3.1784334,-0.5250479,-1.1521659,1.4657999,-0.7519995,1.2360592,-2.2017605,-0.46591347,-0.5855782,-0.58038706,-0.8180103,-0.2984584,disgust
-581.55365,71.18482,11.751801,19.35659,11.574746,4.939305,4.24105,0.10567573,-4.79159,3.2568402,-1.9210433,-1.7560899,4.1163507,2.2981756,-0.12978657,-0.1738697,0.19489253,-0.2757809,-0.48031616,0.8839523,-2.2830412,0.14926745,-1.25884,-0.48023108,-0.9537185,1.6668912,-1.7584506,1.1545613,-1.7194855,0.6697535,-0.26001492,1.9214015,-0.10325558,1.8824502,0.087925196,1.595954,0.5453468,1.0888592,0.017729158,0.98312,disgust
-555.4771,55.59028,5.6350193,15.100389,9.624613,4.617041,3.9462101,-5.1084914,-5.7041035,5.1354256,-3.9150128,-3.3597383,4.1779833,-0.9022665,-1.7227023,0.16029212,-1.3557081,-0.64060783,0.39657116,-0.12456685,-3.4930954,-1.1226107,-3.3469048,-1.2552991,-1.8986909,1.2362868,-1.618336,1.0585216,-1.4132372,-0.24467768,-2.6056073,0.07562385,-1.6103219,-0.16154623,-2.261005,-1.4726684,-1.5553589,-2.962376,-3.0633712,-2.0675075,disgust
-575.0457,67.21571,4.588475,15.484315,7.721847,10.722249,10.101838,-6.715651,-7.015226,9.25489,-3.4949965,-2.208213,5.538722,-1.5087681,-0.2511866,0.44516686,0.4744528,1.5480385,1.1071619,-1.5678258,-4.9968953,0.87580466,-3.2718928,1.1701906,-1.304614,2.9998026,-1.7295798,2.7722907,-3.5162947,-0.8090032,-2.7611759,0.4350221,-0.2463905,0.013796865,-0.69856364,-0.95851785,-0.92273706,-0.7567384,-1.8773333,0.9495995,disgust
-485.6151,52.514256,7.535357,10.455655,3.8377573,3.970975,-6.5955763,-3.8535864,-6.286147,4.7643247,-8.210118,-1.5630993,1.7962838,-2.256956,0.29748926,-2.464527,-4.29861,-2.1058433,-1.010673,0.33109888,-3.730044,2.701887,-2.0981343,4.2226024,0.6811538,3.6447103,2.8588936,3.37945,2.8201632,2.1104882,1.6838423,3.177653,2.0274935,3.944935,-0.6131229,1.4570554,0.525038,1.9017254,0.9992838,1.7580602,disgust
-484.4307,59.21984,6.731171,9.551363,5.762915,3.2748609,-8.098755,-5.295344,-8.129699,3.7848887,-9.03775,-3.8986793,1.761999,-4.541678,-3.0186965,-4.3560276,-4.3947997,-3.9480116,-1.3962191,-1.0242248,-4.545841,2.7033763,-1.319069,1.6802171,0.8362141,3.6442838,0.60775137,2.538104,1.2030392,0.16840433,0.38080502,3.3305993,1.2857397,2.0114012,-1.2806077,0.06590153,-0.27791348,1.1172767,0.30733314,0.79865104,disgust
-455.378,46.65694,5.825424,8.464293,2.6341782,8.1676855,-8.032219,-7.114212,-11.465175,7.055901,-6.395947,-4.194347,2.03001,-2.3450844,-4.1252003,-2.9262648,-4.0387006,-3.4673152,-0.93910134,-1.6739962,-7.4346943,4.3035536,-2.4948943,0.21257809,0.6676366,2.0259633,-0.26985428,2.5202804,-2.516762,0.72861046,-0.68911344,3.0916598,2.8548632,3.7614875,-1.271148,0.77241045,-1.3314655,1.4705435,0.8785115,0.564394,disgust
-470.6237,52.416637,12.215627,11.126637,1.9121748,4.608682,-7.070731,-10.0993185,-11.657305,4.0183473,-8.376133,-7.0631638,0.96386576,-6.6154666,-2.641999,-5.2805166,-5.043011,-6.4534287,-3.276549,-4.122673,-9.490816,-0.6359647,-6.932217,-2.1871712,-2.7004445,3.3156152,2.7549467,5.009538,2.0306356,4.4123034,2.1608498,2.7895055,1.4563396,3.1691072,-1.1657425,1.3104254,0.7476998,1.4106026,-1.6497488,0.13728385,disgust
-534.0871,50.38329,-3.046452,8.251171,5.704419,2.9473298,0.35629594,-6.039354,-6.833604,-0.99097484,-2.4163036,-6.70737,1.1943151,-0.0015771351,-2.3699262,0.23828223,-2.2510223,-0.6913056,-1.8552811,1.0313526,0.072400235,2.897341,2.1843448,6.8773537,4.1978273,7.608392,2.4756684,5.3187323,1.1181616,1.6140101,0.8322654,2.4243488,2.2238822,3.653813,0.08967201,1.3307754,1.3342855,1.377353,-0.56648874,0.09457439,surprised
-526.06836,52.87648,6.661051,14.213304,5.0430503,6.977785,5.2610183,-2.0039124,-3.5251338,2.4606857,0.120039426,-1.551409,3.25702,-2.024759,-0.55642396,0.7430317,-5.571041,1.4768088,-1.8241763,-1.566667,-1.2314465,2.1430833,1.5468322,4.3430147,4.0817366,8.013389,3.3767824,6.9708357,2.882134,2.7141395,1.4318553,3.044366,2.4185295,4.8499813,1.2488711,2.7799857,2.9702582,3.595912,2.0875437,4.1388774,surprised
-522.62506,45.142254,5.795798,12.869261,0.9787918,8.7924385,0.40453807,-9.062795,-7.786858,1.56386,-3.283861,-7.4809275,-1.040638,-3.7891743,-4.352972,-3.028812,-5.6420293,-1.6482838,-2.4660132,-2.6518815,-2.3666587,1.8497727,0.34245446,2.562333,1.6594057,4.4068394,0.4167739,5.4643106,1.1997528,2.267364,-0.36999616,1.3189673,2.0199885,3.1723664,0.8242606,1.6816852,0.7232119,-0.45352185,-0.50109714,0.57877487,surprised
-548.22504,58.520443,8.765803,13.970714,4.3274903,8.636291,4.5445337,-4.251871,-6.37694,3.7222092,-0.42160088,-2.955888,1.8233649,-0.9253679,-1.305413,0.038509294,-3.7552397,-1.1701801,-0.8012311,-2.3804572,-3.7617822,-0.18965712,-3.582994,-1.166006,-1.4281704,4.4907684,1.043228,4.9487615,2.2257285,3.2403007,1.2893866,4.132021,3.0852034,4.000424,0.68161935,0.75411385,1.8750072,0.8505438,0.49985766,1.1378758,surprised
-473.20273,41.676624,3.7915945,14.034582,3.389971,3.9473674,3.6608853,1.1650785,-1.7580216,0.7120906,0.4231591,-3.2000608,-1.9961739,-1.4457126,-1.8092555,1.3205101,-3.2072039,-0.9068601,-1.051827,-1.6668129,-1.2660503,2.9981139,0.39979953,3.4666338,1.0728006,5.68961,0.9275375,6.5657935,5.0942926,6.785981,2.389814,5.551668,4.2694945,5.499847,5.059862,5.709558,3.5674405,4.620404,3.1752684,4.349497,surprised
-450.726,44.930805,2.7296932,11.642731,4.944166,6.9147415,2.3862457,-1.8977278,-2.984441,2.4727798,1.2476478,-3.0508065,1.6101288,-0.610551,-2.164446,-0.48297688,-2.401961,1.538791,-1.0338416,-3.2251554,1.4594997,2.8177848,2.0045395,5.6207447,5.837804,8.007071,2.9620914,6.496649,3.8591568,3.445777,0.9077311,4.623571,2.8817883,4.027305,1.586254,3.3899076,2.9519503,4.0138407,2.0101569,4.0518603,surprised
-426.00018,39.162704,5.659866,10.365579,-1.9309605,2.6098945,0.36177087,0.9685839,-5.2443466,0.61300826,-0.8331925,-4.7235565,-2.1402428,-2.8091497,-4.370261,-0.8973814,-4.9083776,0.13129607,2.1352446,-0.49351367,-0.46753472,4.993248,2.1772711,5.5103235,4.915429,7.4312925,3.2348328,5.553089,3.2039165,4.957865,2.7307456,3.877835,2.5577712,3.6468556,4.2399006,6.768659,3.6471646,4.2813387,3.1556146,4.6922855,surprised
-432.66473,38.152733,5.280734,7.8900466,-1.282407,3.8362384,-1.2327873,1.113288,-5.7627025,-0.47043198,0.088072084,-4.445013,-1.6090087,-2.1312342,-4.4853244,-1.5696546,-5.5317802,-1.3645076,0.6119269,-2.5728383,-2.4050272,4.0736327,1.3575118,5.3697705,4.2272573,8.303151,3.907076,6.740952,3.0064619,5.277898,2.2911046,4.048837,3.791502,4.501287,3.165777,3.6336207,1.9956336,2.2706227,2.390406,4.1884775,surprised
-720.24023,63.788116,7.2380753,11.817972,0.5425239,-6.287018,-2.04737,-16.302992,-8.071613,-2.008451,-1.3732169,-6.5689526,-6.651808,2.8715959,-4.9259124,-7.4125166,-5.1175127,-2.840098,-4.7913313,-7.1202364,-3.1506305,-2.251699,-7.669043,-2.124243,-3.7679145,-4.59896,-4.7998247,-0.9405532,-4.328286,-1.3846941,-3.8008082,-1.5416132,-4.5906878,-1.4864829,-1.9599218,1.867107,4.137653,9.481064,11.760678,13.062428,neutral
-709.0264,66.00475,7.1845403,9.04578,0.03318188,-5.425265,-1.962279,-16.67498,-6.2025266,-3.2425075,-2.063291,-6.681844,-7.8892145,2.0456517,-3.3533092,-8.966629,-4.661823,-2.882719,-3.9835582,-6.885714,-4.7203064,-3.7967422,-9.482254,-3.5807498,-4.555303,-4.373984,-4.832046,-1.3676385,-5.2449884,-0.69433314,-5.0503736,-2.1126473,-3.6204467,0.16684523,-1.235755,3.3082173,3.6210573,6.6789217,6.92954,8.800593,neutral
-729.48596,56.216267,14.79887,7.531086,-4.071618,-3.966727,1.6036978,-15.274532,-8.4195,-2.3677049,-3.5424466,-3.5539894,-7.714949,-0.1996934,-1.6890743,-7.3976707,-5.13229,-2.7450736,-5.1313505,-7.996442,-5.969289,-3.5388794,-9.145455,-3.2284698,-4.016978,-5.064905,-3.8213906,-0.76063067,-6.307578,-2.389948,-5.7346773,-1.1815118,0.41815013,6.783654,6.441938,8.3637,4.846943,3.200686,1.3453169,1.9411967,neutral
-730.9988,67.73867,6.3337927,6.863402,-2.917935,-3.0057163,-3.4676042,-15.972898,-9.264879,-0.15336931,-2.4997478,-5.264674,-3.7016063,0.17324015,-4.361807,-7.9432907,-5.2623463,-2.4003563,-6.1845455,-5.8595877,-5.128175,-2.4860458,-8.216349,-3.0262465,-3.5709343,-4.663892,-5.7319937,-2.0314255,-4.223481,-3.250531,-4.9052176,-1.9466196,-5.9701586,-1.4955131,-0.98163486,3.4359012,5.0630713,8.796415,7.5530205,6.425102,neutral
-662.7701,53.582634,4.0725465,10.511382,-0.31373626,-6.37091,-0.7353878,-14.997062,-7.076962,-4.495675,-4.196101,-6.244514,-4.8903418,-0.91491944,-4.5455365,-7.5874996,-6.429337,-5.465597,-6.892144,-6.071643,-6.040568,-5.677294,-5.9999495,-3.0123525,-6.546315,-4.381871,-4.0680256,-1.969892,-1.9659059,4.4025187,0.5359334,6.5309114,3.1915894,4.205039,0.91209257,3.794879,2.7515154,4.0412083,2.0844502,1.2279975,calm
-674.31946,60.440353,-0.26197633,13.112782,0.86502004,-5.938116,1.2715579,-16.040295,-5.266068,-3.8932347,-2.3940978,-7.051045,-6.8866315,1.599792,-5.6415753,-7.2903934,-7.0936446,-4.8208847,-5.2682,-8.256982,-5.4278955,-6.563895,-7.2765183,-3.6983063,-6.4828877,-4.6979117,-5.3552084,-2.429804,-3.9388554,2.43477,-2.9988375,3.336058,1.2959198,4.221089,-0.07736679,2.3071873,-0.3269783,1.767013,3.2162237,5.0588894,calm
-652.3738,60.29998,10.724948,6.4654107,2.735696,-1.9365431,-1.9225572,-14.835036,-6.120198,-6.676253,-5.223774,-5.847749,-7.5625424,-1.515055,-6.417749,-6.377108,-5.903859,-7.8175073,-7.959085,-5.826977,-7.707698,-6.7827244,-8.359144,-5.0799236,-7.538681,-6.436639,-6.2323112,-2.5297058,-2.2639987,5.108523,1.0003226,5.385186,0.31287113,0.63997144,-0.8909361,3.1122553,4.529373,5.787999,3.635652,3.3231416,calm
-654.1827,55.423164,12.060658,5.1678886,4.178791,-3.4635193,-0.29515204,-14.913718,-7.0407033,-5.1037354,-5.611186,-4.9000506,-6.88622,-0.5899313,-4.872135,-6.198154,-5.3989034,-6.9653316,-7.3997946,-6.5154033,-7.4791327,-5.2607937,-6.942188,-3.9972055,-6.5498557,-4.3277946,-4.9232492,-2.122921,-3.192061,2.5247588,-1.0290946,3.9625607,3.2590494,3.5218952,1.0643668,1.9943981,-0.32749188,1.4894909,2.7211628,4.455994,calm
-676.3976,51.687653,3.5047107,12.46125,-0.58347875,-6.3300743,0.8491887,-16.102125,-7.66956,-5.3154583,-5.9158783,-6.0573893,-8.026608,-0.8240923,-6.285848,-6.6161003,-6.2959576,-6.3577423,-6.1875424,-4.811363,-6.985182,-6.6640806,-6.9194813,-4.0840607,-6.551431,-3.3186128,-6.4310317,-2.4582107,-4.7030873,1.0120789,-2.1261334,5.652407,4.8121085,7.652339,5.5820065,6.2769456,3.6302233,4.191344,3.7791312,3.4150658,calm
-678.0412,58.87234,8.390186,14.766126,2.1334305,-6.2364836,0.55223227,-13.60569,-7.531218,-3.8062007,-4.561049,-5.4149895,-6.456594,0.28450075,-4.6416845,-7.029764,-5.704869,-6.1833553,-5.21951,-5.253642,-7.463632,-6.8656197,-8.496115,-4.3957233,-7.0177693,-3.4222302,-5.864364,-0.9809931,-6.775294,0.7774032,-5.297759,2.1616707,1.6893446,4.5801477,2.8202343,2.5217266,0.23176411,0.11922411,2.2133427,4.493934,calm
-669.04065,54.141487,9.763622,7.5936637,3.426486,-3.4015644,-0.8116192,-15.377049,-5.636622,-4.5312877,-3.8464003,-5.540604,-8.7036,-0.4816171,-5.7434635,-8.188876,-5.841199,-7.300707,-5.3423314,-5.912465,-8.125686,-6.3600845,-7.9732685,-4.805504,-7.8081646,-4.375895,-6.199811,-3.6104455,-5.4652553,-0.7378814,-5.6666026,2.8037648,2.3209481,6.77128,6.571846,7.9519634,3.7640405,2.8864057,1.2182274,2.5595353,calm
-664.11176,52.63099,7.872652,3.3723671,2.743555,-4.6705527,-0.14611723,-15.935566,-5.580484,-6.107286,-6.196993,-5.927645,-8.0673,-0.4752077,-3.803632,-5.872685,-6.418995,-6.5658364,-6.5617394,-5.329799,-6.862729,-7.2727585,-7.7897825,-3.2939384,-6.4210334,-4.636215,-5.593346,-3.4387372,-5.4979906,0.7301868,-3.0316947,4.187283,3.135362,5.761928,2.6242282,3.5943496,1.1602602,3.7727652,3.498156,5.477141,calm
-596.94025,52.479797,-12.299597,2.4279776,-0.774883,-7.686126,-3.5826855,-17.2347,-8.838404,-6.983059,-6.7337003,-6.252619,-7.6627197,-2.4194481,-4.6372094,-9.356957,-8.315407,-6.207453,-6.093193,-5.527755,-3.3142648,-3.077295,-0.84788996,2.6205223,-1.1797242,1.1996926,-0.60691077,2.3196032,3.741919,4.252941,0.6845268,2.7955694,1.2634901,3.221873,0.8840136,0.5776974,-1.6667347,0.40916052,-0.4767648,1.1232527,happy
-596.2893,49.479134,-16.378761,5.5469418,-0.59661555,-11.332636,-8.887612,-20.408855,-7.2064776,-1.4171548,-6.01973,-8.812622,-7.357483,0.5539491,-5.082328,-8.690447,-4.8368974,-5.2382865,-6.469996,-4.0158935,-4.9398065,-5.28034,-1.0183761,7.583009,6.540164,9.268229,5.7474008,3.946485,2.4079762,1.461682,-0.50968367,2.984943,0.3291579,1.6819652,1.0930699,3.2492971,0.34763435,-0.11346866,-3.1696846,-0.5883864,happy
-636.70953,57.949913,-8.154893,6.409266,0.6422056,-5.8999033,-5.440924,-18.63315,-8.484975,-5.7940183,-6.593291,-6.1768394,-8.2344,-0.20188001,-4.492403,-9.547833,-7.2958407,-5.3480773,-8.27944,-8.2939625,-5.3758197,-5.82074,-5.787344,-1.4125592,-4.371536,-2.025111,-0.24877353,2.3851395,0.8471037,3.9865572,-1.9195464,1.0983272,-0.01643732,4.2033825,2.4666638,4.6756186,3.0184076,2.029282,1.6139853,2.4515736,happy
-615.70544,49.244762,-4.8161845,5.143893,-1.8092211,-12.34781,-6.8674417,-17.349827,-8.650225,-5.49701,-7.633623,-8.572113,-8.723642,-2.3002822,-6.1029696,-9.382634,-7.194982,-6.8683434,-7.357809,-7.60757,-5.9512367,-2.9623775,-0.8080524,3.3011267,0.17817758,4.543502,1.8275508,3.8505392,4.216331,6.0074615,1.0430409,2.121432,-2.2756426,-0.03237924,-0.5998398,1.752816,-0.06768505,-0.48150805,-1.469557,-1.1957128,happy
-383.50528,13.932189,-28.88544,-9.219995,-9.089458,-11.055592,-7.8235383,-8.737399,-15.583196,-2.208302,-9.540801,-5.140099,2.2647753,12.743107,14.762701,13.72509,5.1762037,1.7761667,-0.95406294,2.1877973,0.42222285,-5.1234202,-8.769107,0.75923955,-0.54552776,4.199667,0.7274303,4.3578963,3.0739422,1.5914724,-3.6632633,1.5029718,0.3320876,-0.56860244,-0.65419453,0.21078415,0.16320503,1.7871145,1.8061913,0.8370996,happy
-391.61484,26.278147,-28.07622,-4.6275496,-8.005108,-9.583848,-8.82168,-9.616782,-14.294384,-1.3318244,-10.851838,-6.8514752,1.9671885,11.872206,8.884773,11.486373,6.8051944,4.9488688,-0.7856118,2.1087766,0.6400477,0.48028758,-6.802263,-1.296082,-1.4400623,4.865776,0.6441763,3.6478035,2.6566484,2.0120938,-1.4648672,2.1892478,-0.5315442,2.5969114,-0.6033864,-0.4593997,-0.05609647,1.5314512,-0.134456,0.18185008,happy
-417.2286,20.214848,-41.977238,-4.6394324,-7.746773,-16.897718,-15.533029,-14.11706,-16.676258,2.1486123,-9.019935,-10.322612,2.2909749,8.566526,7.5043616,13.7583,10.757901,8.142957,-3.2040675,-3.252156,-0.6910472,-0.6352566,-5.5369515,-0.48063672,-6.597946,1.4804311,0.6506791,1.5485842,-0.41484094,5.955625,1.7681843,3.0401323,-1.739053,2.4839683,-0.063687794,1.9179528,1.3459347,0.35686222,-2.1489222,-0.24378891,happy
-377.88782,10.226136,-32.2182,-10.210108,-10.065753,-13.270216,-11.030256,-11.902324,-13.149811,0.41642514,-10.80343,-5.7081532,0.07627088,10.065409,13.446823,16.182535,10.862929,3.2240217,-2.3166664,-1.9161985,-5.5607667,-5.290613,-7.4102244,1.4187146,-3.116352,3.0228584,1.5776169,4.1075916,0.1600485,-1.566277,-3.8563015,4.490897,1.830665,0.07400835,0.84288764,2.859169,-2.7665987,0.89274186,2.3564444,0.77876025,happy
-612.25916,61.88151,-10.10907,1.6775703,-0.14190803,-13.702703,0.5302629,-14.2297735,-14.669411,-3.576217,-3.7277634,-8.082973,-4.1866636,-6.4759445,-4.6388907,-5.834954,-6.979159,-4.3193955,-5.5500946,-8.242518,-3.8626118,-1.8711582,-4.2445946,3.34694,2.0034158,7.0586157,5.3270755,4.2834,2.995923,3.579011,4.8819537,4.9417496,1.9286886,2.2840478,-1.2062552,1.3879358,1.032523,1.0579407,-4.1619525,-3.6222258,sad
-622.9905,60.40905,-6.5769944,-1.2888153,-6.045607,-9.682626,0.32366076,-13.802723,-15.2242775,-2.3506827,-4.7944393,-9.983541,-4.384352,-6.209709,-4.851798,-5.730581,-6.1287756,-5.226522,-4.303652,-6.8718,-4.041222,-0.099126846,-4.8047466,2.9859078,0.21004732,4.5314884,1.9195298,5.039023,2.419325,5.5066423,3.931572,3.6924906,0.6986056,1.606159,0.24450672,3.5114052,1.3486131,2.2127879,-1.4294302,-0.48893985,sad
-668.003,53.72779,9.435968,1.665297,-3.3997843,-5.772151,1.275022,-16.38788,-9.255962,-4.348842,-6.7633677,-6.162796,-8.067657,-0.9330455,-5.391345,-7.4953666,-5.47226,-6.184504,-6.5858493,-7.436815,-6.1008134,-4.18049,-8.900807,-3.6905396,-4.6159706,-5.3063283,-4.701897,-0.6326091,-4.057718,2.437337,1.5136442,5.861976,4.0690293,6.5787587,3.6050954,5.3863983,6.0827575,5.889746,4.21508,2.7666311,sad
-646.056,59.06975,5.2918262,-0.03487502,-2.7163794,-6.063514,-0.030434946,-17.069153,-13.04667,-2.8295383,-7.3705773,-5.0940733,-6.9075847,-4.262824,-3.2072387,-8.146689,-5.5837917,-6.5393686,-5.919168,-8.389683,-6.27337,-5.0416226,-8.264554,-4.581021,-5.9687986,-4.8470235,-4.761962,1.6885892,0.19867107,6.250985,4.9252176,6.5201616,5.5575824,6.3371425,5.702512,6.1681323,4.7876277,1.2467593,0.13326885,1.7704626,sad
-467.2255,35.763836,-37.400204,-9.952671,-16.620823,-16.725769,-13.808838,-18.571163,-23.000425,-7.196737,-0.64893377,-12.782825,5.2727504,7.989597,4.6718903,8.0021925,2.5151834,6.6062,4.4507084,6.0219707,-0.14727432,-0.6655567,-13.145078,-0.023001377,-3.116101,-0.6703902,-6.2834873,-0.81887674,0.42088887,1.4594676,-6.9943023,-5.3170376,0.48616567,1.2512549,-0.06790842,2.279648,0.29577777,1.4443018,-2.5578337,1.4156213,sad
-450.70703,36.259308,-32.045452,-5.4628,-13.701172,-18.851173,-15.925574,-20.546793,-23.465069,-6.4983425,-1.5699077,-15.064424,0.012807876,1.2721609,-0.8750138,5.4757767,3.1294105,7.3114715,5.8166966,7.1083713,6.8252516,4.872274,-7.3663464,0.09065916,-4.125247,-1.1555196,-4.1009398,-1.838324,-3.5712152,1.8345635,-1.7679212,-3.9787235,-3.4466376,-0.7747215,0.26712066,1.8246533,1.4881365,2.4053452,-1.7507644,-1.415532,sad
-444.09628,48.46134,-32.699474,-11.969019,-7.2091093,-25.266327,-17.504196,-24.271807,-26.96262,-3.3957043,-1.1540408,-18.389502,-3.0753508,-2.6111124,-8.336241,-2.186287,-6.156026,2.3824275,3.7386959,10.262534,10.730331,17.225477,3.154711,5.180019,-6.126148,-5.0021896,-4.496428,1.163394,-0.10822073,-0.7427294,-5.876858,-3.0932975,-1.8181458,0.16818474,-1.6902145,-2.626563,-2.548327,2.3542314,-2.5490952,-0.33420444,sad
-457.73868,35.269634,-30.752375,-9.052019,-7.799781,-22.752323,-16.158154,-16.412512,-26.67265,-2.3647335,-3.031338,-17.579082,1.6760521,-4.987896,-4.599272,-2.352385,-3.6383693,1.1350281,4.62004,9.027035,11.489775,13.962479,-0.586885,3.474802,-3.772143,-2.8211224,-2.2546654,3.1355422,-3.0952501,2.893689,-7.3163123,-3.0338376,-2.6942008,-2.2474706,-3.1854568,0.885504,-1.069621,1.9774734,-2.002358,0.7360724,sad
-499.36346,61.32091,-28.566412,-0.4392139,-11.797357,-14.282424,-5.818809,-18.769062,-18.885437,-0.559242,-5.8725057,-7.7521005,-5.1854258,-7.506469,-4.8727655,-10.606193,-9.429537,-4.280278,-6.6224036,-3.649257,0.17578325,1.480716,0.5721649,1.4117209,-2.3572254,-3.3042367,-4.372112,-0.139128,-0.4682798,3.8176804,0.08565389,3.2635279,4.0452213,4.865235,2.7324574,2.6512325,0.016320683,-0.74217993,-1.4126486,1.1314633,angry
-481.38705,66.75214,-19.549145,3.8230135,-14.405367,-8.205631,1.8827205,-19.1167,-18.839863,-3.762531,-6.0396795,-5.930639,-6.844101,-7.0314856,-4.1871953,-6.2754903,-12.121611,-8.314213,-5.5258646,-5.8285074,-4.0430574,-4.175346,-2.9456534,0.6287649,-2.8421667,0.5020369,-1.6358347,1.9774952,-0.21706942,2.3746,-0.4807497,6.63359,2.817545,5.120936,1.9689556,4.5401464,1.3062987,1.3827976,-0.59503704,1.566553,angry
-515.84186,45.69381,-12.356077,-1.748569,-9.250028,-10.701275,-4.8391147,-15.738835,-17.737833,-4.63885,-6.2671857,-6.411854,-6.941853,-6.400234,-4.76048,-7.989805,-6.257394,-4.6028743,-5.139136,-3.900477,-2.3228633,-2.7736783,-3.3252325,0.039830133,1.9016948,4.403029,3.7027762,4.7197495,1.6882573,3.467971,-1.2548561,-0.06662298,-1.3948939,1.3858953,1.0956602,2.5792668,1.0172911,0.37477964,-1.1485382,-0.16704999,angry
-531.7609,53.689167,-17.460512,-3.9680254,-10.322915,-12.257403,-4.040047,-15.2826605,-17.364063,-6.0309343,-5.195794,-8.140788,-7.3616266,-5.8837624,-4.5404496,-9.019715,-6.1337714,-6.729181,-4.5253935,-1.8661606,0.60837287,2.069624,0.16622901,-0.9011136,-1.4497564,0.026701707,0.865871,5.583796,0.9451364,5.6127586,2.4154842,3.7447336,0.53359866,-0.5610018,-1.9850374,2.307129,0.9208068,0.3322298,-2.5672872,-0.20605654,angry
-362.13962,3.878334,-38.45089,-5.7828126,-18.705658,-11.943297,-7.7621293,-5.7480125,-14.08372,-6.665329,-7.0480123,-8.74837,2.177625,5.9030995,14.945697,10.5874,4.7044425,-4.8993964,-7.5298734,-2.5182424,1.3971319,3.747897,-5.7067747,-5.381375,-3.498389,2.9440506,-1.7363063,-0.1451676,3.1403058,6.1248417,-2.4520817,-1.1101036,-2.1604605,0.90319926,-1.7365997,0.16728827,-2.0000312,1.3008525,-1.1623497,1.5799118,angry
-341.95438,-6.5305967,-40.736446,-8.819789,-21.04656,-5.2545147,-8.522354,-5.9372425,-11.914268,-8.117786,-7.090325,-1.0116757,12.229345,16.011097,15.808571,-0.011651963,-6.514198,-8.892079,-4.721863,3.8654583,-3.5009449,-5.0543118,-5.312693,4.9960375,2.829699,0.9768042,1.4572926,3.2132344,-0.48028305,-1.0238105,-4.229995,1.817788,-1.7551231,-1.920802,-0.0950558,2.780665,0.79661185,1.4195563,-0.14810298,2.080547,angry
-343.42502,-4.997642,-40.432503,-12.123798,-20.862703,-9.0071125,-10.345866,-7.4184117,-12.836838,-4.465366,-10.924213,-10.221325,5.2468395,10.817145,17.536558,8.81329,-1.2729728,-9.0357685,-5.5110016,4.366668,-0.43950677,-3.337088,-9.858293,0.94872046,4.950441,1.8041904,-2.5566301,5.5393424,6.103394,0.1404372,-9.758377,-1.1036371,2.7160306,-1.2077701,-3.4267862,1.4557427,-1.8678446,-2.2693026,1.5049675,6.4500694,angry
-313.46646,-1.8961121,-45.23497,-15.804744,-24.788406,-6.284453,-8.169804,-8.179439,-12.529685,-6.267662,-11.220401,-8.242172,4.103189,12.541908,18.668623,11.764421,-2.1820745,-8.639356,-4.0101776,4.215567,0.42024425,-1.60056,-11.63997,-1.9807119,2.0875504,2.2653568,0.06835245,2.4217083,3.3855915,4.780195,-5.9576025,-2.25398,0.49052417,0.10435861,-2.1332037,1.4315959,2.4951036,2.3862274,-1.0129794,3.3877428,angry
-545.17523,51.207394,-14.51412,-8.721262,-5.2032905,-10.866519,-3.5034482,-16.747496,-12.667609,-0.77227485,-3.7389781,-10.180001,-1.7873907,-5.3619967,-2.9497933,-6.063939,-10.552583,-5.6015983,-4.867494,-5.341478,3.3232927,5.147439,5.1523366,13.450689,5.7412014,6.9553323,2.0950804,2.611033,0.54748905,4.908102,-0.57587117,1.3622743,-2.343197,-1.32877,-0.4169311,0.15088762,1.0867584,-0.10946651,-2.65125,-0.7172687,fearful
-571.0446,45.59889,-13.997281,-3.7586384,-1.731601,-9.316617,-4.196018,-12.35863,-12.507927,-6.0344024,-0.8816959,-10.618854,-0.20027284,-5.2109704,-2.656602,-5.234599,-10.681834,-4.2214293,-5.8723254,-4.2380157,0.3789956,5.290093,2.891479,11.987075,7.075323,7.6800485,4.1622334,4.9045167,0.85788,1.685185,-3.8778572,-0.38548532,-0.9554114,-0.0429661,-0.92718637,-1.408005,-1.309098,0.1744283,-3.1308815,-2.297629,fearful
-570.52814,45.281013,-1.5051045,-2.2028959,-0.9281119,-5.792457,0.18326783,-14.378805,-11.776612,-1.3474602,-4.2320366,-7.6787977,-0.7441416,-4.3170414,-0.8452052,-4.612198,-7.954947,-4.2987547,-5.712639,-5.9590464,-3.040577,-4.009635,-3.8345773,3.0535083,2.940466,9.419114,7.538106,8.787916,6.17804,6.2721295,0.709567,3.8737342,-1.0894234,2.2114232,-0.066901416,2.6436677,1.6695746,0.06845531,-2.9277008,-1.9340684,fearful
-546.6487,54.71831,-9.116855,-4.7173347,-1.2989248,-9.818577,1.0007896,-15.702929,-11.249676,-1.1204234,-4.9850674,-8.518133,0.027868025,-4.5364995,-1.5104344,-5.3667097,-11.342098,-4.29163,-5.333337,-2.810086,1.0869246,-1.1297863,-1.3349799,3.9258711,1.8048223,7.425773,5.6476765,9.158491,7.1829042,8.075408,-0.16512659,2.27948,-0.85606724,2.352818,1.9279864,0.6430389,-0.22405903,1.0150243,0.7507622,0.44465604,fearful
-447.03372,30.767841,-29.097792,-9.836405,-9.563308,-13.108776,-8.317015,-10.637915,-20.402704,0.6976398,-1.5960829,-12.803429,-1.6953745,-3.4762347,-3.5359633,0.5685481,3.82868,8.686371,10.080239,7.7349815,7.0862007,5.0018,-6.5092745,2.2726116,-2.9550486,-1.6984801,-2.0037227,-2.2101643,-4.54661,1.1676248,-1.1549453,-0.027211234,-4.8135695,1.5756783,-0.18950348,2.063816,0.6207874,1.2040038,-0.8960907,-0.35781962,fearful
-409.36996,34.269463,-31.106445,-8.7594185,-9.01701,-12.454824,-8.974317,-12.308076,-19.699669,0.7293436,0.1034472,-11.014712,-1.7664025,0.609849,-4.158974,-0.21027245,0.5833103,11.524486,16.641481,12.893613,8.53839,-0.08795013,-8.590911,2.8030255,-0.59848535,-0.6159255,-5.6674247,-1.3211336,-4.2915134,2.2376149,-3.7942734,-2.4170775,-4.5550284,1.6009251,2.114682,1.7709183,0.2804914,2.2184038,1.5105786,0.49730167,fearful
-467.61194,31.28505,-17.47709,-7.324313,-5.1494193,-10.217956,-10.523033,-15.639385,-16.446884,1.4265813,-4.163847,-11.389481,-2.1237204,-5.5983133,-7.8855824,-4.2468925,-1.1462227,7.4847198,9.333196,12.744017,7.9296923,5.3122344,-1.8528038,2.5083055,-1.3343847,0.17280702,-4.46757,-0.47716394,-4.046563,-0.19296688,-1.0711535,-1.0463862,-4.3163133,-0.18855228,-0.29098135,3.605974,0.7961406,1.6032226,-1.2558248,1.8205903,fearful
-432.95065,26.260145,-29.637066,-11.556087,-8.094817,-16.410187,-10.68034,-13.074717,-22.433323,-1.2677804,-4.018855,-11.716613,-1.8416396,-4.51007,-4.8539214,0.08275064,2.4721358,11.649625,11.5987215,10.342006,9.354618,4.9050922,-5.982663,1.4497607,-1.8170635,-0.65956694,-3.9021695,-2.081944,-3.538671,-0.12704162,-4.769633,-0.597166,-1.9322846,4.969596,-0.5947406,2.709828,1.2559546,2.6029484,-2.3167331,-0.8784593,fearful
-548.6112,71.90276,-3.731313,5.6493134,-12.346653,-5.399557,-2.4287932,-14.32548,-14.955542,-5.6423645,0.22906658,-9.904586,-3.242325,-4.7073374,-4.7136497,-8.481652,-11.776472,-4.167777,-6.5648136,-8.550757,-4.2737,-5.0002317,-8.289632,-1.8663272,-4.6178885,0.8411846,-2.0766668,-0.48224556,-1.8463203,1.0554485,-1.2081702,2.7785172,0.13540392,4.2228928,2.0708714,3.6874924,2.540141,3.2620175,0.010792307,0.791036,disgust
-500.33325,63.32829,-14.020966,-0.6859389,-11.77713,-7.4482512,-3.2030969,-17.118057,-17.433273,-0.34607545,-3.8839989,-13.013019,-1.659925,-5.6524644,-8.094302,-10.154851,-10.967934,-5.384174,-8.578976,-9.9496975,-3.5116196,-7.2443433,-6.8888297,0.007511315,-2.6007574,2.312033,-0.51665884,0.83724856,-1.3337555,1.5090368,0.8830886,5.3834343,3.9453828,5.583664,2.1584978,2.9335191,1.9646201,-0.110274404,-2.5207257,0.73748076,disgust
-537.94934,57.527817,-9.685049,-8.173033,-7.008009,-3.7149212,-9.465593,-17.062384,-14.782174,-2.6767669,-2.598095,-8.943452,-3.4924724,-6.5126467,-1.2407787,-9.463144,-9.21042,-4.8616104,-9.627248,-6.733898,-2.0151138,-3.7165756,-4.94323,2.2819734,-2.9049087,4.0494432,-1.9214933,-0.06568533,-0.6650846,0.57993436,0.039287627,2.985651,1.5209162,5.344045,4.0522957,4.081165,2.9776094,2.5775437,-2.6699483,0.9284127,disgust
-500.0684,60.01821,-9.080649,-8.558229,-5.49571,-10.689308,-11.530812,-20.426,-16.746853,-5.2616024,-4.827371,-11.608577,-2.8740907,-7.4617486,-5.293242,-7.3899655,-9.139001,-4.99036,-8.013336,-7.269338,-5.432401,-3.9904785,-5.013064,1.4802697,-1.3582247,3.4468105,1.5274911,3.690124,1.6268408,7.1411333,3.8557894,5.352412,1.6481329,1.9355776,0.5959346,3.2886195,1.4564272,2.2416985,-1.2800344,1.9922483,disgust
-443.78705,26.69506,-32.96608,1.6532387,-20.482964,-15.57472,-7.071418,-16.703299,-24.037163,-2.843235,-9.372485,-10.689584,-6.350465,-9.974448,-5.6230884,-8.94877,-3.8692935,4.8290715,8.315236,11.013836,8.539651,4.1888657,-0.5218103,1.0524352,-0.9008157,-1.4215711,-1.3887687,-0.3339168,-3.4587548,-0.6679594,-3.4035537,0.22967604,-0.016497744,3.8684354,1.3109785,1.840764,1.5018235,2.7086937,-1.0535063,1.1904302,disgust
-432.9739,40.79972,-25.951748,-2.6776164,-19.235506,-12.009965,-9.699855,-19.281322,-21.625647,-4.9638324,-6.0839853,-12.179732,-7.305536,-8.421631,-8.659982,-12.308897,-11.167644,-6.6394405,-3.7049239,1.0891188,6.6300755,6.089161,6.6707287,7.3665333,5.846584,8.107732,1.1317098,-0.34852633,-3.9680758,1.5528419,-0.09333062,-0.03582828,-4.257417,-3.3522532,-2.0094378,1.0752013,-0.20154472,0.4575671,0.21015097,2.464712,disgust
-420.3709,44.52578,-22.227682,-8.9634695,-13.090328,-16.138023,-8.283209,-19.932014,-18.255728,-0.9703695,-7.4027557,-8.418691,-4.9632206,-7.558103,-7.353501,-13.166939,-9.429207,-7.1124043,-4.808067,-0.113299675,4.1800737,2.8976097,0.7040119,4.263043,0.6864907,3.0643291,2.634424,4.348614,-0.9669514,0.046574753,-2.5188909,0.7338762,-3.8748457,-1.725854,-2.1708572,0.34329078,-0.9966049,0.45424312,-1.1778002,1.5167053,disgust
-397.3232,31.109856,-27.877607,-10.088691,-15.185911,-15.168855,-9.230928,-17.974628,-19.594082,-1.6682628,-8.570106,-13.018795,-5.6570163,-11.0330105,-6.431169,-7.272606,-3.335467,2.7276902,1.7931198,1.5265665,-2.3875844,-0.09173408,1.642126,6.9127827,4.8544197,1.2584316,-1.2304338,-0.060420256,-0.6771376,-0.89880407,-4.3277597,0.22210176,1.9240817,3.0733428,0.4767675,2.9971535,-0.27803665,-0.13985167,-3.3617089,-8.386465e-05,disgust
-624.0207,54.73461,-5.306671,4.7148466,-4.804998,-11.995785,2.1932425,-21.116545,-11.75327,-10.546431,-9.686969,-7.0084543,-8.252675,-4.8125944,-3.829515,-5.150382,-8.27633,-1.6909231,-1.6568418,-2.130235,-4.9520483,-6.1084476,-3.573181,-2.3598478,-3.5028174,0.72379786,3.148094,5.906303,4.773497,6.656881,0.71074194,4.1129003,0.15712073,4.563489,3.6810496,5.2493806,1.6187414,1.4050939,-0.42342907,-0.117826335,surprised
-642.42145,51.66313,8.13878,3.764709,-4.909401,-6.9285264,2.4913406,-16.28946,-10.81003,-7.6884317,-6.846285,-6.988542,-6.113715,-2.5378637,-5.502985,-4.7551365,-7.267508,-7.5209136,-3.4265227,-2.7944303,-4.7572136,-6.327103,-4.8043795,-1.2241111,-5.0277333,-2.3696373,0.029356971,1.5905955,0.7469353,4.3392925,-1.4341482,3.9239776,-0.4591514,2.1985571,0.07481384,3.3977509,1.5815585,1.639755,0.51459074,2.6063213,surprised
-601.0058,44.613247,10.073835,-4.956748,-3.2310557,-9.250388,2.5116541,-16.412642,-11.487393,-7.754556,-10.737032,-7.24643,-9.22719,-3.9801733,-5.016854,-6.543917,-5.8228364,-6.662337,-7.5131536,-3.5855834,-4.310468,-4.7428803,-3.0457935,1.7436994,-4.113022,-0.4239705,-0.59982663,2.1606083,-1.567594,3.7638936,-0.78616905,1.7085991,-0.96495485,2.8175108,0.89761794,1.9352044,1.7534359,2.0402863,0.569714,2.334343,surprised
-636.5739,47.10837,7.2852597,2.4785953,-0.90710163,-4.1059456,2.2184565,-12.520928,-10.251599,-7.6407847,-9.375204,-6.9305964,-8.823969,-3.5484922,-3.5673451,-6.912767,-7.3788643,-5.8922896,-4.9040623,-4.216189,-3.7924752,-5.16178,-4.970162,-0.3024014,-3.8602605,0.08240286,0.44019377,3.276349,1.3835124,4.902729,-0.40003896,1.990612,-0.9010331,2.431889,0.8024249,3.2096043,0.66109574,0.44308665,-0.6416459,0.29093212,surprised
-555.28235,36.625336,-6.1898484,2.0336082,-2.5153263,-1.6724759,3.6542861,-8.694669,-8.860525,-7.402739,-7.9651995,-4.2119136,-5.068619,-2.909813,-3.846998,-2.4675424,-6.4829545,-2.3451676,-1.8239251,-0.19373345,-0.3192141,0.46884543,0.71328974,2.2903194,-0.05805852,2.236802,2.5673606,4.9882774,4.688509,4.472359,0.6818871,4.4124446,-0.7135987,1.0787147,0.8056223,1.015478,-0.044711187,0.17941079,-2.0076025,-1.1379962,surprised
-566.6529,37.013012,1.0704389,-0.64112175,-8.65223,-3.676801,4.4408097,-9.645171,-12.782886,-8.552244,-8.418807,-5.7001843,-7.5162764,-2.0544012,-7.689456,-4.6330423,-5.4007773,-5.0769134,-3.1797879,-2.39831,-0.03239353,-0.6405284,0.5983906,3.7990003,-0.9238787,1.9024285,2.8278086,1.3211178,2.7203896,4.5445137,1.2755946,4.207771,-0.021877583,2.503481,1.1172842,2.6184247,0.24139357,0.7519467,-1.5295662,-0.8105188,surprised
-521.7702,40.09233,5.943527,-2.7301729,-6.9431434,-9.272632,1.1528112,-16.22621,-17.307497,-10.769679,-12.86336,-7.85448,-8.501106,-3.9148362,-7.6241302,-5.0289493,-8.852949,-7.5784273,-4.6214666,-3.5132859,-2.4392264,-3.0344093,-2.8075204,0.92953324,-2.6595516,3.5186505,2.7757041,4.247273,2.4416046,1.8853549,-1.2015204,2.1852152,-3.0744925,0.014371109,-0.03547692,1.6648918,-0.27170163,1.5094587,0.32494015,0.84591454,surprised
-546.5673,32.63834,-0.056999587,-0.4356572,-7.471806,-1.2295257,3.8135405,-7.7348437,-9.995386,-6.920937,-7.4424996,-4.694148,-5.009712,-1.7468331,-5.3266397,-2.1926818,-4.591738,-3.1904538,-0.63720655,1.9432865,0.7359441,2.503917,1.8287078,3.9294357,0.95845073,4.664138,4.362797,3.1773438,2.9239614,3.5698335,1.7212055,3.5025558,-2.1245499,0.511861,-1.3528808,0.52777094,0.23196027,1.810823,-1.5289075,-0.47449479,surprised
-691.2265,87.96622,13.260957,21.266136,8.170696,7.8127737,2.8953593,-3.5821502,-7.0383015,0.7949077,1.4848737,-4.0021753,5.985337,2.7906845,-5.451108,7.916309,-2.1514585,-1.3497542,3.3695245,2.627186,-5.94582,0.32026857,-2.5500224,-1.6897851,0.0207715,1.527311,-0.7618373,2.6423259,0.19281413,1.184223,2.2175994,-0.24991715,-1.3792967,2.2726269,-1.8725876,2.145465,-1.8009812,-2.2760956,-3.226851,-0.6403894,neutral
-691.67505,86.39424,11.039418,22.885807,7.331081,6.1659484,-0.09257498,-6.0927725,-11.205576,-0.17644249,0.1559326,-3.8776124,4.2741523,0.67537284,-5.178955,5.312542,-2.24408,-3.4513288,3.132613,2.9571552,-5.115047,-0.8072282,-3.2686846,-3.608844,-0.61146903,0.22200942,-0.6551408,1.7606432,0.33462313,1.4810606,2.0852633,-2.0971906,-1.2071986,2.1412363,-0.43158007,2.045425,-1.9801672,-0.42052191,-1.6461527,0.18654744,neutral
-692.0053,77.01072,12.175386,26.54702,9.361093,10.253721,1.3411775,-3.9731946,-10.929956,3.6187825,1.7881166,-5.084009,4.8844876,0.8611369,-4.359128,7.3963137,-0.43086046,-1.9955461,4.9980965,1.8662802,-4.953149,1.0855454,-2.4548702,-3.4008844,-0.7708951,0.15203209,-1.5899848,1.1312873,-1.7659668,-0.32551104,1.0535271,-1.8734281,-1.1931096,1.7239034,-1.1632527,1.5788081,-1.5033449,-1.7062528,-2.9003475,-0.37690154,neutral
-676.97284,72.218605,12.1223135,24.501627,7.392735,9.62779,-1.2049173,-8.179451,-10.265154,0.5888931,-0.0673347,-5.832422,4.549113,0.50692606,-4.9481215,7.7144284,-0.969284,-4.007654,5.348562,1.2622828,-5.5965815,1.4550458,-4.0615826,-3.4612477,-1.1401722,-0.0211309,-2.155495,0.71850955,-0.73021966,0.89788663,-1.2266011,-1.4156338,-1.1883624,1.159005,-0.55979663,-0.17048205,-3.7623231,-3.5529187,-3.50373,0.10322707,neutral
-722.41064,76.46324,26.647888,25.51694,11.231137,15.905756,-2.612972,-1.7399529,-2.960027,0.51378316,2.2441216,-2.4169,-1.1421788,-1.2335951,-0.064892694,6.1844916,-1.355304,-0.99605644,2.8432534,1.5600134,-3.3592644,2.6073518,-6.011815,-1.7222054,-1.5385877,1.1778501,-1.727395,4.2202053,-1.1444838,2.5178332,-1.6424117,-0.4701165,-2.404062,1.1281499,-0.714771,1.7926818,-1.6426686,1.182019,-2.310761,1.1378527,calm
-706.13434,83.41755,25.335562,27.589298,14.03051,12.103054,-1.8636639,-1.06889,-7.468457,2.2262173,2.2407856,-0.6861804,-0.94620055,0.2885291,-2.8794255,4.6929574,-3.6019125,0.55320305,0.6709495,1.9885862,-3.2709937,2.1634068,-4.6965537,-2.5324407,-0.40172493,0.28437483,0.69135225,0.86500645,-1.8225956,-0.14323355,-1.1292338,-1.6694641,0.6020262,2.261853,-1.4519672,1.6489192,-4.2397614,-0.16699488,-0.6611964,1.828804,calm
-711.22644,72.56615,22.34525,32.3575,11.447144,13.647932,3.6634607,-1.1915766,-10.064278,4.3894196,1.0381984,-2.427068,2.5255842,-0.10083355,0.4009942,4.107648,-2.8035622,1.0921532,3.9254081,0.0470914,-2.180187,1.472062,-3.9714367,-2.4849033,0.51397884,1.8796928,-1.2647902,2.971046,-0.06863181,0.7964658,-1.4919654,-0.39571807,0.78033733,0.010362648,1.3169774,2.0095992,-0.8942394,0.8699398,-0.048836302,2.638656,calm
-723.6112,70.23929,27.134567,32.51246,12.594711,16.127651,0.039053798,-1.79867,-2.4390574,5.065376,6.441696,-0.55152017,0.75249076,0.11531907,0.12733752,3.974944,-0.39824992,-0.4318515,2.5905712,3.9771383,-5.050313,2.8457086,-5.422419,-0.96363306,-1.178524,3.2999792,0.37097892,2.3384504,-0.8851237,-0.61788875,-2.5274663,1.6199131,-0.04940012,4.7004285,2.9900858,2.3788695,-1.6740227,-1.1711222,-2.8988547,1.8593827,calm
-603.74005,82.182495,17.474117,22.171547,4.6234827,8.089508,-10.390573,-5.8141584,-15.069132,-9.625697,-3.2267563,-13.179213,-0.019789241,-4.84994,1.0430522,8.101086,-7.520463,-6.9783683,5.1996355,-3.1389678,-6.4600296,1.4539682,-8.665035,-3.3711615,-3.8963263,0.2170409,-2.5757246,-0.38747102,-2.1666925,-1.3224245,-2.4538672,-1.4634119,-0.8057623,3.1566951,-2.2417254,2.9829814,-4.045762,0.8552797,-3.435718,2.7389154,calm
-615.77527,78.671585,18.312737,25.234331,13.386144,10.376248,-1.3570087,-1.722926,-6.5391526,-0.49284998,-3.1660564,-6.1597733,2.0700138,-2.9761424,1.4954972,5.491349,-4.587732,-0.49273494,2.745352,-0.51011753,-4.0623913,3.896629,-7.8567657,-1.9964867,-0.92458683,1.4358163,-0.8534775,3.044156,-2.522786,-0.06761698,-3.19893,-1.3820187,-0.81103426,1.6139003,-1.9573112,1.1285112,-5.066133,-2.692113,-6.059059,-1.6910204,calm
-618.7811,78.03248,25.987268,32.751358,13.41543,13.634648,-3.7477055,-7.9571223,-7.663923,1.8095499,-0.28919554,-6.171971,1.0405234,-5.2241855,-3.6914315,5.7963047,-5.1618266,-3.3356216,2.8657455,0.9064865,-10.244574,3.4511957,-8.037837,-2.3862503,-4.9297543,1.936469,-2.5503588,-0.09051255,-2.734525,-0.6889273,-4.1118155,-2.4794533,-2.2725987,1.913866,-1.2251254,1.8903054,-2.1518288,-1.4058925,-2.629728,0.9135093,calm
-626.98376,83.6784,22.127213,30.630297,13.055867,10.985902,-7.8241243,-6.6288295,-15.420227,-2.8951266,-5.5541143,-6.4737415,2.4579654,-0.5959781,0.5225927,9.120998,-7.221877,-9.248469,6.6835938,-2.7387924,-7.4259624,2.9654672,-7.360001,-2.2852545,-3.0944543,-0.8671999,-0.5038458,1.506138,0.18971854,-1.8896158,-3.0686917,-0.21074593,-0.92378134,4.148381,0.2890525,2.598594,-2.3962834,-2.4775553,-2.0230818,-1.5154278,calm
-614.89734,87.0605,8.357561,12.268736,2.8637793,8.227593,-8.534515,-7.59978,-10.812525,-2.9194493,5.406544,-8.078211,-2.902631,-1.3090228,-1.9188962,-0.798934,-4.327907,-0.6733334,1.5973886,-0.8433916,-3.6022124,0.28293055,-3.691237,-4.8079104,-0.36999217,-1.5343108,-2.1465554,0.38272938,-2.8999586,0.29728878,-3.299065,-2.6079512,-1.7662933,-1.216341,-2.8849564,-0.68733484,-4.246104,-2.4171288,-1.915385,4.2398415,happy
-572.7882,78.789215,6.5586047,19.020733,2.3186243,11.506862,-3.9665005,-6.58654,-7.2941723,-6.110561,3.4082406,-11.815127,-1.92744,-0.35344085,-4.0407968,-0.24220064,-4.2120557,1.700786,0.2100313,-2.3873138,-4.0238714,-1.4286554,-5.1012716,-4.009398,-3.6985328,-1.2789936,-2.1962156,3.0368333,-2.359684,2.4319327,0.8386256,1.7031686,1.665344,3.7723742,3.5006354,5.857786,1.8058714,2.5280423,1.0721754,5.2212806,happy
-659.3806,88.5537,16.83398,21.652164,4.190697,18.424273,-3.8802688,-4.5681124,-8.804394,-1.90169,2.224333,-4.9947033,1.3607349,-3.049389,-4.709724,2.937035,-3.6704748,-2.3947656,0.6217243,-1.007188,-2.290456,1.3483297,-1.9487541,-0.5943067,-2.1088076,-0.010980018,2.4517586,2.6556396,4.694984,5.322566,2.9735603,1.7447436,0.7599226,1.4830374,1.4434493,5.6838756,2.3719943,3.5387049,1.9005064,3.5980046,happy
-616.20557,77.35311,0.28766018,18.634727,-2.4469447,13.927488,-1.9993002,-5.596014,-9.323099,0.07377119,3.6496193,-7.2824893,3.0137987,-0.80233556,-0.68951756,0.32268506,-5.5619564,0.22969759,3.9266977,-3.1511393,-4.5088854,0.9369742,-2.1746213,-5.0585093,-1.4617361,-2.0954995,-2.2505987,-0.63804543,-0.7691016,1.2808074,-2.8809462,-2.2132828,-2.0528867,-2.3855872,-2.3670833,2.4725435,-2.3754005,-0.0402975,0.49664488,5.136687,happy
-542.4661,65.96982,8.524198,14.411952,-2.6778333,5.4634337,-6.6914473,-7.436903,-9.836373,-3.179258,4.5532928,-7.6945376,-2.3678637,1.0083437,0.24710222,-1.390435,-5.374255,-1.3341955,-1.3662083,-2.8886967,-4.841466,2.0580091,-1.3282726,4.8351274,2.079897,5.2271953,-1.3020843,5.063562,-0.2978242,4.8138275,1.480923,0.7161451,1.1289579,1.8554618,1.4561281,3.1082075,-2.2630506,-1.0204362,-1.1151358,3.537515,happy
-469.57956,51.934982,-19.995567,0.8111502,-5.5565195,2.3592143,-15.330853,-19.574467,-11.423959,-6.4181423,1.2203491,-10.4464035,-5.4253993,-1.9950101,-2.692502,1.1992806,-6.1603904,5.490705,-3.051062,-3.7513695,-6.0221653,1.412059,-1.0099717,12.417338,16.385769,24.070595,15.937549,12.74316,-0.49302045,6.3136663,1.4736748,5.676244,3.6652548,1.3701097,-1.2841861,6.317809,0.023972966,1.0921234,-2.051594,0.21176411,happy
-425.95883,53.37162,-7.4870534,11.769555,-6.480871,2.4377267,-14.335291,-17.063805,-13.860227,-5.820874,-1.9159198,-14.341032,-2.412843,-5.4486637,-8.865012,-1.3986372,-6.847166,-6.1667647,-3.36267,-4.5835476,-7.664978,2.0376735,-2.1164148,3.7440941,5.2598953,8.485232,1.7256925,8.634634,1.5826708,8.070095,8.088121,6.2477427,6.2149215,7.402616,3.0539002,6.020385,0.8469708,2.0867245,1.5891422,2.2597713,happy
-539.1226,64.40138,13.627438,20.76318,-2.068695,5.6679997,-4.8534946,-5.2116065,-11.446952,-5.2650476,0.4046443,-11.560799,-2.9451547,-2.6597478,-2.9980466,-4.1958075,-7.0054255,-1.4415672,-0.19604997,-3.3895583,-4.8139753,-1.8817903,-4.3448277,-4.8227444,-5.643941,-0.7726639,-5.838881,4.4710093,0.7511191,4.5878496,2.8923318,1.6737833,0.62325466,2.988567,2.285881,6.204029,1.5884581,1.7882482,-0.60275596,3.3360763,happy
-695.86115,73.965004,18.46205,20.185665,9.311553,12.590288,4.6832466,-4.4093347,-1.9236958,0.6268101,2.690615,-3.5597773,2.8134658,-0.23463227,3.8299315,3.765047,-4.112321,2.557274,-0.55981845,3.3127341,-5.927505,0.61481017,-1.0496539,-2.8613887,-0.50450456,1.0432013,-2.4674706,1.5428312,-1.4916521,2.6752555,-0.41462833,-1.4116846,-1.7395672,-0.9430738,-1.3772609,1.0485535,-1.5606172,-2.1290293,-3.2500582,-1.7792934,sad
-704.8326,80.50724,17.329924,20.266428,9.689835,14.964665,1.843808,-8.788294,-1.7576565,-1.0475323,1.3826258,-4.543515,-0.46496952,-0.6701704,2.6845996,4.432289,-4.109895,0.6195677,-1.5963854,1.3928294,-5.676789,-0.3435229,-3.4335318,-1.410157,-2.3994234,1.9607369,-2.8551292,2.4055548,-0.81304497,1.977603,-1.2314953,-0.5464334,-1.4509153,0.8838464,-1.7467477,1.9407619,-2.4507108,-1.6542441,-3.4483259,-1.4835222,sad
-679.7133,84.32301,8.615,13.921671,7.8595347,15.079958,-0.26781425,-13.17998,-5.7185884,5.143061,5.470611,-6.5501657,5.174069,-1.3628795,0.38857287,5.983977,-1.0724471,-1.6874923,1.5217893,2.5060313,-6.3523703,0.12183798,-5.1889806,-1.0124311,-2.215662,0.66523665,-0.43941316,1.9375834,0.51871526,1.1672611,-0.6118245,-1.9526874,-3.1003795,0.49816006,-2.1963556,2.3083105,-2.4704587,-1.7681481,-2.7847922,-1.0923282,sad
-692.34125,91.446785,16.5326,24.714525,7.97866,14.212346,2.823711,-6.467539,-6.033075,0.3911378,5.7333407,-2.398786,5.832942,1.2283682,-1.3668568,5.3444524,-3.0197542,-2.110909,-1.9673331,2.7987485,-5.7216234,2.7394092,-3.3481958,-2.605135,-1.9005073,-0.68290603,-3.148322,3.0252357,-1.2962079,1.6286901,-1.841515,-1.0733572,-1.6715285,-1.0384696,-1.7288184,0.70997244,-2.0271306,-3.9086425,-2.6777542,-3.0855837,sad
-473.39746,61.265125,2.7180724,18.05246,10.198808,2.969199,-13.634992,-7.7203803,-5.7984266,-9.489235,-3.864147,-7.65089,-5.2362328,-2.4005198,-2.596044,-1.343573,-2.4254432,1.48307,-1.1060286,4.000886,0.5252074,3.0655248,-0.8576154,3.4478366,0.32279134,3.720566,0.92228526,4.386052,4.632749,7.171303,5.5448394,6.655199,1.6871756,5.868926,4.544848,5.6532826,2.9670217,3.4072495,1.8935972,5.8908844,sad
-608.784,75.22428,-1.0627306,18.37464,6.3877892,5.208963,-9.233605,-7.291374,-6.6098294,-9.636076,-0.9576295,-4.1465235,-5.273296,-1.5039588,-2.523399,-4.1463847,-1.7085935,0.97062427,-2.69418,2.693288,-1.9838712,0.34205264,-5.642298,4.09494,-3.9912786,-1.3722103,0.4054995,1.9954369,-1.6401532,1.9484832,2.233335,0.13674912,-1.0938107,2.3988345,1.039917,3.709674,1.3964072,2.2681875,-1.184262,3.6952481,sad
-618.989,69.847565,5.867964,13.842421,3.940202,5.9270344,-11.024403,-4.8784237,-2.0998342,-11.542993,-6.5442076,-2.0907693,-3.0805123,-3.940481,-1.1821058,-2.4767714,-2.67872,0.42067447,-2.4614313,2.5504465,-0.19998826,-2.7866766,-3.3412156,1.4555373,-3.7542791,1.3883165,-0.43557024,3.490624,-0.5276835,2.5412095,1.0956112,0.116529055,-2.802288,0.78578657,1.1377923,1.2929946,0.32187515,-0.08889067,-0.31838,3.479675,sad
-571.76526,80.247116,0.2861276,17.562529,10.220887,7.616916,-12.322514,-2.3166194,-4.499249,-13.46861,-2.2825716,-5.103712,-2.556611,2.1392207,1.8958176,2.1959033,-1.0925989,2.5145032,0.20372249,7.0381284,-2.081191,-1.0243363,-0.6230058,4.377501,-0.13606913,2.8112192,0.43268597,5.47663,1.0090276,2.9527795,2.164974,1.8175702,-0.55356455,3.391002,6.7815375,6.4621,7.896921,10.343414,9.042963,12.558038,sad
-480.5098,58.46603,-8.39437,14.964182,-0.80918026,-2.205813,-4.133265,-5.820009,-12.004631,-5.4827423,4.9899483,-7.742549,-0.9076618,-1.8195453,-4.990956,0.5644341,-3.631445,-2.0701146,-0.60018384,-2.0362222,-3.9519367,-0.35630894,-2.9398978,0.3330577,2.0966556,4.035273,-0.39741457,5.4291763,2.1032686,3.8948464,4.0576534,2.2234008,1.6396711,2.637162,1.5383056,4.419208,-0.08834522,0.55384076,-0.41516066,2.2938538,angry
-524.9309,65.53576,-3.4010112,19.443802,4.548168,1.3713224,-4.332829,-2.958832,-10.166839,-2.2127213,4.7089386,-8.965581,0.8772606,0.24854049,-4.7495604,1.6815736,-4.380103,-0.8572818,0.6732645,0.9356958,-2.3257751,-0.9620259,-3.306298,-0.4189022,-1.6542214,-0.013549966,-2.7398124,1.4613159,-2.0931687,-0.6208136,-0.3697451,-1.8685174,-0.06402347,-0.4570073,-0.7347118,3.7300751,-0.5805227,1.4355507,-0.47052062,1.9035236,angry
-570.168,51.05546,8.689307,16.339573,-0.25041875,0.6890675,-5.462102,-6.699915,-7.4022183,-0.73200923,-0.20192784,-7.89554,2.8378375,-1.9567624,-4.263212,-0.88309336,-5.089313,0.4668528,4.331693,-1.3889823,-4.0330744,-1.51512,-5.6596665,-2.633733,-1.6067141,1.3214663,2.1127024,3.8575807,-0.3215426,-0.117772534,-1.8546405,-1.0461291,-0.80250466,2.541556,0.059528768,0.5687526,-3.301134,-1.1987009,-0.97187144,0.63227576,angry
-516.71063,55.133183,7.434063,20.307646,0.38756716,-2.6199749,-2.5893614,-2.754408,-12.191547,-3.632877,1.216844,-9.6682825,-1.0455457,-1.5055767,-2.393004,-1.0427077,-4.6667333,-0.17386158,-0.2837868,-1.1577106,-4.6860194,1.4770036,-3.0745018,-5.346976,-3.6771164,-0.15090293,-4.347447,1.5033743,-1.481305,-0.6915149,-0.0017566388,-0.38853362,0.5874297,3.3164005,4.019508,5.765867,3.3423707,2.716907,1.4978977,3.6009648,angry
-343.57397,40.005806,-26.581408,9.340962,-10.018591,-13.741139,-9.097673,-3.5344336,-15.62115,-5.70633,2.2593918,-13.266726,1.6682551,-2.6593413,-9.540109,-2.2795174,-4.8778677,-5.057381,2.8975394,1.6075615,1.218049,5.59622,0.7241395,6.6941943,4.6702375,6.1543646,1.5170528,7.248081,4.0196304,4.647537,2.8518138,0.47833428,2.2866094,5.022232,1.9528085,3.455055,0.058097485,0.9286747,0.48755223,0.68966573,angry
-249.01836,39.957806,-52.39852,6.64134,-25.866095,-21.192686,-12.774376,-4.497311,-17.726234,-8.417142,5.409573,-17.263054,-0.17807159,-6.184802,-12.110473,-3.1317346,-1.2386165,-7.74446,9.904814,10.693009,9.658399,17.449831,10.78781,4.43794,0.577775,9.866459,-1.0736079,9.333713,-0.19654506,2.3644826,3.694303,3.2880456,0.36567017,3.0552316,-2.3665235,4.7611694,2.1311975,1.4047323,1.4287891,7.987886,angry
-223.54163,41.053562,-47.855656,-4.5642333,-22.74193,-15.233072,-16.970068,-4.0806828,-16.954718,-6.59032,4.1626563,-16.470533,0.36030614,-9.448791,-11.553024,-7.509405,-1.745527,-5.390777,10.09551,9.0180235,4.2610106,10.538843,8.135327,-1.1918191,0.36638945,5.221214,-4.877,6.310407,-0.35654745,3.4007485,1.8083506,1.5514946,-3.2255967,4.071382,-0.4836957,2.2601473,1.5107267,2.2026846,2.6708574,5.6310105,angry
-335.86856,37.851948,-29.37079,12.553778,-10.562949,-16.85874,-12.838974,-5.252549,-18.19393,-6.2799807,3.4850585,-13.14294,-1.1735035,-4.3364444,-13.916495,-5.871017,-7.415144,-10.729367,1.7455473,1.4382398,-2.314053,2.7122586,2.5059707,-0.40141144,2.9553256,7.3943415,3.1188545,10.228771,6.1968775,2.484165,1.7808464,2.34708,-0.398944,3.8638103,-1.1151038,3.244601,-0.18565524,-0.2603429,1.8652865,5.9267225,angry
-562.3487,63.481026,-4.336534,17.760555,2.094512,-1.002598,-8.980338,-11.206542,-7.5305996,-4.6875963,-0.24187505,-12.221616,0.64710504,-1.8043605,-6.726317,1.0987506,-5.260979,-1.8287311,0.905792,-1.4845067,-5.080234,-4.5587463,-4.9118342,-2.9757686,-5.9668465,-0.38379171,-4.065231,2.172604,-2.2816224,0.48659474,2.905434,-2.2016935,0.31435904,2.310013,-0.9531952,4.1863966,1.3111643,2.0944192,0.21827099,3.3864183,fearful
-612.38965,62.198605,3.8392723,15.713622,9.131975,4.4371395,-9.55445,-9.361875,-2.902964,-0.5442601,-0.30376664,-3.6850145,0.15567486,2.1961496,-1.6928091,5.748195,-0.98896694,-2.452764,-2.1699464,2.475154,-2.4792378,-3.5155523,-2.7368305,-0.10200054,-3.9619539,3.865132,0.2523488,3.344229,-0.47773847,2.1280782,3.6544912,2.2775764,4.7716928,9.2181835,5.276912,4.8209043,1.1188852,-0.6258735,-0.5457801,4.777141,fearful
-571.13245,40.25893,-0.5972844,16.284744,-2.4844024,10.136578,-9.253441,-16.10742,-4.4571133,-3.2349596,-4.739899,-9.048106,-1.1898987,-1.9203696,-4.7356772,1.6212198,-7.6861725,-5.3048863,-0.5128506,-1.9974396,-6.2606373,-4.6562953,-3.8201368,0.4270103,-2.4997,7.358534,4.3883066,3.8891845,1.9065824,5.7926874,4.385881,6.308751,6.950888,8.631369,4.6441293,4.849679,1.8183913,2.2320333,2.372757,7.4978447,fearful
-616.6107,63.89807,14.427341,22.1202,4.562627,9.251787,-5.5029583,-11.038118,-3.9412165,1.7188816,-1.45107,-5.35266,3.1060345,-0.73171425,-3.3655283,4.989185,-3.898372,-2.161313,0.08110067,2.6183515,-2.5339231,-3.4825635,-0.5300423,-0.40043685,-6.060421,5.2681346,-1.9763501,2.210504,0.82039315,1.0227282,1.9016215,-0.4050907,-0.44991666,1.8955178,0.9739684,0.0021200841,0.57724375,1.7100184,1.6504444,6.7464375,fearful
-430.05264,53.242855,-41.413193,4.6052704,-7.6402144,-5.0276375,-25.06636,-18.801857,-17.357206,-10.758995,4.2906837,-21.232584,1.5543644,10.399844,-7.2119045,5.462238,-0.104393594,-2.3343503,2.3786194,6.3678184,2.1583354,3.238762,9.677058,13.824566,8.104452,11.642128,1.4250878,4.492454,1.9455327,1.1125273,4.22838,2.1605773,-0.21610399,1.4250461,5.7763276,2.9837089,-1.9858955,0.068471104,-1.820579,0.931589,fearful
-350.6537,19.458376,-38.324287,-1.6889447,-20.223343,-14.928912,-26.05974,-24.350763,-13.63923,-7.878514,-4.3731194,0.922243,3.4311302,15.97769,-2.3366005,-4.9103637,-5.2085576,-7.2136774,3.9660063,16.473774,10.041488,9.572777,7.3173757,13.491804,-1.9502958,1.5591666,1.8093339,5.426837,-0.90655327,-1.9168963,-1.4165744,1.7139343,-1.7858241,1.8182572,-0.5841459,-0.6373798,0.44481373,5.01126,-2.7808285,4.7272444,fearful
-428.02774,21.321379,-22.414564,-3.5335312,-16.10264,-3.795977,-14.502672,-14.762478,-3.8292437,-5.155832,-3.0053039,-6.500762,7.0243917,3.4880776,2.6906033,6.4347005,1.6492479,-1.9647255,10.142772,11.40868,6.311033,7.022208,5.5732546,3.5166872,1.4650414,9.176645,2.1563623,3.5177886,2.2105792,2.9057808,0.13569793,2.3743951,-0.2845824,2.2407923,2.5676038,7.368581,0.37924454,0.49159616,2.023374,7.0658975,fearful
-362.33444,21.804049,-29.213886,1.6016761,-17.024725,-5.1882625,-18.929596,-21.959131,-5.095291,-4.928294,-3.6984916,-8.536628,5.0156326,3.3944204,-1.9820874,7.500658,-0.10164065,7.7754507,13.163416,16.204407,8.366453,1.7210991,1.3341615,1.8839966,-1.9233403,8.425981,1.6804255,1.7785177,1.406383,5.9668403,2.0602224,0.610937,1.4727154,2.4633203,4.0655026,6.0946484,2.1945672,5.195584,3.0369735,4.467559,fearful
-543.31866,81.438194,7.2044277,21.961494,-7.068607,2.2624903,-9.29247,-12.8225155,-6.2685905,-12.061727,2.704736,-8.728967,2.3631012,-6.821939,-5.664902,3.7520328,-6.803801,-2.5012374,-3.1254518,0.52411276,-6.0523787,-4.467974,-4.2876954,-2.9047678,-4.329717,-0.60622364,-2.8901339,1.1060869,-3.267203,2.45822,-1.7529097,-1.3104386,-0.24017346,2.9069858,1.4138519,0.29771346,-2.8136382,-2.6172554,-3.2645798,1.6707431,disgust
-526.5382,80.423256,-0.649207,15.74156,-2.5732005,1.7025111,-11.64774,-17.451803,-3.9974642,-6.9605193,-2.408651,-9.686218,1.8863477,-11.300815,-7.399077,2.5046465,-7.8181987,-0.7884484,-3.9899123,0.5422344,-3.5825648,-3.1717389,-3.6918137,0.39965355,-4.0195055,3.8726976,-3.8977127,4.0008698,-2.0296392,0.74230844,-3.2299843,0.6284542,-0.19462779,2.1732357,2.482013,2.3621511,1.5840151,1.9241346,1.5612072,3.48574,disgust
-543.819,71.30194,11.991823,16.416573,-6.611796,7.264685,-10.863125,-12.217501,-6.287007,-1.1531677,-1.4604205,-8.244013,3.0468948,-6.6546674,-0.6820965,1.901295,-4.518049,-1.2798239,-2.5923643,4.89736,-3.3244188,-1.3475229,-2.9079309,-1.0412579,-4.1821237,1.9234964,-2.5131562,1.2994437,-1.4372396,2.2827842,2.5490913,3.6216965,4.7756763,5.5741863,2.2125857,3.742559,0.68997043,0.84605896,-0.31687424,3.3532784,disgust
-568.9584,63.643375,2.0891685,8.640843,-9.831456,1.4247782,-9.780663,-14.179612,-7.240545,-5.751556,-0.45305222,-9.977816,-0.5573769,-7.735507,-6.844027,0.49604222,-7.645716,-0.8362653,-1.105175,1.0848763,-3.036293,-3.8717685,-4.3538246,-1.8693742,-6.043946,0.8163285,-3.4815829,2.49613,0.98648167,3.230418,0.37253946,-0.72885025,-0.9657112,2.186896,0.93351734,3.1596754,-0.38049057,0.5642192,0.5517564,2.6634018,disgust
-467.0446,37.694706,-0.59277594,17.520407,-4.5450697,-2.6830215,-9.790959,-13.931299,-10.238041,-13.305015,0.5180191,-8.78599,-8.472743,1.9198322,-7.8851495,1.571055,-3.6504445,4.629913,3.7030458,5.6492124,-0.67601645,0.52963585,-3.8277125,0.3011816,-1.4388376,0.77769434,-3.7638571,5.780449,5.195053,8.406517,5.0502987,3.089348,2.0833755,6.13547,5.942898,11.617901,7.1396003,3.759259,-1.2479321,2.090213,disgust
-460.65308,26.320583,-16.703167,13.610468,-14.053087,-5.3054833,-13.252536,-12.472674,-10.916789,-10.784216,-3.3630483,-10.601079,-2.9985914,-5.5318966,-8.366073,1.8778001,-4.3165402,-0.62124705,-0.37977672,-1.6693016,0.4060655,3.566073,-0.019337816,6.6724772,0.43742135,6.281221,2.607715,3.7200565,3.0163596,2.1630735,2.97895,3.0503173,0.2057488,4.470834,4.5023146,4.747319,1.609015,1.8105574,-0.4250566,3.3702583,disgust
-355.12933,-10.567433,-9.400571,11.309601,-33.458603,-3.7292688,-19.498571,-20.83084,-8.345568,-9.052025,-4.0096946,-7.9730787,-6.0230374,-4.1162457,-4.804183,2.7212873,-3.6195984,14.430426,10.27431,5.7162533,4.3073354,4.602019,1.5746006,11.131301,11.251069,12.410842,0.585366,7.2892504,6.2419667,5.8648186,2.7926965,-0.043844428,0.8680467,6.3340464,6.4313025,8.125199,2.718072,3.4721472,-0.70848083,4.5011215,disgust
-391.70877,38.86633,-0.23772594,25.370043,-1.487076,-5.0429707,-6.5657105,-8.247936,-12.113426,-4.897949,2.5968719,-9.970773,-2.1667016,-0.39221978,-10.538696,3.6486812,-3.1563187,-0.8104153,0.0011407705,1.9544924,-1.548375,1.4978633,-0.14286311,7.855274,1.0860342,4.9008975,-0.39599818,4.4701066,1.4891777,7.087646,5.1817575,2.4814026,2.369545,9.514438,8.174326,6.151299,3.3609834,4.1585712,2.207965,5.655411,disgust
-616.6786,83.614784,6.9154606,17.972599,4.7553678,6.9479203,-3.4693139,-11.382065,-10.481737,-4.7172494,-1.074525,-6.9241633,1.3120751,-1.4988534,-2.6399908,4.258615,-3.0175736,-1.9960938,2.0748842,1.2280957,-1.4656949,-0.42065594,-1.7695359,-1.1072888,-0.8122849,0.8915552,0.19461845,2.9815512,2.2143342,2.1567996,1.8906412,1.1139392,-0.81860447,3.1843355,0.53553087,3.6333392,-1.0739704,1.5663271,-1.2987629,2.7497177,surprised
-620.15936,86.199326,1.8075233,9.713677,-1.7134874,3.4534428,-5.843059,-12.322866,-5.323282,-7.2547984,0.74081045,-6.372509,1.3940454,-1.959198,-8.885581,3.0348325,-6.5737896,-2.085599,1.9688287,1.875996,-2.4852347,-4.727908,-3.475352,-1.2576439,-4.2237153,1.4265095,-3.979216,2.4890294,-0.56403935,-0.97874606,0.847668,-0.3071629,-1.6816106,2.0094292,0.81645095,0.5562497,-1.489969,-0.8268358,-1.8948505,1.3787194,surprised
-595.4555,82.5271,12.173162,28.175058,-1.2699208,2.4027097,-0.07616296,-14.028659,-5.0120764,1.9696723,-2.155466,-8.641624,2.9419386,-4.663713,-7.7494555,7.163702,-11.176112,-4.2235894,0.8181198,0.760721,-5.7623944,-2.4628406,-2.5834217,-2.427004,-3.130744,3.8553112,-4.2565284,4.4427867,-1.7849036,0.5340832,-1.0046182,1.509388,0.73139787,2.3833318,-2.063707,-0.19364442,-3.1352768,-0.70691746,-0.704541,1.8959994,surprised
-717.3241,74.265724,18.792515,22.575535,3.8102846,6.371618,3.5116882,-4.3218513,-5.7231226,1.3127651,2.79363,-4.4926624,4.194981,-1.0008235,-0.9951149,3.563995,-2.6968653,-0.016863702,3.5997407,2.9950619,-0.3744869,1.8029873,-1.3626572,1.0870701,-0.3086128,1.9301027,-0.28246406,2.0523615,-1.5326859,1.521987,-0.14830549,0.22586557,-0.3925638,1.4357849,-0.7631698,2.3252947,-1.117677,0.35882974,-0.4094973,1.4230258,surprised
-503.34454,75.85857,2.788849,12.781181,-0.7299192,-0.28080115,-8.662746,-18.284382,-8.979579,-11.065098,-5.4333177,-10.707813,-1.59397,-0.9008635,-6.969734,5.7401724,-8.934472,-4.873845,1.6037914,-2.1694274,-1.3082029,-2.0029452,-6.9831514,-2.879192,-7.210595,1.135612,-3.238073,1.3916675,1.8557441,-0.8084879,0.90832967,-1.3728837,0.5733886,3.463511,-0.10039033,3.0798206,-2.164514,1.6581019,-2.843502,2.820837,surprised
-478.88245,65.894714,-5.2807064,18.69922,1.9446782,-3.9208958,-12.363541,-15.433378,-14.439864,-7.4418178,0.16129896,-11.923084,4.4808197,-0.28272822,-6.5576725,1.840806,-10.668688,-6.749296,0.2456804,-4.0955944,-3.2519467,-1.881706,-4.5983562,-1.4854949,-4.61425,-0.18324107,-3.4691265,1.3285797,-1.3246299,-1.6580849,-1.8508857,0.41866994,-0.19390109,4.4651837,-0.8439149,3.5491726,-2.18853,2.582751,-0.082351096,3.4991093,surprised
-568.4826,78.99912,5.167773,17.343065,0.78072876,-0.16565228,-3.9835467,-9.691936,-4.2499275,-1.8376156,-2.758166,-8.191741,2.9248748,-0.47705176,-0.71634823,5.325277,-6.306389,2.0819821,-1.4913182,0.9141014,-3.5822723,-2.6114252,-2.8542898,-2.2119448,-2.595399,0.8136756,-1.7014908,1.6494422,0.23206267,2.425599,1.387307,2.3095467,1.8386278,1.3424615,-0.45432642,0.14410746,-1.4720356,1.8422682,1.6122123,3.546909,surprised
-635.18866,68.755486,15.152997,18.604406,0.092925355,8.996515,-0.52091616,-8.371597,-2.3942215,-3.0693405,1.3595557,-7.121284,1.4717426,0.078210756,-1.159184,0.17013298,-1.7817276,1.3591052,3.2334242,1.3855019,-1.5436221,1.1762635,-3.373304,-2.0300364,-3.4729493,0.26709187,-1.0437025,1.2949075,-0.11838309,1.2328336,0.82694185,0.9699884,0.4206865,1.5255452,1.2397606,3.08205,0.2719541,0.5379727,-1.2853259,1.5670766,surprised
-688.14185,41.716988,-7.0450068,9.221197,-7.1090918,-8.261806,-8.329984,-13.570581,-5.749722,-5.4966393,-2.5353065,-7.7585573,-5.0037584,-2.7628694,-7.3300247,-6.1823635,-4.823455,-3.6750143,-4.789361,-4.0147705,-4.2153068,-2.2016437,-3.7062984,2.4852638,0.88283587,1.8709702,0.97511065,0.49627313,-0.40759626,1.9419138,1.9898772,3.8711247,1.9126673,3.141541,2.2078545,4.4246745,1.8812937,2.1437726,-2.2133543,-0.5778129,neutral
-670.4788,41.424442,-9.09221,10.95585,-7.992073,-11.112117,-7.6440372,-14.364864,-6.4758515,-4.7638817,-5.9776335,-5.742215,-6.7594876,-0.6984739,-8.561698,-5.955265,-4.486988,-4.1976767,-2.5055232,-2.6256094,0.96363795,0.9829489,-2.560478,0.9849225,-2.1284008,2.352988,4.867157,5.7057343,2.706407,3.6524372,-0.68350804,0.9348131,-1.0945833,0.8739917,0.35690665,1.2688254,-1.2088664,-1.278068,-3.0820203,0.5803193,neutral
-693.15955,46.34629,-2.3269348,8.423779,-5.6459284,-7.567098,-7.924099,-13.093636,-4.8059335,-4.4247065,-4.756627,-6.5913734,-5.056409,-0.37965512,-7.899453,-4.4921355,-4.031356,-3.4492044,-3.8879154,-3.6749697,-0.9185565,-2.1027982,-2.421299,2.6960697,1.9811683,3.325624,3.1362891,4.7764845,1.7538252,3.234523,1.6505393,3.445684,0.8609168,1.633229,-0.27239397,0.08144269,-0.92904234,0.5700071,-0.26402017,1.6478825,neutral
-679.6365,38.594696,-6.0226645,7.7019835,-6.5688496,-9.592159,-9.202091,-14.763403,-4.5093026,-5.650529,-4.522878,-6.5276165,-5.1673145,-1.0723186,-9.6297655,-4.6576533,-4.4494734,-3.8433099,-3.5179636,-4.081267,-1.1791302,-1.2051147,-1.2891176,4.2559047,3.1341712,4.039088,2.193502,2.539808,-0.12325346,2.3507483,-0.52966326,1.7287316,0.87756336,3.3233538,0.21163066,1.0608487,-1.7676893,0.5506134,-0.9259685,0.83352435,neutral
-746.0429,41.711243,-7.3657002,13.216363,-4.6344266,-9.358641,-10.91912,-13.542019,-5.7119346,-6.1676927,-3.6499372,-8.930904,-3.5995505,-4.220012,-7.3617573,-4.607682,-6.723184,-3.5462039,-4.601584,-6.128342,-2.9859407,-3.7658734,-5.5486293,-1.2891887,-3.7258306,-2.4186203,-2.028193,-1.0435363,-0.16420265,2.5402403,0.26402494,4.947624,3.7922962,8.420208,7.2355433,7.5712037,4.0619,2.3205707,-0.28785187,2.724584,calm
-768.1147,38.86636,-7.899153,8.029404,-5.6279526,-7.0399103,-10.614153,-13.027924,-7.9086614,-5.229372,-6.2593503,-10.836643,-4.9969926,-1.9518453,-8.826191,-6.4444323,-6.4897656,-3.8290842,-6.482795,-6.067628,-3.0952375,-3.172552,-3.5704541,1.1038743,-1.0178819,0.5782196,1.2055286,-1.3019613,0.60501224,0.6763962,0.1085276,4.32242,3.1096373,7.2691364,6.8899393,8.39,5.1738467,4.3322587,-0.24113134,1.2404855,calm
-780.61145,41.426872,4.2066383,8.718411,-0.35146925,-1.6909888,-8.469849,-11.742816,-8.744074,-4.845618,-6.2564354,-6.208522,-4.4881935,-0.3910405,-10.031343,-6.2854047,-4.2840953,-2.6400816,-4.621032,-4.534005,-2.1356072,-3.20277,-4.065159,0.65103024,-0.11439404,1.7333082,2.24134,1.3715477,-0.1053425,0.6662411,-1.8372113,2.4003298,0.65892434,3.79449,3.0503657,6.3177834,4.328646,4.6071286,-1.0791658,1.1715783,calm
-755.9976,40.57126,3.3127959,8.021674,-1.6491619,-5.0380244,-7.8549395,-12.02487,-4.619291,-5.1236587,-3.0521154,-7.9933014,-3.6354728,-0.3883012,-8.642987,-5.3005624,-3.7384753,-1.4281476,-5.4755406,-4.612337,-1.8612854,-2.7018013,-5.6171274,-0.19666755,-4.185043,-1.2287728,0.48220316,1.5005326,3.1512117,4.1774936,1.7192085,5.399549,3.0124896,6.648766,4.967091,8.15253,3.6242435,3.232086,-1.2417434,1.601458,calm
-765.1522,53.78476,-3.6364717,13.259919,-2.4547646,-7.200421,-10.47626,-12.178838,-5.8306217,-6.997888,-5.670534,-4.9010825,-3.858163,-0.9397767,-8.18271,-1.2494613,-7.23033,-1.1059766,-2.5867474,-5.789043,-0.19282731,-0.49921793,-2.3728497,2.4844058,-2.060028,-2.4290233,-1.3366356,-1.9224572,-0.3969026,0.53995764,-1.2037085,2.8419302,2.3196146,7.6665983,7.5849867,7.391468,2.965379,1.3651508,-1.5609831,1.2942679,calm
-749.94116,52.1732,-5.5116363,19.607038,-1.0360045,-6.9973583,-7.387415,-14.462517,-7.0746956,-4.9933286,-6.4347215,-8.775296,-4.510909,-0.78706,-10.640678,-5.4788103,-7.479478,-3.968876,-5.19153,-7.73853,-3.2979994,-5.141405,-7.027668,-0.88369083,-5.322121,-2.8685687,-1.4139988,-2.345402,0.27883264,2.5084836,0.9544553,7.091106,3.927137,9.720565,6.5060716,9.079709,4.7191534,5.6399536,0.44634205,2.3030758,calm
-761.0356,49.06903,2.038657,12.391646,-1.3187385,-5.0671616,-9.615926,-13.5456505,-4.2422824,-1.1988,-5.433521,-6.0098267,-4.0827403,-1.9407178,-7.68483,-3.438504,-4.1053476,-2.8122756,-2.4350235,-7.231532,-1.9044129,-3.12632,-4.5281496,0.9088007,-2.688603,-1.4998723,-1.4152533,-2.5176256,-2.3131814,-0.79012895,0.4459755,5.1531887,4.5179853,9.648401,5.4100432,5.7019625,2.1344957,2.7962842,1.0506616,4.716097,calm
-804.9658,39.023075,1.3642006,11.350907,-5.2076707,-4.586948,-7.605613,-12.604824,-8.00286,-3.556301,-7.150843,-9.384254,-5.390097,-1.2697487,-10.573944,-4.511199,-4.996738,-3.8240201,-5.4450083,-4.276291,-1.6957979,-0.041663036,-2.3892598,1.1403656,-1.6112264,-2.4352393,-0.06993975,-0.9987908,-2.0225291,1.5464027,-1.531108,2.1728861,2.7551062,6.9218407,6.415729,9.075186,5.4040904,5.167655,-0.53449494,2.2649603,calm
-541.7447,40.22772,-17.555597,4.66349,-9.640451,-14.633942,-8.135841,-18.640291,-11.482902,-5.5646296,-11.927085,-1.7225184,-11.437678,-2.4418733,-6.3054357,-7.508121,-2.7346492,-3.6830368,-3.4434292,-2.3304403,2.4996486,0.5366074,-0.45538753,0.91755885,1.8423591,2.6630464,2.0365014,1.4150091,-1.8804207,1.5684128,0.6073871,1.5340705,1.2371311,0.7963293,-2.717862,-1.0514932,-1.382675,0.65026546,-0.78468907,0.42599064,happy
-589.2004,41.96044,-16.477304,2.4188976,-10.231037,-14.652757,-7.227984,-19.584677,-7.0068607,-10.977863,-5.56498,-3.7957652,-11.234695,2.734358,-11.1179285,-5.730387,-6.4153132,-6.303794,-4.330033,-1.2361258,2.761502,3.2827706,3.0139325,4.7467837,1.6532222,-0.8877842,-0.3950159,0.75604504,1.9554781,2.814208,-0.5590951,1.1314198,-0.32168537,1.6423849,-1.3288627,1.0326346,-0.18753251,0.90913594,-1.840563,0.7591811,happy
-602.4453,43.246605,-2.190476,11.461952,-4.9356976,-6.2824783,-9.545135,-15.791704,-8.381662,-9.247782,-8.098619,-2.552414,-9.07842,-0.6199698,-10.150992,-9.159069,-2.553401,-6.365122,-9.391861,-4.406849,-4.9875917,-5.5820937,-6.4761505,-6.0491734,-3.957326,-3.2159586,0.15776978,5.4664335,4.0529566,7.6138105,0.5020056,0.43223083,-0.056216627,2.1247022,3.7241526,4.2543645,1.3240281,0.48263866,-1.2155075,2.8779511,happy
-642.9133,31.76523,-16.338003,-1.7847464,-6.643401,-12.149316,-9.94302,-19.852022,-9.033713,-8.212237,-6.5510807,-1.0106091,-9.155219,3.194364,-7.0274568,-5.263423,-0.8614663,0.75768137,3.414604,4.2813773,4.9084206,3.0834038,-0.46912566,0.41901898,-0.22741823,0.30470031,-0.074624516,1.0887165,-3.109383,0.121196404,-4.2294908,0.026751028,-0.2504351,2.7341487,0.020769104,2.1259117,2.587422,2.088121,-1.1831347,-0.11450769,happy
-495.2551,33.5635,-41.482933,-4.285673,-21.646763,-22.437996,-12.703148,-21.336687,-12.656425,-3.6873055,-14.667395,-2.3229687,-11.4652815,-3.3057077,-2.0691338,-1.3974994,5.708707,3.4669464,2.5952404,1.1797289,6.148165,3.5416613,0.38117716,2.7258089,0.9867826,3.1280265,0.36146766,1.7644154,-2.0824437,2.0555003,1.521728,2.7457106,0.5444434,0.18628843,-3.2731106,-1.0309964,-1.4947472,-0.44352546,-1.5602764,0.781725,happy
-400.66525,41.126915,-47.92738,-5.472023,-23.105314,-28.713278,-14.131294,-27.251802,-14.800123,-8.905158,-17.674364,3.0264053,-6.9610486,10.039004,0.49177593,4.999585,6.53334,3.8933358,3.219302,1.4584118,-0.21501859,-1.4445639,0.70423305,3.1120098,-4.8102016,-0.5399054,-0.24318768,0.036809597,-4.08729,4.1880794,-3.025024,2.8430781,-1.2520989,2.9012916,1.6409075,4.772553,-1.9214904,-1.3461769,-1.1958078,2.0127656,happy
-449.08823,27.181063,-33.002304,-2.858137,-18.678232,-18.705887,-17.815449,-19.972095,-9.291601,-3.681012,-3.9887443,-1.3483096,-3.3315253,3.254576,-5.2895813,-1.1426026,3.4517615,3.714475,4.796045,-0.20848976,2.7859013,1.5729116,-0.30347723,2.095263,1.4538597,-0.3609366,0.1233946,0.73809606,-0.67946005,3.1578474,-1.5763775,1.9708172,-0.7435595,2.9185796,0.91733235,1.0861686,0.45872152,1.5141437,1.2669493,1.3485384,happy
-389.5418,12.619854,-39.046432,-17.500057,-20.779701,-22.660368,-15.073331,-20.047754,-9.206211,1.718548,4.725536,15.950315,7.1111007,8.893931,-9.366724,-7.948374,0.038175173,-6.5689926,-3.6428373,-1.5005847,8.080627,6.5343785,-0.45699698,1.759429,-0.6821449,-2.1301255,-2.7811806,0.33424568,-0.47650218,4.6427584,-1.5360504,1.4905986,-2.954972,1.5809469,1.0191048,0.62739855,-0.43477914,-1.4594429,-2.595044,2.2151217,happy
-699.18713,49.64729,-11.327354,13.858395,-8.425246,-2.974526,-11.3427305,-20.563965,-6.7788453,-5.099271,-7.992687,-6.2098336,-3.6669025,-4.772246,-5.9178977,-1.4440304,-4.940158,-1.5506241,-5.459805,-2.8120465,-2.9786963,-0.3318151,-6.555244,0.26079106,-4.105095,-0.71348673,-2.1181724,-2.2173657,-5.5546846,-0.32470176,-1.8960813,2.2349095,2.546582,5.9388056,7.751081,8.619897,3.3396513,1.8849087,-0.47339082,0.78485084,sad
-802.51556,49.099648,-2.529606,14.448852,-2.687824,3.1853015,-9.922745,-9.95061,-7.9868145,-3.6383939,-4.7495184,-5.837131,0.19897825,-2.0437005,-7.342813,-4.352681,-5.436576,-0.80347145,-3.9154518,-4.2647343,-2.5259347,0.38016182,-4.573515,-0.14727516,-2.5740685,-0.33492982,-1.9174439,-0.1110514,-1.9590161,1.1888635,-1.3135996,2.2915893,-1.200549,2.9795678,2.6238317,5.8551617,4.37249,5.43339,-0.19001576,1.5139925,sad
-766.63403,45.893875,0.23180908,11.42473,-2.5924463,2.4681892,-5.9577413,-15.03474,-4.477785,-1.9965655,-3.8863764,-4.1802425,-2.4906664,0.97478044,-6.610706,-5.8433933,-5.6229706,-1.9611269,-7.2709913,-3.929629,-3.0956564,-1.0722989,-4.9609303,-0.04038211,-4.0844254,-0.86985195,-1.2619461,-1.0295339,-2.540636,-0.2997333,-1.2000563,1.4206214,1.3244004,5.3873606,6.8072977,7.132451,3.9905295,3.8099647,0.038547322,1.2655904,sad
-754.68616,52.443596,-1.8934109,16.132614,-0.28885165,6.0525703,-7.987153,-16.657198,-9.985433,-0.22033697,-3.580371,-6.581121,-3.2880993,0.37034458,-7.2524056,-6.3000746,-6.34021,-2.5787513,-2.6548223,-4.0546484,-5.4527946,-1.9137337,-5.1972237,0.84843224,-2.8642066,-1.402549,-1.1180506,-1.1819211,-3.2937284,0.969978,-2.368853,0.010676539,-1.588645,1.5206757,1.1236126,3.2329717,1.1714488,2.5993133,-1.0724158,0.40040168,sad
-638.0798,52.854485,-13.91991,10.4277935,-3.2000828,-18.538958,-13.826603,-20.444132,-14.787684,-4.2467012,-11.487847,-0.5206748,-6.778595,-6.3246884,-2.7651668,-6.3753886,-5.9329886,-4.0288916,-3.8767037,-7.5504394,-4.4896216,-0.68538845,-2.0849745,5.06421,4.5464597,3.9990582,4.1169233,0.78420013,1.4694277,4.1705346,4.1173697,5.04921,1.1441857,0.87711287,1.4497324,4.8638926,2.7015908,1.683495,-3.6336372,0.28811818,sad
-434.1023,34.702095,-43.39519,-6.4544816,-15.101987,-33.677696,-15.306681,-26.760225,-30.367626,-1.6426173,-18.58789,-0.86382866,-0.9709693,-0.27612588,7.76237,0.8387426,8.877577,14.858333,4.088624,-0.00770651,-2.339554,-1.2388866,-1.6838706,-0.69195396,-3.3065543,-2.790485,-1.875224,-3.9180658,-5.0529156,3.3692281,1.8479326,-0.2407824,-2.7160878,1.8349956,1.1170707,3.2655234,1.8372366,3.605429,-2.2092688,0.7978311,sad
-671.27716,45.853363,-2.9593875,2.6407511,-5.23076,-13.537555,-15.337567,-21.205364,-15.369964,-3.5695157,-12.888166,-0.73336154,-5.155278,-5.984247,-1.0857254,-8.62212,-3.1587234,-0.37301344,-4.102594,0.20270175,1.0817646,4.094605,-0.2494489,6.27324,2.5986748,4.735173,1.2066346,0.17564204,-3.6968327,-0.34528902,0.5557589,0.5523854,-1.8752712,-2.080967,-3.6608868,-1.6095937,-0.77479404,-0.8435044,-2.4566665,-0.52158684,sad
-468.67654,34.196877,-38.266243,-5.9782557,-17.606228,-30.918468,-20.3834,-23.406195,-31.378235,-1.6153593,-10.672827,-3.4997678,-0.4863084,-2.5434759,7.524628,3.0276191,2.1578772,14.046813,1.8631197,-0.27640873,-3.1748848,-1.6455266,-5.2193537,2.412717,-2.0687149,-4.339767,-1.7589543,-1.3298205,-1.2577858,0.45105314,-0.21809396,0.3417516,-0.22509718,2.120938,-0.56985384,2.2058017,0.15949337,3.7497761,-2.6336234,-1.1346841,sad
-693.50543,41.9956,-2.531141,5.343317,-5.023804,-4.262922,-6.327535,-13.13438,-7.06148,-9.066728,-3.3507814,-4.520887,-8.13668,-2.1444936,-7.364873,-4.4341607,-6.756683,-3.7324429,-5.556584,-4.379237,-4.713219,-2.9993796,-5.0287166,-1.9526342,-2.4809275,-0.694481,-1.2729363,-2.5021937,-4.3702416,-0.41845524,-0.9354491,3.804633,2.1885974,4.5496984,3.4977899,4.419831,2.5183718,3.314057,2.3789842,4.131831,angry
-536.6768,33.55998,-13.371816,-5.060795,-11.84024,-8.792869,-6.882868,-15.118401,-11.033106,-8.170765,-6.547039,-5.063745,-10.550111,-4.1771092,-10.909824,-5.993018,-5.016459,0.32359925,3.7056355,5.6857533,6.7347074,1.9910983,0.15264517,2.459056,2.8124123,1.2479475,-1.0467795,-1.6594698,-1.7678392,1.1288784,-2.663794,-2.4885128,-3.397604,-0.500953,-0.3803325,1.0300325,0.08614606,2.5179036,-0.46383765,1.6840473,angry
-594.7638,35.19402,-17.955927,6.5997677,-11.880016,-9.985859,-13.699548,-18.28511,-8.806801,-5.0018425,-4.7044406,-3.1835022,-7.9826818,-4.0867662,-6.966921,-4.3863654,-3.5948129,-2.7611175,-6.4606876,-5.1265564,-2.4927588,-1.2169065,-5.0548472,-2.981721,-3.4293363,-2.0583858,-2.629817,-1.4648583,-2.073337,4.3157964,4.151694,5.403391,6.288883,6.4279504,5.041254,7.258165,3.0105996,2.640238,-0.45056444,2.9337018,angry
-494.15973,36.622925,-21.563206,-5.797656,-14.652129,-18.181269,-12.908962,-20.26666,-12.743468,-7.552314,-7.503745,-7.360409,-12.334578,-4.002112,-15.494958,-10.57208,-9.648536,-9.177775,-9.037336,-3.1144593,1.3654325,3.9984844,1.3996997,2.3941913,0.9599952,0.92838794,0.8047287,0.15651827,-0.043942936,3.716355,0.025962478,2.3009102,0.83152974,0.68998003,0.1309988,0.5194174,0.5061603,0.3468982,-0.9367387,0.09196631,angry
-368.45407,40.720547,-11.906232,13.803942,-18.435818,-14.474367,-5.5610642,-17.708094,-8.642065,-10.237261,-8.93772,-3.1246488,-8.475353,0.35847002,-8.27248,-3.6475651,-2.901634,-2.9410038,-6.603543,-4.9668193,-2.7465553,1.4986705,-0.69334483,2.5447142,-2.526304,-0.1585928,1.1570374,2.1450675,-0.17452791,4.9511213,1.6246456,3.0555944,-1.1918467,0.6736882,0.43875092,3.732857,1.2881794,2.4222333,-0.33523577,1.6093038,angry
-297.01807,29.495943,-36.760914,-12.21713,-27.099634,-25.596022,-10.913904,-18.186426,-9.156667,-3.6689937,-4.727476,0.92353153,-9.984667,-0.6218418,-1.5698557,2.8337934,6.498642,7.890498,3.7180564,4.3627787,2.7614129,-3.022072,-4.9368773,-0.9008323,-5.5450263,-2.6025429,-0.74996644,3.5347319,-0.5420312,3.742437,0.4561376,2.859941,0.091793,2.7418125,-0.76194257,3.7417529,0.0698658,0.6624425,0.7847506,2.3076248,angry
-259.27777,29.883244,-36.155716,-18.154156,-22.985485,-23.07106,-10.302996,-15.541324,-10.945742,-7.4708204,-5.4671087,-7.252128,-5.651686,3.6323502,-3.7470415,3.5128376,2.801538,7.677683,-1.4231427,-0.38775316,0.2819754,1.7703818,0.61966985,1.2706544,-3.156816,-1.5561118,-0.17149858,0.74549526,-3.4049432,1.8294303,1.0131426,2.1002972,0.25330293,2.0476751,-1.2683994,1.0413097,-0.5268133,2.2794766,1.5554733,1.9233375,angry
-447.41263,25.289179,-11.845123,7.656037,-12.912148,-6.527798,-10.579801,-16.992147,-9.005843,-10.112375,-6.2748137,-6.5553923,-9.252548,-2.088468,-6.5856447,-3.5567083,-1.9486753,1.0868056,1.0235565,0.65832764,0.1631742,1.209608,-1.720376,1.0637839,0.13874623,1.2404367,0.55121565,-0.056937553,-1.5385761,1.1778395,-1.3747463,-0.21514356,-1.602819,1.2797203,-0.18021408,2.3944201,0.87894547,2.5053933,1.4959234,2.73117,angry
-682.40753,33.858765,-7.2319417,5.7238097,-8.256733,-12.396631,-11.269762,-14.058513,-4.6578827,-6.540237,-8.489699,-2.4436467,-7.3123336,-2.6352973,-3.4729955,-5.845562,-2.751398,-3.0376115,-5.0491652,-2.9106488,-0.7441671,-1.3425897,-1.6628337,1.3301663,2.8691576,3.4336905,6.250752,5.1294184,2.4642541,4.3416047,-0.85706955,2.7373495,-1.3238556,1.8341951,-1.6395373,0.08576464,-2.4456344,-1.1779335,-2.1620004,-0.5745973,fearful
-660.3833,37.533627,-11.052543,3.3642128,-8.721232,-17.694908,-13.404568,-19.954523,-2.723438,-9.41049,-10.813775,-1.0686373,-10.0529375,-2.6756186,-4.198151,-8.01087,-3.8175602,-3.652834,-5.1224294,-1.967981,-0.68852043,2.161441,1.8678856,5.655475,4.374732,7.1980553,6.931938,8.063133,1.380038,2.5119102,-3.1397288,0.98533607,-2.2897873,2.5194044,-0.9470848,1.1361455,-2.6824317,0.3195081,-0.0436474,0.8995337,fearful
-706.91693,30.568674,-1.3247238,9.443692,-2.9390378,-5.5472455,-16.485186,-17.372532,0.02089125,-5.4620376,-7.3869977,-5.850169,-4.046792,-0.30338466,-4.743104,-6.0782337,-4.135221,-2.8853261,-4.5739264,-4.5184736,-2.1011307,-2.4937983,-2.893038,-0.63856876,0.34989342,4.415521,5.999652,6.212135,2.1183064,4.5129147,-0.4179833,4.5419555,2.9152586,5.1634665,0.13277987,0.3379746,-1.1469039,0.26170525,-1.0862422,0.23240562,fearful
-726.6026,43.499313,-1.8065552,12.755636,-5.0860057,-7.9953947,-17.050783,-20.277971,-3.9463112,-5.414879,-9.053226,-2.534146,-5.516702,-1.8934063,-5.649904,-7.035671,-6.2656837,-1.7475518,-6.1615524,-4.3305016,-1.6397969,-2.9076805,-2.0793,1.9324421,-1.7019675,2.4123454,2.623996,6.9088497,3.6888206,12.709648,5.938539,11.081204,5.7247105,8.821227,5.601472,4.0701127,2.3280785,1.5681188,-0.014458377,0.5455341,fearful
-305.3057,33.264297,-42.621914,-9.992518,-20.513979,-23.461332,-11.5272045,-19.09282,-3.8543532,-3.4389458,-4.9320793,4.0497313,-0.8556166,12.414632,-1.2966149,3.716262,9.371292,3.585251,5.308272,2.5147138,6.860977,5.4341226,0.44312346,2.7780437,-5.198678,-1.1535076,0.81262714,0.45663396,-4.3043847,3.2325876,-0.68062085,6.081644,2.007718,4.581767,2.4780471,3.3142786,0.93874395,2.5859644,1.2019894,1.894308,fearful
-291.68515,28.723457,-45.95958,-17.710907,-25.374477,-24.706799,-10.812306,-22.382221,-5.4843946,-0.12062331,-8.262512,10.280351,0.1803023,15.6650095,1.6846972,1.0204384,5.547987,1.6196686,2.2857447,6.0062766,5.843499,4.5174236,-2.7394855,3.8612835,-1.7656347,0.74814206,-0.9691294,2.7201087,-2.6197147,1.961128,-6.068548,1.6150146,0.05952782,1.9774895,1.5660282,2.40294,-1.4611676,2.6285517,0.43517023,2.7404246,fearful
-318.416,23.06543,-44.50311,-24.463194,-19.986753,-25.156769,-14.105927,-15.618337,-3.960563,0.91327256,2.1326246,-1.4030788,-7.6237125,4.8717556,0.50795007,3.6840699,2.493212,-2.5957558,1.0489668,-0.8137435,-0.7159891,-2.351896,-9.429098,-2.334959,-4.837594,0.034089074,-0.8613079,1.1326113,-0.15400948,6.3870993,-1.2749624,-1.1690974,0.101245,2.4323173,0.52310777,0.40459895,0.027183944,-0.097616754,-3.7121415,0.47352603,fearful
-316.0842,10.287307,-28.112381,-15.52321,-18.12778,-19.680025,-11.868938,-16.041658,-6.383855,6.048209,4.140192,18.339901,5.2504697,8.488161,-6.8032866,-6.6198673,4.7275424,2.2301142,-3.219079,1.0308064,6.331599,7.9767785,-2.5391433,-4.0601974,-3.1526296,-0.30695432,-2.4182801,0.8366989,0.02242631,5.0041223,0.81158274,1.2599559,0.57958066,-0.5656033,0.39719057,0.68635195,-0.026838442,1.7539129,-0.26425856,1.3585198,fearful
-588.5704,49.65976,-10.556583,0.9693365,-9.766249,-10.416675,-10.350726,-14.793937,-9.964069,-3.431703,-8.228913,-7.0381346,-4.2224255,-5.192098,-7.6921773,-9.56385,-7.676685,-3.3762953,-6.975619,-2.609091,-0.6895535,-0.9400793,-3.7662358,-0.095543966,-1.0187292,-0.62049675,-0.11510642,-1.2373947,0.062618494,4.0942984,1.6907985,2.681774,-0.33884734,2.2113428,2.134826,2.902145,0.13802256,1.0207051,-1.6970758,-0.1544634,disgust
-628.2128,69.50804,-7.715517,4.436063,-4.1133223,-10.24871,-12.372438,-8.362576,-0.6681569,-2.89671,-5.0298243,-3.5651526,-2.5791435,0.12941536,-4.3225727,-5.6833215,-5.9717255,-3.0194182,-5.9252276,-4.522586,-2.5075548,0.36477777,-2.7899442,0.8007052,-0.3795255,3.116828,1.2740033,2.2802312,0.6875351,2.4288206,-1.1710474,1.1130192,-0.13127747,2.8998115,2.6252983,4.654864,2.0746574,3.2031784,0.05469507,0.87778634,disgust
-668.7888,49.466755,3.5838866,1.0095955,-4.8802133,-4.1763678,-11.553191,-13.123092,-5.088382,-6.318814,-7.097919,-6.928869,-2.9173791,-4.0109553,-6.312621,-7.5279374,-5.807345,-4.0982327,-7.811403,-6.878063,-5.4874043,-3.3051915,-7.0987396,-3.3879864,-5.4439545,-0.5977879,0.40327758,1.6264402,0.48835638,4.3806915,1.7231444,4.792276,3.228345,7.285519,4.1516113,3.7937639,0.6990009,1.7118639,-1.1059064,1.1720732,disgust
-626.3236,44.60811,1.8774529,0.2684578,-4.987061,-9.4682045,-17.747372,-15.180892,-6.9212446,-7.60037,-9.599371,-6.7866073,-6.1637897,-3.8774343,-10.673633,-10.226105,-8.743601,-6.4333797,-8.445752,-9.365734,-6.8109,-4.5833654,-4.8755403,-0.5897412,-4.5001097,-2.0036654,-2.0921917,1.035742,2.3433747,6.844987,5.518805,6.0754647,3.0020318,3.9995577,2.5889337,3.707056,1.6398056,1.3153726,-1.2222719,2.5088146,disgust
-578.5031,41.125,-4.5447545,2.2331476,-9.888416,-9.224485,-8.287067,-13.939312,-14.694121,-2.7149587,-6.6550746,-7.285717,-2.4842465,-2.2505112,-5.2119894,-5.6943693,-5.8748593,1.8999364,-1.4652984,3.0028133,2.4501972,1.4166137,1.4085786,2.4596503,0.46306562,2.3404987,1.867198,-0.21520212,-0.057599522,0.7589003,-1.5575618,1.3723984,-1.4621018,1.3293859,-1.0218326,1.2443448,0.05696863,0.64844084,-0.1418994,0.86423486,disgust
-551.38306,34.648243,-10.4442625,-0.15691106,-8.584781,-12.618928,-10.2049885,-12.634866,-9.772911,-7.358606,-6.3556566,-3.8736103,-7.4236484,-3.8623378,-8.586844,-7.523177,-6.40115,-4.231378,-1.9007052,-2.0883973,2.152706,1.6467963,-0.77478987,3.0522306,3.412054,7.250098,8.421447,4.670922,1.5875893,-1.2057039,-0.85723734,-0.2014235,-3.2247827,0.49342564,-2.1882987,-0.035124764,-2.7727811,-1.3348637,-2.9541342,-0.06742108,disgust
-500.11118,15.922472,-8.41314,-12.169344,-14.8347225,-17.755146,-17.32271,-18.072563,-14.420774,-4.826634,-12.315916,-13.50496,-6.968603,-4.5906143,-7.2312646,-3.1095583,-0.25804952,2.0987818,0.43742487,2.1795805,4.159193,2.410492,3.883507,0.57653844,-2.3628469,0.8532147,1.0808975,0.05444641,1.3973318,0.49301413,-0.990502,1.2807593,-0.8104267,0.95862013,-1.5057851,2.7969198,-0.6822306,0.6375211,-3.135223,2.2898693,disgust
-475.40457,42.669785,-13.657442,-12.19708,-16.531025,-9.7512045,-11.49457,-20.290558,-15.6297,-4.6190357,-8.519413,-12.092398,-9.369137,-7.020214,-12.721939,-8.892859,-5.442403,2.1239114,-2.0955002,4.6918297,5.618907,3.7541947,-0.9043865,-0.19119073,-5.3666334,2.1076384,0.7069068,-2.953611,-1.1678373,-2.4425895,-2.5815687,0.10816509,-2.7407157,0.018863738,-1.1141648,2.680431,0.24686314,1.0095394,-1.5464844,0.52534604,disgust
-622.9003,39.302605,-19.883518,5.8316407,-8.095611,-9.1066065,-11.286205,-18.874006,-6.711001,-6.0475945,-7.8989463,-3.6161358,-6.245698,-2.3972256,-7.0434566,-8.246555,-8.058521,-7.010801,-5.295793,-5.1470027,-0.337669,-0.8624961,1.0235807,2.437733,2.0449975,0.17798565,0.8775599,2.1540751,2.14875,4.671255,0.78077745,-0.00818551,-3.5571597,1.1529051,1.5693876,2.388276,-1.4804277,-1.2983917,-2.8200986,0.6838193,surprised
-547.1561,45.50765,-16.452559,3.3597445,-9.039696,-12.740326,-9.50048,-14.875893,-9.161495,-7.502712,-6.7805204,-6.6787252,-6.845437,-3.6318665,-8.653359,-7.603295,-3.133675,1.455407,2.5460796,1.8295995,6.0059624,2.9863012,2.9663115,2.5097027,1.0728859,-1.4677837,-1.8122339,0.23473088,-1.0111276,0.15531008,-2.3911889,-0.80246526,-1.3158689,3.895705,2.2510192,2.854608,0.71584517,1.869028,-1.5907788,0.8589239,surprised
-661.00024,40.91031,-11.86774,2.676729,-6.011589,-4.377767,-12.047035,-16.578367,-6.3245864,-4.7456303,-7.2426147,-5.5693884,-4.148707,-2.9895806,-6.830186,-7.1233726,-6.8493657,-4.479815,-5.2154016,-4.478889,-0.12335677,-0.8376797,-3.0961823,1.163258,-1.7099485,-2.9718785,-2.173955,-2.198748,-2.519726,-0.43008405,-1.9986411,1.6271855,2.2479696,4.981821,3.2503576,2.7656689,2.4686823,3.1252303,0.45728135,1.652775,surprised
-650.9923,44.26906,-17.73562,5.2042603,-10.607769,-8.87,-11.603542,-19.406746,-2.6291447,-7.869518,-5.854406,-4.867023,-1.100617,2.4225821,-1.4225212,-3.7567754,-4.123945,-3.6864014,-3.746243,-3.6511514,-3.1348407,-1.5627344,-3.9878347,-0.5256921,0.39385104,0.042074203,1.1588632,0.81178695,-1.4552292,0.62557596,-3.0596373,1.8152361,1.1303279,4.4002223,4.4245276,5.265381,3.9794085,4.297913,1.3906181,3.0908182,surprised
-442.9185,41.84753,-28.626188,1.5108256,-17.959583,-16.333649,-12.291537,-20.085648,-10.309956,-6.500269,-12.601835,-5.7734046,-4.9551406,2.662115,-4.762914,-4.285932,1.7231152,1.4903151,-0.698597,-1.6319053,1.9924854,-2.2409916,-1.5086882,3.8957758,-0.21282707,-0.61167365,0.32779452,1.7526191,0.0635907,1.8852284,-0.018667161,4.1846585,0.17563389,3.1375976,-0.34949875,3.7026017,0.09025119,1.0859373,-1.591841,1.1685114,surprised
-626.21625,46.54704,-19.54578,1.7441809,-13.321593,-10.781125,-11.239082,-19.282585,-9.696041,-8.600324,-8.830562,-6.85684,-7.9421473,-3.368633,-5.8056493,-6.4116797,-4.981359,-6.428965,-3.8533466,-4.16502,-0.28700754,-0.083167486,-2.493835,1.1095413,-0.39066082,0.9752888,-0.35572505,0.47670463,-0.487982,1.7567947,-1.262496,0.95295626,1.0376257,3.0761535,0.6214099,1.323447,-0.9672049,1.5953019,0.43137828,0.6969996,surprised
-469.1431,40.18692,-29.797247,2.1796696,-10.307925,-11.24365,-10.229783,-25.733007,-15.439573,-4.086083,-15.402198,-7.6116753,-7.5366135,-2.5686443,-9.54573,-7.9740796,-1.3264163,2.6060495,2.2448163,2.8388994,7.179353,1.366063,0.39374718,4.519788,1.453146,2.7076674,0.6575148,2.2372499,0.4780788,3.2929897,-0.8934425,3.1219778,-2.0713842,1.8246447,-1.1615174,2.605624,0.7852066,2.383367,-0.21839811,2.291017,surprised
-560.3368,38.236687,-20.307865,4.627217,-8.036417,-8.032211,-12.391733,-20.566757,-4.9246078,-4.785286,-10.252327,-6.200671,-6.9682975,-4.3694353,-10.876072,-9.321737,-9.081867,-6.221784,-7.408562,-5.3042827,0.6929821,2.699608,3.42658,7.2977343,2.97766,0.53629094,0.7626583,1.8000889,3.3972685,4.5108995,-0.7857076,1.1246179,-1.3594975,1.9044231,-0.22716881,0.0038011384,-1.4301535,-2.641182,-2.2868938,-0.98139673,surprised
-552.3427,83.21004,3.828981,15.504503,10.404616,-8.853696,3.4583392,-6.3873425,-12.1436,-1.2902815,-1.5524107,-5.9357457,-1.6776692,1.6794889,-3.5010343,-3.2204196,-4.274362,-1.2606087,-1.5351034,-1.6051999,-4.461284,-0.28579658,-5.8729963,-5.1044517,-3.805065,-2.6452773,-5.5098124,-1.2263925,-2.5610754,-0.6574225,-2.3007298,-1.939188,-3.6160622,-1.1210647,-2.4953082,-0.5118212,-4.0774503,-2.1899986,-2.7185223,-2.496208,neutral
-551.3756,90.548294,9.859566,20.196665,10.057915,-5.75847,4.0670547,-7.901185,-11.776759,-0.37488565,-0.20128232,-4.46451,-0.96998185,2.7656875,-2.498703,-1.4688056,-3.1508875,0.0007052495,0.06557993,-1.5861632,-3.8354003,-0.23959011,-4.208897,-3.95973,-3.4305677,-1.8821393,-4.351285,-1.1078458,-1.2879058,1.7401649,-2.1342347,-1.1471715,-3.5902302,-0.74035764,-2.5344756,-0.6101685,-3.7077699,-2.7891421,-3.5477107,-1.5947578,neutral
-573.8864,83.03556,4.4259644,15.850526,9.99975,-3.5795424,2.4876544,-8.590869,-12.439296,-1.3456658,0.16925378,-4.1114616,-3.8769424,1.817903,-1.5138865,-1.0500494,-0.6867638,0.9238636,-1.1360257,-1.8876874,-5.174885,0.39579338,-4.616492,-4.9701743,-3.156613,-0.35041803,-4.2753444,-1.2516149,-1.2196082,0.7743297,-1.7700834,-1.9151455,-2.4574928,-0.3092977,-0.864143,-0.31128833,-4.045883,-2.275485,-3.8247817,-1.6708249,neutral
-578.08215,83.40936,3.8956375,15.704081,13.085663,-1.1306922,0.32041016,-9.377445,-11.284163,0.62819636,-0.6383944,-3.3176434,-1.1082397,2.088869,-1.8628662,-2.295213,-3.9842088,0.31502745,-1.628047,-2.1195602,-5.2458553,-0.73432606,-4.415784,-5.2346106,-3.8630235,-1.8900446,-3.238802,-2.236573,-1.1947798,0.5255259,-3.3023198,-2.4375286,-3.8938017,-0.8149536,-2.6383295,-0.9077824,-3.870098,-2.4970675,-3.663051,-1.9728626,neutral
-576.23755,101.690315,11.905915,20.569365,14.604016,-3.3479903,1.8774135,-8.708542,-8.05064,0.047593396,2.5754223,-3.2353709,-0.16639785,3.9098754,-2.0975466,-2.9823701,-4.2827964,0.10140951,-2.461223,-2.5214999,-6.1812077,1.4651872,-6.8953094,-4.5943074,-3.0489633,-1.8161715,-4.111234,-1.4776375,-2.1435924,1.0379744,-2.589917,-3.196167,-3.2875319,-2.0828664,-3.5337331,-0.66032964,-4.2058153,-2.4455533,-4.3192954,-1.9516182,calm
-551.291,101.74618,4.589112,18.162603,15.521794,-8.618878,1.1078768,-9.551767,-10.219618,0.092652895,0.18234792,-4.705092,0.4154339,4.067425,-4.0488744,-2.4811797,-4.000424,1.2029717,-2.4136093,-2.5562491,-6.3431115,-0.030009747,-6.521117,-3.6471617,-2.9485402,-2.0305448,-4.7385683,-1.106361,-1.3297913,0.816776,-2.6503005,-3.09303,-4.2846875,-2.8579803,-4.3803053,-0.78639066,-4.599161,-3.8119981,-5.37366,-3.0517852,calm
-595.2112,91.54204,17.118183,22.087448,15.968262,0.90737975,5.0205708,-7.8100963,-5.544417,0.8784011,2.297975,-0.39440757,2.7542624,4.925074,1.1940589,0.31240693,-1.568269,2.3982868,-0.34709755,-1.4383671,-4.4995112,2.022154,-4.239221,-3.061968,-2.2812603,-0.90552753,-2.8612974,-0.79313904,-0.4098205,1.0704052,-1.0014784,-2.0465207,-2.4986353,-0.36698824,-2.2916708,0.235801,-3.6315522,-2.0425878,-2.8971858,-0.93418765,calm
-565.3113,97.955925,10.081766,21.935537,17.362768,-1.516632,-2.0645692,-9.378053,-6.4617014,1.5030109,0.65655726,-4.2953305,0.7807886,3.8827693,-1.7489941,-1.0882275,-4.1217637,0.9837578,-0.92888623,-2.3261395,-7.157713,1.3199892,-6.4259434,-4.614999,-4.0139265,-1.630626,-1.7531832,-1.403198,-0.696057,0.8680787,-2.605968,-1.9467567,-2.6524725,-0.61697245,-4.403439,-0.34493554,-5.6781526,-4.285944,-5.1023006,-1.5535523,calm
-551.5495,90.95745,4.498067,24.691126,13.218011,-1.7388015,1.3142056,-9.143953,-5.695369,1.5157037,2.8402143,-3.6100578,0.34784007,4.480965,-2.903053,-0.93851835,-2.832067,0.9506525,1.437199,-1.0071583,-5.9845176,0.53592473,-6.125445,-2.5576968,-2.591592,-2.725151,-2.4608078,0.04038128,-1.628016,1.9126645,-2.4925778,-3.351996,-3.457938,-2.849661,-1.7070423,0.13882525,-4.6499,-2.6010084,-3.9184554,-0.7503073,calm
-527.03864,100.54385,-3.155182,26.405296,12.517885,-5.1926174,-0.46976975,-12.470624,-10.407374,1.8226231,1.084918,-6.493822,-1.2476557,2.6382332,-4.2829447,-2.5718908,-5.1596847,-0.2225561,-1.2026064,-2.2226186,-6.9359074,0.110350974,-7.7618446,-5.7825084,-3.7650037,-5.2818136,-4.635005,-1.7678593,-0.85365283,1.082112,-3.8071666,-2.6958923,-4.2004423,-1.806607,-2.6012108,-0.21661142,-5.1225133,-4.10038,-6.0652914,-2.3387997,calm
-527.10144,90.665474,-2.1502888,21.552727,16.059202,-8.490531,1.732551,-12.345205,-10.543909,0.4261451,-1.3060744,-5.9025493,0.21214071,4.233152,-2.5317993,-2.191937,-4.726075,0.7190707,-1.7673204,-3.5465248,-6.576131,1.4012959,-6.278199,-6.1234274,-4.1553555,-3.4827929,-4.5902257,-1.4647778,-1.3640643,1.3886509,-2.3692458,-3.5851734,-4.160233,-3.561405,-2.6094055,-0.055564117,-3.5617123,-3.929951,-5.0952973,-1.3768344,calm
-541.4544,97.86399,-3.2071304,22.896542,15.890284,-3.3905172,-2.9045143,-13.289768,-8.681222,0.2576855,-2.09302,-4.0036373,-0.356125,4.1572757,-1.7186089,-1.4665781,-3.8357878,0.18669444,-1.787936,-3.7266157,-6.5601525,3.130203,-6.7607365,-4.478002,-3.2987132,-3.561918,-3.3743625,-2.2992504,-0.6954898,2.383497,-2.5691137,-4.298122,-2.664757,-1.2281274,-3.483025,-0.5700435,-3.868661,-2.290596,-5.082662,-1.2997085,calm
-534.1094,80.397705,-4.5435615,16.899446,10.093589,-8.433317,-1.9055502,-8.282957,-12.339158,0.99110246,-3.579015,-6.4202065,-0.33035535,-1.1782885,-5.4015627,-4.8487267,-4.804602,-1.3893611,-2.3903353,-4.138921,-4.5947833,-1.4177932,-5.9599085,-5.152214,-2.5940745,-3.121771,-3.2808557,-1.3993556,-1.852806,-0.44635803,-4.079235,-1.4263619,-3.427218,-2.477939,-3.0339,-0.68552256,-3.9474375,-3.066902,-3.743041,-2.3930373,happy
-524.2552,81.72726,-9.452712,18.250767,15.678699,-9.307476,-1.1026886,-6.030882,-13.576042,2.4187725,-1.8820465,-7.099015,0.48681974,0.8945126,-3.986893,-3.5945606,-4.833593,-2.057808,-2.0031724,-2.941964,-5.617081,-0.17182875,-4.481181,-4.511191,-2.9836032,-2.8539712,-4.025156,0.028066283,-1.6673094,0.7101208,-3.735775,-1.5493747,-3.12039,-2.9036334,-3.2396905,-1.1895033,-3.0500672,-3.8591385,-3.578302,-0.79772663,happy
-504.54495,79.751335,-13.243617,20.939981,11.077117,-9.13974,-4.277196,-11.896307,-13.792546,0.87851447,-5.3741717,-7.645625,0.22528934,0.9871778,-4.3946366,-4.521274,-7.0598,-0.5957333,-2.1880946,-5.0964165,-6.9919806,-0.64580077,-4.8213873,-5.916041,-1.3912746,-3.0400963,-2.7900655,-1.5641234,-0.5259579,0.5593356,-3.3587544,-1.0533147,-3.7171192,-2.382757,-1.8788806,-0.31893286,-3.1850045,-3.381427,-2.6020222,-1.3188922,happy
-524.70374,83.1044,-9.467152,15.754787,8.670728,-5.350448,-7.052882,-12.534922,-12.379319,-0.6176132,-4.014673,-7.197956,-1.7249827,-0.28929973,-4.282182,-5.156987,-6.797993,-1.9274602,-4.178411,-6.14895,-7.4866037,-1.1294128,-5.9954934,-6.325696,-2.596877,-2.014075,-3.6597455,-1.5671042,-2.165011,0.66156924,-4.5680223,-2.0571077,-4.097008,-2.3348665,-1.7539401,-1.649277,-3.9395676,-4.0333858,-4.7090087,-1.9921616,happy
-433.81265,69.706985,-21.203403,15.014081,5.662316,-15.463249,-5.121257,-6.9405622,-19.143194,-1.4649786,-5.259542,-12.310183,-0.42121953,-5.7084575,-6.215446,-4.729924,-7.15408,-5.2830386,-4.4130254,-5.9807787,-7.466261,-1.69236,-6.2705436,-7.70799,-4.055875,-5.0218964,-6.455707,-1.7556361,-1.2676791,0.35887018,-1.4900846,0.4060363,-0.4415829,0.4032364,-0.048394483,0.80785793,-1.4633003,-1.8435112,-2.2327483,0.29760924,happy
-436.20987,66.96223,-21.119705,13.131101,9.002038,-14.640185,-4.7640824,-5.6287746,-21.276821,-0.8757014,-5.66707,-11.839824,-1.7982808,-4.7678905,-8.001517,-5.3423305,-8.430104,-6.222623,-3.579321,-6.2449584,-6.799396,-2.62279,-7.2258162,-7.743775,-3.8741577,-5.19307,-5.8664,0.07474259,-0.40610018,1.7334747,0.18577455,1.4070166,-1.8724229,-1.7883357,-0.7854579,2.0537744,-1.2508276,-1.398445,-2.7559931,0.022371365,happy
-461.17636,73.16267,-13.539094,11.932768,7.003356,-11.940007,-7.807758,-9.030989,-16.988071,0.6274461,-5.728039,-9.415386,-0.89877266,-4.8686495,-4.2807,-4.3374825,-8.06474,-2.6053672,-3.1352892,-5.0879507,-6.1182995,-2.0504384,-4.4299126,-7.60052,-3.2965055,-3.4776263,-4.610481,-2.1119835,-2.3461082,-0.3516768,-3.3242943,-2.6857607,-5.0587673,-3.9208295,-4.1533737,-2.9997666,-4.0763025,-4.003288,-1.8290215,1.5784196,happy
-416.0501,66.571144,-19.063126,12.955572,2.8318899,-14.150533,-7.6276393,-8.401726,-20.556355,-2.3920372,-5.8230567,-12.016917,-1.0858374,-4.4647875,-6.878706,-5.649003,-9.043158,-5.3974257,-3.9078221,-7.3875966,-7.9100904,-2.3402655,-6.518165,-8.567017,-3.3552845,-4.010986,-3.670325,-1.9810665,-1.9420288,-0.107068226,-3.4695845,-3.0080824,-3.040641,-2.2508366,-0.76766795,-0.24430023,-1.4694716,-2.1577022,-0.76733685,1.0698177,happy
-569.268,93.71624,6.583583,25.553165,12.334461,-6.3484015,6.0046782,-12.405812,-12.541496,-4.881807,-1.675436,-9.5032425,-2.6188707,-3.1261432,-2.8813448,-2.9023259,-7.9334793,-0.16637357,-3.6954448,-1.5060207,-6.0994086,1.291899,-6.528011,-3.8358986,-2.7567258,-1.7538388,-6.3168635,-1.245894,-2.1312323,0.34685114,-4.507868,-0.35131863,-3.3862698,0.19003075,-3.9349544,1.2625202,-2.8317008,-1.6064005,-3.7308574,-0.7462712,sad
-576.6453,92.24531,8.875078,28.963205,8.782981,-6.3881083,7.096331,-9.964905,-8.272957,-7.015259,-4.642779,-6.422528,-2.1664171,-2.8933203,-1.9891787,-2.5290136,-9.021872,0.10194579,-3.3522851,-2.713931,-6.4717894,-0.6330346,-8.006359,-3.570745,-2.1459384,0.077579334,-5.3483396,-0.583953,-2.2033086,-0.6069033,-3.9175932,-1.5712409,-3.2130625,0.031034118,-4.0144973,1.4693928,-3.1051612,-2.1692917,-5.7446923,-1.605223,sad
-549.83374,85.66774,5.166496,23.655058,8.589848,-2.6970675,4.5343356,-13.989592,-10.75388,-0.03078754,-0.38762444,-5.8511505,-2.3586805,-1.1055093,-2.8311477,-5.242043,-9.04587,1.3793722,0.16134585,-2.1364949,-7.408739,1.5123568,-6.5189996,-3.4102356,-4.632624,-1.7830209,-3.8175678,1.3452865,0.85393333,-1.1336691,-1.8841318,0.21282627,-4.5643444,-1.4816767,-2.2253845,2.2016957,-4.7163124,-1.9579211,-4.765349,0.395391,sad
-557.4595,87.569954,0.6403215,23.490334,10.951414,-4.1271715,5.187183,-11.702908,-12.472077,-3.0637045,-2.2360399,-8.071072,-1.7596155,-2.5253744,-2.5956645,-1.8249471,-8.022069,1.3819298,-0.7078122,-1.6767895,-6.1439753,1.480704,-6.996832,-1.7270497,-4.122741,-1.3659484,-5.4802895,-0.5446704,-1.5032005,0.51978725,-3.770974,1.4274433,-4.1219277,-0.56107754,-1.8827959,1.6348191,-2.4060576,-1.3966008,-4.1373363,-0.51949733,sad
-439.69238,87.05686,-23.68955,16.889784,15.136358,-13.247376,-22.593668,-3.8506048,-31.684315,-10.65035,0.38204914,-19.462334,-7.978409,-0.812456,-10.283927,-0.7214357,-8.584522,-3.6065316,-1.2599387,-7.3215485,-1.9409935,-6.6896477,-4.044808,-3.752279,-5.912988,-2.4663696,-4.5371346,-1.9256939,-3.740265,0.05727985,-0.7521619,-4.4878416,-2.3656785,-0.03420366,-4.3561006,0.5413879,0.27097565,0.8676484,-1.4565451,2.2883935,sad
-444.61908,84.27699,-19.84377,15.883853,16.037123,-13.109594,-22.19399,-7.4111905,-31.916553,-7.8615346,2.5135527,-20.64536,-5.736893,-2.8060002,-10.431402,-1.9830449,-8.548696,-3.6448934,-0.4471007,-7.143565,-1.3425401,-5.9624915,-4.0021257,-3.1386454,-6.4151745,-2.304881,-5.110455,-1.1337556,-4.2063365,0.7498989,0.1638434,-4.790154,-2.1696792,0.6896287,-2.3807793,3.15502,2.5479186,3.5157986,0.8155747,3.5893066,sad
-465.81058,85.791855,-13.836681,19.736132,18.37155,-16.390089,-9.325801,-12.428839,-28.430168,-2.6061475,-4.447626,-15.263658,-5.2729626,-5.1827617,-6.2797904,-3.8272438,-8.282459,-1.062855,-3.1217759,-2.5788217,-6.268823,-2.1115491,-2.7592158,-4.9668527,-4.4689126,-2.7930765,-4.632489,-0.97565776,-2.3311508,0.4746764,-2.7168114,-1.941558,-1.6565087,-3.0317829,-3.1937513,-1.456627,-1.345667,-3.9002516,-3.0293067,-1.0861932,sad
-483.11185,88.74256,-15.786054,19.138685,18.315392,-12.0639925,-12.51395,-7.206197,-26.921871,-3.2642334,-1.8589213,-15.063938,-4.3729353,-2.9777653,-5.995379,-0.80687386,-6.8056536,-0.88425165,-3.063687,-3.704691,-3.177857,-3.4065266,-2.2229867,-2.3171108,-5.228024,-0.16558193,-5.3468733,-1.9416668,-1.8299849,0.34550676,-0.11446479,-3.956026,-0.726953,-1.5035297,-2.0996664,-0.9082115,0.47927633,-1.7919096,-1.4502093,1.5255653,sad
-368.67096,65.23997,-21.893232,18.253254,8.305857,-18.187038,-3.5906928,-9.35752,-25.298223,-0.40788457,-3.194482,-13.037919,-3.5155802,-2.293615,-7.8006544,-3.2283745,-9.642618,-1.3315784,-5.372135,-3.3717647,-6.0497837,-4.069818,-4.274471,-5.9310226,-3.6376321,-2.870774,-6.851667,-2.0008976,-3.6094322,-1.2166085,-3.6373408,-5.2649994,-6.1809626,-5.432682,-5.2429376,-0.7773967,-0.7241601,1.9631842,-1.7601508,-0.18104883,angry
-388.0202,65.206245,-19.83146,17.081417,10.474277,-16.290466,-1.1859212,-7.4641166,-23.728477,-0.1448643,-2.6650484,-12.442054,-3.9383898,-1.9785895,-8.823877,-1.994612,-9.240837,-1.6918694,-4.4550905,-3.2725384,-4.3545017,-3.1632733,-3.8837538,-6.2144194,-4.479454,-2.6174889,-6.3362513,-2.6154861,-4.3592906,-1.9267675,-3.4218838,-3.2553768,-4.4764085,-3.842675,-6.0101414,-3.244357,-3.7758677,-0.61910456,-1.33099,1.5678812,angry
-355.99548,58.64407,-14.673311,14.177978,5.1738753,-16.338045,-3.272105,-8.392836,-23.139582,-4.163162,-4.207758,-14.590729,-4.315423,-4.337082,-5.457068,-4.0757785,-9.769687,-1.5772758,-4.1075535,-5.6509595,-6.2503815,-2.11739,-5.641114,-6.7861185,-6.594995,-3.9767213,-8.173184,-3.5144792,-5.107602,-2.2304785,-2.8230515,-4.039766,-4.9566207,-2.3396184,-0.86817765,0.94473314,-0.25086927,-0.115427926,-3.8885586,-1.3581672,angry
-387.22354,63.1974,-16.768837,16.990166,8.394145,-16.015144,-2.8133254,-9.831113,-25.052029,-0.33811083,-3.530301,-15.5469055,-3.5036495,-3.0544317,-6.9075084,-3.0172474,-9.249847,-0.8978269,-4.7356324,-3.025304,-6.73365,-3.1057239,-3.7033846,-6.582272,-4.8714027,-2.5602071,-6.8362794,-2.609889,-5.2683163,-1.3083525,-3.5770438,-4.3024845,-6.3117857,-3.8725924,-4.063564,0.16671202,0.2671151,2.8886523,-0.6572854,0.56014985,angry
-274.84528,61.503277,-28.688005,13.00794,7.616613,-21.534876,-8.486626,-4.3398647,-22.898314,-0.12619823,-2.4409852,-12.928531,-3.6326983,-3.3693588,-8.158455,-5.317231,-6.878739,-2.089921,-6.343277,-7.0048933,-8.196427,-5.372246,-5.6574454,-9.156616,-6.429863,-6.375165,-9.639183,-3.6507807,-2.2044435,3.8915987,7.2874317,7.94161,2.1978242,1.8376122,-2.1048424,3.0770373,0.7929708,4.756728,1.5870565,0.7111314,angry
-278.86594,62.819397,-36.442104,12.7806015,6.758975,-17.001316,-11.636312,-8.000871,-24.48038,-1.2487304,-3.6162443,-14.815537,-2.5376832,-6.1917686,-8.832777,-7.838066,-7.629252,-6.181377,-7.95589,-8.510864,-9.298216,-4.2991705,-6.949338,-7.9188156,-1.4600655,-1.3493885,-3.2783577,4.807709,-0.14273353,5.3087444,4.9179945,5.388601,2.1215887,5.569127,1.253741,3.9069602,0.3310711,2.3052938,-2.3294363,-0.3120379,angry
-324.25986,53.589462,-21.699404,9.654927,4.9749603,-17.095726,-5.583144,-11.430104,-23.74524,-1.6304317,-5.048646,-13.736824,-5.251734,-2.8376093,-6.028444,-4.7284784,-9.347288,-0.15129949,-6.129383,-6.141155,-6.3405647,-4.605846,-6.9567523,-9.459725,-6.0301156,-5.3551397,-8.452821,-3.168808,-7.6150146,-3.467138,-4.2497115,0.047395207,1.3295598,3.8518262,3.3308663,4.7457013,1.3565933,2.650554,-0.46969864,1.9230438,angry
-299.8464,51.6064,-28.499067,11.465496,4.9615116,-20.356665,-9.075592,-10.313498,-24.0169,-2.9122646,-4.8834014,-12.954914,-3.5409644,-2.65135,-6.6855655,-6.2454195,-9.708973,-3.8588223,-7.713777,-8.819121,-10.474391,-6.405714,-7.6177745,-9.762433,-7.0438733,-4.4963875,-5.9632125,1.7162732,1.3927085,7.070221,5.034442,3.2036855,-2.2717514,-0.75733125,-2.3026109,2.933747,0.60688674,3.722241,0.6705882,3.254139,angry
-524.4091,76.31741,-5.4465237,19.995743,9.429057,-8.355738,-0.5755457,-7.3868504,-14.136931,0.24704449,-1.6144576,-11.301971,-2.3378036,1.4710257,-4.304208,-1.142107,-4.933345,-1.1765404,-3.24831,-1.2802685,-4.873915,-1.4857556,-5.947136,-4.375001,-2.2775803,-2.1369994,-3.9985192,-0.24016356,-1.2418169,-0.08940554,-3.0782547,-1.1771172,-2.6959317,-1.6920319,-4.1570053,0.20703255,-1.7004566,-2.9642286,-3.2743976,-0.25027713,fearful
-522.2738,76.3259,-8.951445,17.991507,8.267087,-9.471616,-0.9632733,-9.039554,-13.749631,0.10772201,-2.254844,-10.8236,-3.2414956,-0.646671,-3.7325213,-1.6427648,-7.0114846,-0.0922684,-3.4358144,-3.3177457,-6.3142786,-2.009415,-7.128106,-3.0093887,-2.4721684,-1.9962083,-3.6946735,-0.8722787,-0.60540426,-0.13940923,-3.1375146,-1.4151862,-2.8825815,-1.6074822,-3.804079,1.346566,-2.5779068,-4.0356364,-3.894757,-1.3318794,fearful
-517.4531,73.41661,-5.1843166,16.465364,11.360755,-3.6527996,-0.04295437,-8.978698,-12.176795,1.8579104,-4.9774685,-9.254393,-1.3394942,-0.020625422,-0.03642314,-0.71145,-8.190724,-3.2959285,-3.1280146,-2.4207273,-7.328873,-2.387712,-5.326474,-4.699827,-2.368163,-1.375291,-4.6243043,-0.72585773,-1.7684224,0.8958327,-3.8675706,-2.4131756,-4.4962034,-2.005808,-3.8954995,-1.6600757,-2.969387,-5.901499,-4.542729,-2.4974368,fearful
-538.03503,77.19392,1.7598976,16.024303,7.8389325,-3.7137368,3.3435757,-9.736803,-11.924589,-1.5142428,-5.450272,-9.423584,-3.7945576,-1.3269768,-2.3934994,-2.8030686,-9.1372385,-4.704326,-3.8760452,-4.3070755,-7.45932,-3.0588388,-6.309228,-3.5502174,-2.3677394,-2.759677,-3.8538437,-0.3602499,-1.3585918,-0.38120556,-3.4384475,-1.7390432,-3.4986587,-2.327049,-2.7644699,-0.8056924,-0.9334522,-4.080571,-2.2491043,-2.3475928,fearful
-433.2102,63.799355,-20.748043,15.013267,8.451234,-11.88823,-7.263604,-6.9429603,-18.517147,0.70041305,-2.9430246,-11.406599,-2.026873,0.5155601,-3.0317073,-1.2903824,-10.00632,-2.5679276,-4.812857,-6.2046113,-4.5757937,-4.5256724,-4.858569,-4.0404596,-3.80231,-3.668957,-4.0761676,-2.4205887,-2.976223,0.7250089,-3.8426063,-3.1645193,-5.282332,-4.050776,-5.2472296,-2.0203025,-3.619161,-1.3779578,-1.9271865,1.4116402,fearful
-440.44815,64.86408,-18.734447,14.075145,6.573567,-10.39526,-8.990802,-5.814749,-19.157614,-2.5158179,-2.0865593,-12.307185,-3.350625,-1.148766,-2.583219,-0.66981095,-11.33423,-2.9329033,-4.21615,-5.914449,-4.284468,-6.6000056,-4.260587,-5.8231955,-4.4370937,-3.296798,-6.048823,-2.8693278,-3.9907668,0.5519942,-4.702932,-5.983063,-4.0624614,-2.484562,-4.2915406,-0.13340265,-2.6416926,-0.36487502,-1.4440106,2.6034703,fearful
-434.8946,68.46586,-14.645423,14.121918,8.541895,-8.7339115,-6.4898915,-9.601259,-18.9983,-3.1393757,-5.3755765,-11.959264,-4.1312504,-1.6943134,-4.335049,-1.2461057,-10.687936,-4.153549,-4.2507906,-5.8438244,-6.286299,-4.949893,-5.358417,-5.844531,-5.300943,-3.4519477,-5.3158937,-1.9335537,-2.2519677,-0.6922466,-5.1854596,-3.1673677,-4.5413303,-3.8387356,-3.377046,-2.3705435,-3.421947,-5.827104,-2.7706673,-0.61065024,fearful
-465.222,62.176468,-9.196895,12.324678,9.478531,-8.228106,-4.693866,-5.81189,-15.738402,-2.9296095,-7.337817,-10.946617,-3.8750453,-2.0714586,-4.738703,-1.3987523,-10.0339,-3.8819792,-4.6068764,-4.0906305,-6.5432053,-4.172023,-4.586753,-5.2242284,-3.791364,-4.002907,-6.3535194,-2.493462,-2.8966577,-0.6728078,-4.4740734,-1.9892085,-4.4266453,-4.297124,-4.3423996,-2.1151514,-2.8247428,-3.860222,-3.6818697,-2.7114334,fearful
-497.50046,73.95188,-4.5924616,18.557156,10.036413,-11.405948,2.0100636,-6.8677425,-14.778163,0.89311075,-0.23716243,-9.109052,-6.5096917,-2.801662,-4.898906,-2.7194378,-6.9234624,-0.56788063,-4.048204,-2.80037,-5.912619,-0.34076852,-6.657387,-3.219505,-3.1842358,-2.3347232,-4.1026716,-1.3653586,-0.82028306,-1.5301594,-2.1829867,-1.7695569,-3.74598,-2.3176568,-1.733052,0.059041567,-3.1678374,-1.6168644,-3.79582,-1.864493,disgust
-481.21088,78.5087,-10.951461,18.958487,13.040153,-15.113531,2.2575538,-7.528075,-13.8611965,-0.8786944,1.0982201,-8.004386,-5.451687,-0.18716773,-6.3294563,-2.5322833,-8.55073,-0.715012,-5.0603943,-2.121566,-4.13595,-0.53020287,-8.12793,-2.651862,-3.9342008,-3.4564252,-4.4115806,-0.6490388,-2.1742578,-1.4187436,-2.7897623,-2.2892606,-3.08556,-2.2942295,-2.341054,-0.004275219,-4.1079974,-1.6706516,-4.5638905,-2.0173721,disgust
-509.90564,70.890175,-5.4701433,16.210573,12.887279,-11.639446,-3.4743333,-7.336807,-12.630286,1.3266766,-3.60964,-9.605155,-5.522458,-1.8631948,-4.0443616,-1.1210749,-5.1780977,0.31046617,-5.7578173,-1.3628583,-4.549125,-1.1094458,-6.076389,-2.1637197,-5.059023,-2.6903722,-1.1153513,-0.81440437,-1.022189,-1.149122,-1.4387563,-1.631504,-4.620172,-1.0347402,-1.959609,-0.72074705,-2.745063,-1.5195855,-4.4359207,-2.2928345,disgust
-512.4725,60.402332,-8.514383,16.60959,10.81877,-13.825725,-1.9935188,-6.2933574,-14.255501,0.64641535,-2.6510522,-7.323321,-4.6675754,-3.5177143,-5.0998864,-2.2265005,-5.2329545,0.10937524,-5.0431986,-2.415108,-4.179734,1.0396132,-5.4342465,-2.534293,-3.7994723,-2.0980017,-3.2423716,-1.5717891,-0.8813567,-1.0006547,-3.2127838,-2.299531,-4.316191,-2.0268984,-2.1194715,-1.2856644,-3.4702847,-1.4480298,-3.8213768,-2.1320684,disgust
-515.66925,83.697205,-10.241519,16.37555,18.111301,-12.528504,3.168876,-8.625667,-10.740774,4.721509,1.983437,-5.20569,-2.3203893,3.2395666,-2.0119126,-0.5976832,-7.7072167,1.6158612,-3.7575471,-0.7442746,-5.873962,0.3100624,-7.2561965,-2.7701025,-3.5166156,-2.6029747,-4.5395856,-0.031017216,-0.7133734,-1.4807462,-2.4524522,-1.3411802,-2.491452,-1.2214684,-2.7910721,0.59270513,-2.9258652,-2.0062332,-3.246913,-0.77480507,disgust
-514.41534,81.768364,-8.594753,18.20942,14.1102915,-11.940296,7.6554413,-6.125677,-13.509574,2.4562924,1.1931385,-4.3208857,-1.5180848,1.5511687,-2.8308434,0.35492966,-6.992524,1.1162661,-1.9109018,0.06749709,-4.5289316,1.8492835,-6.828691,-2.6374836,-1.5601305,-2.3589866,-4.5500827,-0.07270925,0.045115203,-0.0062199812,-1.7567749,-1.914659,-1.9185021,-0.50194407,-1.897198,-0.06426832,-1.7192987,-2.6043243,-3.0485568,-0.15330987,disgust
-488.4274,74.8107,-8.417145,20.316132,12.025154,-12.226987,0.047004346,-6.96017,-13.915258,3.9539227,-0.60909283,-6.608193,-2.0489187,0.29699418,-2.7296865,-2.3080275,-8.8933325,-0.10514321,-4.97326,-3.2189598,-5.4891047,0.64360106,-8.489403,-3.045115,-3.7207448,-3.7368245,-2.7779086,-0.6767318,-1.5788915,-0.86451656,-2.8624225,-1.3022438,-3.7067087,-1.712227,-3.241723,-0.023650844,-3.969012,-1.894923,-4.267144,-1.4525207,disgust
-513.10504,83.9829,-2.2032793,21.34123,16.231812,-7.598232,1.4916968,-5.340804,-12.875015,4.3635545,3.386151,-2.945977,-0.18134214,5.3297195,-1.2250787,-1.4387223,-5.5884843,1.7252153,-3.4052083,-0.036478132,-4.814891,0.9717751,-7.053344,-3.007861,-2.451061,-3.0145516,-2.1185966,-0.49299526,-0.17181458,-0.6333456,-1.9431609,-0.22614527,-2.6770933,-0.98874557,-2.1744428,0.95589733,-2.448785,-1.8359066,-3.4036832,-1.5703568,disgust
-513.7029,68.54689,-3.1930158,9.284448,6.971858,-11.230362,-4.698068,-8.617416,-15.588357,-1.3660216,-6.903235,-10.444829,-2.5199358,-4.3008237,-3.8248496,-2.4867325,-6.9639034,-2.2216818,-1.3263887,-2.5895503,-4.576037,-2.456019,-5.4456487,-4.1489754,-1.7462509,-4.0918536,-3.862384,-0.5656601,-2.6537273,0.35880923,-3.44663,-1.273677,-2.758697,-0.064661555,-1.0436862,1.9075581,-0.47766343,-1.2292956,-2.5545743,0.60794383,surprised
-529.04895,62.957077,-1.4373392,9.3146,6.1393294,-8.839849,-1.5901113,-6.467227,-14.420463,-2.7829413,-6.28345,-9.711618,-3.6043196,-5.268012,-4.246607,-2.8605769,-6.597997,-2.3296218,-3.4521942,-4.660584,-6.1360435,-3.391693,-4.9517612,-4.070408,-2.8004136,-3.2648692,-2.5225172,0.3390697,-1.2090147,1.6138566,-1.9118011,0.24479868,-0.5460711,0.75637007,-1.3582036,1.8265673,-0.83789456,-1.1414485,-2.703678,0.41756764,surprised
-515.91736,58.961655,-7.518777,9.48354,4.271162,-8.165304,-4.1989183,-9.385524,-14.065436,-1.8004366,-8.735026,-11.761221,-4.1214724,-3.0886555,-2.513134,-3.2565536,-7.1470375,-3.235049,-2.8788848,-4.218569,-4.6296954,-0.79649603,-1.9411883,-5.0096283,-1.6221329,-3.1949668,-2.7313497,0.10354529,-2.8722682,2.4554346,-0.8093186,-0.16323669,-2.1676278,0.7860284,-0.6239493,1.6889122,-0.21802899,-1.2245147,-1.3629084,0.3792541,surprised
-487.57562,61.517147,1.3312017,8.088983,4.93238,-9.387686,-3.0443566,-8.1726055,-13.182807,-1.6261592,-8.711353,-10.425636,-6.373505,-5.2206216,-4.859685,-3.3103657,-5.266942,-2.4617562,-4.1373844,-6.100028,-4.9707623,-1.4554746,-3.7119033,-6.7650523,-3.1653907,-3.2970352,-3.4780035,-1.1746475,-2.1472816,-0.7155527,-4.6370435,-2.2384102,-2.7464507,-0.13139123,0.020347008,1.302389,-1.4223797,-0.14413667,-1.1343473,0.5129743,surprised
-467.4043,55.034203,-7.2515526,11.499133,3.7963374,-10.015925,-7.737419,-6.758363,-19.485697,-1.1978108,-7.872631,-12.961664,-1.9809248,-4.469125,-4.2098885,-3.706049,-7.892933,-3.3568983,-1.6008353,-4.8751116,-3.0932505,-2.7139888,-4.8761754,-4.0025992,-1.9922432,-2.6236768,-1.612507,2.2402043,-0.05669086,5.0741606,0.38695848,3.3541212,-1.0850611,-0.8685803,-1.3858056,0.64620125,-1.2719702,-0.4667423,-1.6421654,0.107926995,surprised
-468.10147,63.996567,-11.768843,12.920709,2.285321,-13.338285,-8.692914,-6.472841,-19.457014,-3.761213,-7.313163,-13.093243,-1.7258973,-6.022077,-2.984611,-4.9573984,-9.435473,-4.525323,-3.9456656,-5.023301,-3.2002268,-2.6017292,-3.9348624,-2.704928,-0.16788453,0.08210141,-1.2865534,3.194619,-2.024274,2.7357223,-1.7552379,0.45278886,0.04723361,-1.0173554,-2.0791333,0.6572868,-0.79789335,-0.37897757,-3.4466336,-0.9437676,surprised
-501.7422,55.07708,-6.7169514,10.196384,6.29465,-8.145509,-5.58708,-10.2917795,-18.544975,2.9818594,-5.7565536,-12.043064,-2.7094955,-2.917997,-3.560586,-3.2190542,-6.961814,-4.154432,0.2736831,-3.2353039,-4.7920732,-1.4287126,-2.0150676,-3.7319279,-1.8283203,-4.164926,-2.3244846,1.5482016,-0.37796265,3.657951,-0.06418383,1.8962357,-1.2005708,0.7029312,-1.4870042,1.8115108,-1.0376775,-2.0862963,-2.8854141,-0.21720618,surprised
-484.9119,52.183716,-3.4606233,12.275539,3.98747,-7.526738,-7.1460075,-9.283674,-18.096136,0.5610827,-7.9937735,-11.456292,-2.8481367,-5.97322,-1.7841063,-2.5343304,-7.6774864,-4.0515575,-1.2080343,-5.6162276,-3.5048802,-2.209632,-4.250286,-3.4783802,-1.8920554,-1.4052603,0.18790776,3.1413186,-0.18068238,3.9197655,-2.7175221,0.46298808,-1.2904924,0.9986805,-0.35191348,0.73987216,-2.307641,-1.4381135,-2.3270772,2.0932221,surprised
-667.0697,62.299698,0.5147312,3.3872287,5.189547,-5.114537,-4.9864016,-9.131551,-13.811479,-4.1395874,-2.8980272,-7.548012,-0.18029352,-2.9720366,0.44935203,-10.0175495,-2.7088873,-3.7863104,-5.283674,-5.425036,-7.143546,-4.8198395,-5.1289377,-2.5682335,-6.1555934,-3.1079388,-6.3875237,-1.4670887,-1.1826539,4.1586566,1.055738,2.666599,-1.2102009,1.5075032,1.4900084,5.1922674,6.5410047,7.8272724,2.4150758,5.582117,neutral
-639.9647,47.937355,0.02366312,1.9537538,5.5990596,-6.054369,-9.736516,-9.315646,-11.589807,-2.2484107,-3.6126487,-7.708776,-3.0746844,-2.8712482,0.3226975,-8.139989,-1.9023817,-4.6804457,-4.4473925,-5.0689807,-6.2227945,-3.0929618,-6.224795,-3.0408785,-5.2452397,-2.0871174,-1.9337965,2.1207228,0.9300864,4.2760334,0.68176126,1.4203776,0.7144109,3.6305583,3.9530332,4.3912816,0.95170945,3.7496462,0.91187185,5.776829,neutral
-650.47186,60.447422,0.3921065,-0.4601802,4.1458244,-3.3577151,-10.494846,-13.372459,-11.944212,-0.8792255,-2.9466445,-10.580367,-2.572161,-1.8794943,0.00044673038,-9.0035305,-1.0670313,-4.4584794,-5.842104,-5.366608,-5.1554866,-4.1897106,-6.131996,-1.9788772,-4.132921,-1.9420056,-1.9766562,2.6291952,1.0940696,4.583183,2.6922379,3.2192473,1.2277907,5.82867,3.5884748,4.29327,1.5830618,2.8388371,-0.4725983,5.2476172,neutral
-654.05676,53.798233,2.429089,2.4202871,5.9322753,-1.4356651,-5.8672147,-12.672374,-11.987405,0.0072724563,-2.6050348,-9.075274,-1.8040863,-2.9655476,-0.9810146,-6.9151564,-1.3226229,-2.5565927,-5.9775333,-3.5178711,-5.310756,-4.7584763,-5.3046384,-2.8315558,-5.0070186,-2.5339592,-3.8764706,0.44350606,0.8966054,3.840991,1.8017958,2.358599,0.73057276,6.2673182,4.0216694,6.5465693,3.2271886,3.0969315,-1.6502851,3.3633082,neutral
-675.14954,50.88316,4.8441443,6.6826286,4.6883583,-2.5604162,-8.798842,-8.208299,-9.078775,-2.514863,-4.282897,-9.008535,-0.9133376,-3.5968802,1.4240146,-8.16446,-1.1186427,-2.1043856,-6.1987653,-3.370166,-6.023816,-2.0551898,-5.9041142,-0.017679214,-6.1247897,-0.38425043,-2.8261137,3.154265,0.43151772,4.12552,0.13306814,0.008782783,-2.651095,2.2968524,3.2754865,5.692637,4.7770476,5.085666,0.060883157,3.7765675,calm
-658.2824,56.52901,-1.3194294,6.4331713,6.1371946,-3.0314102,-5.623969,-8.323255,-9.807739,-1.0216637,-1.7349418,-8.627943,-0.21977691,-2.3059986,1.2421544,-7.9423933,-3.731112,-3.4826713,-5.430408,-4.7044444,-4.8888836,-2.1539078,-4.950014,2.6257436,-1.7580223,2.2007296,-0.07831773,0.6261451,-0.9417851,1.2337153,-1.4721336,-1.4001294,-0.6326042,1.8460473,2.7044892,4.0971594,1.8051934,2.7820406,-1.9510183,0.46401832,calm
-653.78064,55.300495,0.82345086,2.2978342,2.849433,-3.1032815,-11.288251,-11.629089,-8.444782,-1.001711,-3.7650986,-10.707795,-1.0954437,-1.416745,-1.5064206,-9.193485,-2.821059,-2.2165968,-6.378822,-5.1239476,-6.8454776,-3.7660792,-5.113182,-0.51147574,-3.7973526,0.6239148,-1.2369449,1.869796,1.7755215,3.223,0.6633201,1.2364798,0.9764076,6.6841063,3.4758587,5.9089594,2.8726144,4.536865,-0.16496147,2.9634032,calm
-651.64844,53.729546,-0.97534233,3.984768,4.911916,1.9237138,-7.1931725,-13.424598,-10.640139,2.868113,-3.447489,-10.304723,-1.2741268,-0.64999074,0.95910984,-7.804248,-4.0932274,-2.1083143,-4.083525,-5.800478,-4.9606633,-2.7126358,-4.8880057,-0.06818311,-4.1542263,-0.86910254,-1.5174963,2.5347865,-1.0145805,2.173856,-0.62192667,-0.9354254,0.2234416,6.013223,5.668653,6.742301,3.0749726,2.138582,-2.0133839,2.8054152,calm
-640.85913,55.128025,-2.796969,7.178589,4.0394583,-2.9901705,-6.933339,-6.369906,-8.035851,-1.0567697,-2.9612718,-10.097992,-2.82905,-2.0375326,1.7489197,-10.167944,-3.4655044,-3.212677,-5.8261456,-4.8704243,-6.914856,-1.3644483,-7.0797887,-0.89206296,-6.8797016,-2.2396827,-4.771802,0.029031431,-0.29591674,6.0139713,0.8790884,2.1948786,-3.9270258,1.0896022,0.6043707,3.7239134,3.2863498,4.575584,0.37426898,3.138371,calm
-631.67224,56.96523,1.358135,6.5226903,0.7155948,-5.4641614,-10.145433,-7.1439366,-7.7427278,-0.7417207,-5.9168005,-9.2242565,0.7548964,-5.6746945,1.6597717,-7.751152,-4.9600525,-2.8532681,-7.6025996,-4.1418214,-4.225408,-2.3125563,-5.905235,-1.5226403,-7.9946203,-0.19590366,-4.5316467,2.5559597,1.3561373,4.4828434,-0.13816881,-1.5299671,-2.4781613,-0.66326666,2.0052414,4.13652,4.2853236,4.8385744,-0.5037637,5.1244426,calm
-641.7373,68.74241,-9.465996,-0.1598296,-0.57408446,0.5843042,-6.943029,-13.21496,-12.7680645,0.39991102,-2.452847,-11.64831,-2.7058163,-1.5137035,-0.7284596,-9.159669,-3.2599525,-4.183683,-5.741796,-5.022327,-5.3762813,-1.1191068,-5.1844196,-0.27852508,-5.5587873,-1.3016471,-2.9002972,0.9553132,-0.10891712,6.12682,2.8100228,6.1587963,1.4212046,7.060676,5.0046983,5.3318887,3.4329827,4.700735,-1.1847292,3.8799174,calm
-627.0158,64.382866,-2.62541,4.592967,-0.2355835,-2.6771557,-8.029212,-14.657192,-13.022412,-1.024562,-3.8418489,-12.092296,-1.9470806,-3.3827674,-1.4610883,-9.182251,-2.8543193,-3.4670355,-6.94902,-3.394947,-6.2280188,-3.214977,-5.794504,-1.8753561,-5.61288,-1.8446559,-5.027814,0.6708942,-1.9389615,3.5726373,0.87255096,2.2568443,1.391644,7.166952,3.9250486,7.7256336,3.7359493,3.3788986,-2.7602859,2.328356,calm
-591.577,66.02305,-10.27874,0.9919367,4.7025075,-5.9835854,-12.002498,-13.3892355,-12.440081,-2.4361758,-7.125501,-10.603645,-2.6480086,-7.315743,-1.5370091,-9.118159,-5.340986,-3.0176017,-8.152521,-5.127807,-6.319611,-5.2862372,-5.3149896,0.832668,-5.740587,0.8183468,-2.7020962,1.76136,-2.46847,3.2048867,1.8634965,3.9254582,3.3108017,6.5166655,5.2764177,5.7903633,5.4467044,3.4493856,0.00023158146,5.0077386,happy
-614.5177,55.85565,-17.878372,-1.417582,4.687209,-9.530262,-13.085436,-13.901136,-12.669516,-0.89810926,-7.575551,-9.066663,-2.3559868,-3.9366708,0.028273934,-8.573796,-7.012606,-3.249965,-5.1009026,-5.138901,-5.595816,-1.5755612,-2.8061047,5.9729004,-0.13131942,4.0131354,-1.645883,-1.3567094,-1.4599926,4.1999407,4.065268,4.013241,-0.723373,2.0301337,1.1079875,6.3615317,4.7153983,4.393338,0.99552596,4.7207646,happy
-609.7858,51.978493,-5.095552,-0.6150406,0.53326863,-7.4156504,-12.846583,-13.674489,-13.649079,-0.7969114,-6.4581785,-9.74875,-2.621519,-6.0976577,-0.49516848,-9.61597,-5.786785,-2.6385512,-7.1688333,-4.188144,-5.7666106,-3.251726,-6.696602,-1.6424325,-4.6868095,-1.755102,-1.9910407,6.010981,3.850731,10.403297,7.4109054,4.950472,0.083221786,3.6761312,0.38375732,5.0745306,2.8213196,4.45091,1.2320153,4.5784116,happy
-613.4356,53.617138,-3.9783664,-3.2663314,3.0737963,-3.2961628,-11.999895,-12.670644,-12.216073,-0.35679352,-6.4048038,-9.36815,-0.5540034,-5.351636,-1.4783701,-8.012426,-3.9644427,-1.6178861,-5.669006,-4.169573,-5.4309897,-3.5505822,-6.3956246,-0.6072957,-5.4215107,-2.1294825,-2.6603267,0.5800746,0.76055,3.5008874,-1.7507243,-0.6667392,-3.5715566,0.48054013,-0.26591972,2.3007736,1.628567,4.068753,2.1362033,7.5414166,happy
-455.14294,41.15887,-26.853174,-9.588538,-6.84689,-15.526606,-18.102234,-13.878151,-19.894058,-2.9485977,-7.390884,-12.463871,-8.495821,-10.82087,-3.9273448,-11.60963,-4.589552,2.98319,-0.7352254,2.3061988,0.8142429,0.37798178,-4.0383925,4.0815325,0.6610234,4.644472,1.18951,1.211466,-2.872271,3.7277045,0.42764542,1.7612481,-1.5882913,2.3004751,-0.2567155,4.564573,3.6718774,2.3998158,-1.3524815,1.0458442,happy
-446.79666,45.33314,-19.127007,-6.676071,-1.465591,-12.991323,-19.451954,-14.8854,-17.844767,-3.8704004,-7.3629413,-15.633346,-6.104481,-8.286752,-6.669758,-13.623175,-10.011585,-3.3656409,-4.1766706,0.51026875,1.3835502,3.522688,-1.6191115,4.7560215,0.6057174,7.227913,3.4568598,2.5351255,-3.3056097,2.568044,-0.93501586,1.4390305,-1.207593,-0.5990453,-3.2130394,2.8382757,3.6707647,2.9248152,-0.9924089,2.2775614,happy
-450.13672,33.401417,-7.4489536,-9.774282,-3.0713637,-10.022,-17.248291,-15.971484,-20.073553,-2.1281826,-11.943233,-14.899654,-5.6688876,-8.962851,-6.4305563,-11.884155,-7.0267944,-2.5182378,-2.107114,4.1023507,3.6100318,5.2895446,-0.75207824,5.7372775,1.4259917,2.175986,-0.31519645,0.4513081,-4.7636886,3.9153976,-0.002024856,-1.9038554,-3.8961468,-0.6950091,-0.72014236,6.356061,3.2166858,2.9029627,-0.5710213,4.362739,happy
-460.6609,44.61907,-20.453016,-12.037106,-0.34192222,-14.970788,-18.742897,-17.680698,-19.278526,-0.95712125,-10.625153,-16.054195,-6.4395146,-8.416435,-8.238747,-12.972978,-7.400046,-5.3323317,-2.745751,2.7605271,1.8871403,1.834309,-2.637199,5.302221,1.1754761,6.42228,5.454914,2.425065,-0.33277214,4.1091037,0.81133085,1.2192543,-2.9353757,0.5958526,-2.900127,4.618384,2.9596055,2.683563,-0.092105776,4.0604343,happy
-620.0604,59.127922,-6.792841,3.5868158,5.1026597,-8.76822,-10.067453,-12.593228,-13.971446,0.2190979,-5.726801,-7.2365527,-1.0597055,-3.6831403,-0.14599949,-6.341594,-2.7246807,-4.0966825,-4.065145,-5.284354,-5.4282537,-3.599821,-5.538554,-1.8882785,-6.07589,-0.14750841,-1.9846342,1.8606563,0.27349782,3.3130908,0.18591908,0.4608781,-0.37342787,1.2072904,4.046306,3.9436214,5.675671,7.7961497,3.6326735,7.9370832,sad
-601.3599,57.340023,-10.924161,-0.69597083,3.401318,-8.960083,-12.642063,-13.653668,-14.923576,-0.32242197,-4.105304,-8.490429,-1.5872121,-3.8572617,-2.2763555,-7.709931,-5.112977,-4.637921,-5.269857,-6.794576,-5.777776,-3.7586682,-5.9548087,-0.9595503,-4.750108,0.7025097,-1.7778889,2.4098916,0.6103261,3.599338,1.1108224,2.3646483,0.66907114,2.4793124,4.2341433,7.5857887,9.728671,12.34971,7.395624,5.244801,sad
-597.24414,49.28794,-7.4539948,-3.8082712,1.22372,-6.0056143,-11.468354,-18.753014,-14.277539,0.7032758,-3.3262668,-11.542011,-1.4233329,-4.2104716,-3.9199636,-9.32928,-3.3136563,-4.6731434,-5.7069635,-5.0517387,-3.5539198,-4.0979595,-6.612704,-3.4141371,-7.099923,-1.0207858,-0.7866136,4.318214,4.081462,5.9806576,1.1552529,0.65529716,-0.73148215,6.99686,9.446297,12.130409,9.900604,8.063874,0.6468754,3.0106454,sad
-586.5677,51.973873,-5.0514383,-5.468531,-0.85376585,-4.803023,-10.756425,-18.953947,-15.25553,1.2462344,-5.3848624,-11.801148,-0.5427062,-4.9998684,-3.1870742,-8.586154,-3.397729,-2.883297,-6.4987636,-6.3656335,-4.9124093,-3.7971385,-6.6226077,-3.5753963,-6.5550523,-2.8360147,-4.4573145,4.126746,0.58539337,6.5358663,2.5960534,2.6597998,1.9329439,6.7792563,9.84121,12.889891,10.547461,8.657382,-0.83207303,1.2498747,sad
-584.6586,60.02822,-12.363628,0.91770864,2.250966,-8.617556,-12.9706545,-12.343639,-17.07705,-2.093088,-5.509435,-10.930003,-2.1289825,-5.0368834,0.68452114,-6.7365413,-8.823422,-2.8655658,-7.022802,-4.113425,-6.0901365,-2.8702948,-7.080035,-0.8871133,-5.663735,-0.5234886,-3.0552576,1.5937842,2.8681273,6.713521,4.4485674,5.4806705,3.7804058,5.2174306,6.674481,9.733702,9.523062,8.646879,0.2832954,0.17956291,sad
-573.58777,48.67944,-14.793309,4.4789476,1.629836,-11.741147,-14.901476,-13.263974,-14.881479,-3.8471887,-6.9333067,-8.851933,-0.30992115,-6.368753,0.8080255,-6.0398116,-7.8234706,-2.6048753,-6.2410746,-4.211324,-6.858977,-2.8718355,-7.811744,-1.6985015,-5.9781365,1.7733787,-1.6601146,5.721068,6.018889,8.921467,4.2135725,6.7267823,6.3336596,10.967798,10.219572,8.910904,3.2848694,-0.10611707,-3.1082652,1.3225172,sad
-594.2918,48.055325,-4.015074,-2.0978878,0.28741255,-3.9121172,-13.739794,-15.683117,-18.298244,-2.577186,-6.1081967,-13.061854,-2.223055,-6.392638,-0.9583605,-7.221453,-7.219653,-1.3571178,-6.4909463,-5.0804415,-8.131599,-3.1829686,-7.431356,-2.982345,-7.732358,-3.278796,-6.924215,1.1998719,0.15719628,8.266745,9.880706,11.07635,10.347223,12.738426,10.268438,9.451383,5.5184784,4.3698106,-1.8107576,0.5315524,sad
-571.9953,52.078217,-6.2601504,6.4637785,2.5499501,-7.517529,-15.017015,-12.5718,-18.905697,-5.2171273,-7.634781,-12.543748,-1.5697027,-8.707311,-1.59783,-7.909014,-9.4366865,0.26048124,-7.862208,-4.855388,-7.9185658,-3.9122422,-8.296789,-2.6887357,-6.857455,0.543642,-6.6585283,-1.128075,-4.0799117,2.9702783,5.4212537,10.167214,12.482929,15.290394,12.45472,10.847047,5.0180225,5.3465242,0.7962309,3.037442,sad
-550.95667,51.50585,-3.9801157,4.195559,-1.4093827,-9.404726,-10.431908,-9.464122,-13.300851,-2.8621173,-2.9777625,-11.602947,-0.7292626,-6.5825496,-2.7131202,-6.09993,-5.621879,-1.9514148,-6.4025917,-5.0066237,-6.1720533,-5.347805,-5.9983764,-2.335098,-2.6760302,-0.6717057,-0.44775414,0.123953246,-1.5963018,0.28048095,-0.34366322,0.9041289,0.7558608,3.1509519,-0.19157258,1.8251971,1.0384655,4.681526,1.1496936,3.3329594,angry
-574.526,57.432625,-1.775795,4.1481137,-0.8167365,-9.443457,-10.20619,-6.91362,-14.065976,-2.3413773,-3.3658922,-9.900423,-1.0007503,-7.340275,-0.60785836,-4.8876944,-5.8812933,-1.3813885,-6.784608,-3.8617425,-5.5518136,-3.047272,-5.878039,-0.25420555,-2.4138105,1.316791,-1.1750289,0.0011445265,-1.0866222,2.035554,1.3113706,2.4867492,-0.06453364,-0.2375237,-1.8300192,5.0970254,6.9280734,9.1084175,2.0929077,-0.1288863,angry
-528.1096,52.5664,-11.432021,-1.5190065,-4.9994316,-8.269106,-12.425758,-11.17359,-16.614386,-1.7444322,-3.949492,-12.2572155,-0.6802034,-8.650952,-3.179253,-7.962436,-6.2113614,-2.3329847,-6.3802443,-5.0358124,-3.7857132,-2.4886653,-2.593045,2.6394575,-0.34522375,1.4849578,-0.5569538,2.5686524,1.0672499,5.533014,2.5302048,2.251193,-0.6356287,0.03256953,-1.298448,3.6697283,3.4144063,4.8196826,2.686426,2.6862993,angry
-489.92477,56.076042,-10.549886,1.0369878,-5.877252,-11.832244,-12.230195,-13.885834,-20.979797,-5.1098156,-5.7966647,-16.231615,-3.2762873,-8.133947,-5.2207723,-9.280772,-6.4136834,-3.4493814,-8.806997,-4.8892617,-6.429661,-4.4194894,-9.768179,-2.5003657,-5.9446793,-1.9908106,-1.6292136,3.0868266,4.513721,8.22939,3.8268375,3.731726,-2.2066007,-1.1200951,-0.37876293,6.288486,5.4141884,8.302825,3.2554836,3.2940183,angry
-425.97537,41.28056,-20.668674,0.07628854,-5.881027,-18.204872,-12.463584,-14.197399,-16.413689,-1.7678354,-9.241222,-10.6247,-4.3167753,-9.178326,-1.3336798,-11.302019,-9.278452,-5.968563,-11.134433,-3.471038,-1.2579494,1.5823079,-1.3884215,2.2642765,-3.3890498,2.715212,3.1583242,8.992127,7.4827356,7.7856145,0.716634,0.9130874,-2.661559,3.619522,-0.9351473,2.448457,0.71045554,-1.2126899,-3.2012823,2.1033144,angry
-438.9592,46.95688,-20.248857,-1.8856009,-6.5197377,-14.461867,-13.102606,-11.06388,-19.679274,-3.1437912,-6.8512797,-13.169302,-4.573091,-9.757629,-2.0961964,-10.329697,-10.409929,-3.1044068,-10.269793,-6.7353992,-5.198067,0.44514114,0.47818652,3.7379105,0.8134106,4.0248523,1.8158271,5.4319673,6.3771524,8.486499,4.233678,2.2507384,-2.7262714,0.30835748,-1.517134,3.2275684,2.241577,0.36957657,-4.203379,-1.2866681,angry
-363.4147,32.655243,-21.118626,-3.093457,-8.714996,-17.608011,-12.475735,-17.849817,-23.838387,-4.1479726,-9.842499,-13.399011,-4.9107695,-11.432298,-3.7388415,-11.499445,-13.269014,-3.4697642,-16.281849,-4.1741586,-5.951006,-2.5309744,-5.398613,3.5800936,3.214111,7.345767,6.083263,6.3397665,4.642021,5.668146,3.6241558,2.4776425,-3.8193622,0.6690946,-2.4413269,1.5881677,1.5905392,-0.007996105,-3.8748016,0.49866638,angry
-365.76752,32.49099,-27.981213,-4.9700193,-10.902408,-20.740847,-13.542473,-20.560408,-23.323933,-3.9056294,-7.452073,-16.1086,-3.8918533,-12.345826,-6.014901,-14.244433,-12.712165,-3.4502535,-14.261856,-1.6385125,-4.044304,-0.43063846,-4.1288605,5.4787445,4.543447,10.958411,7.7855253,7.7019196,2.8656476,2.0427382,0.25264844,1.5220245,-2.3737216,3.2487016,-4.1451855,0.524781,-0.9439215,1.7544626,-0.3680121,-0.4434652,angry
-551.41394,41.292946,-15.672455,3.6707606,0.87750435,-12.136348,-15.047135,-15.411107,-14.32573,-2.4578369,-8.164029,-7.7410855,-1.025661,-6.2960773,-0.79941916,-9.431496,-7.2810693,-1.9412137,-7.4112654,-6.207412,-5.7130976,-5.597092,-8.197132,-2.8032367,-5.2709727,4.655693,1.4325913,6.811497,2.5097995,5.5307245,2.7609024,6.6901503,8.126449,12.347634,8.3980465,6.1822314,2.6166027,2.0275676,-0.43173778,1.6545281,fearful
-536.36646,44.478985,-14.084556,3.0898557,0.5201329,-10.864701,-14.570332,-11.991667,-15.926349,-3.4691498,-7.513965,-9.567643,-1.604518,-6.271843,-1.2645835,-8.232079,-7.9049373,-2.3235435,-8.013487,-4.8061256,-5.7449718,-3.5723374,-8.086406,-2.2576542,-4.0654206,3.6349783,-0.05630094,6.5585265,1.938089,5.152344,4.7245717,8.845962,9.983659,11.835205,9.715685,5.7088556,1.8137944,0.5928595,-1.6615174,1.6959494,fearful
-520.2371,45.878304,-23.09537,2.392565,-3.1083672,-11.987505,-15.583103,-21.499186,-14.402527,-1.2242974,-9.538712,-9.247047,-2.6795073,-4.090098,-1.8776872,-9.629011,-5.615672,-3.2825148,-7.1956573,-6.3262844,-6.1225514,-3.6648433,-8.176779,-1.4760677,-7.7675085,-2.2150927,-5.9424644,3.8590577,2.1035254,11.875587,10.115092,11.947185,11.02497,12.019975,7.980728,6.316548,3.258551,3.0189762,-1.1799306,1.6439202,fearful
-535.6997,42.73885,-14.951259,-2.2657542,-0.059645493,-11.270919,-16.044271,-17.181292,-15.027942,0.52016366,-6.705516,-10.342623,-0.9999741,-4.8117795,-1.1284701,-9.680482,-7.9126444,-2.4541855,-6.3698516,-6.877062,-4.519694,-4.5959897,-7.3603826,-1.9226501,-5.467998,3.0425231,1.2839828,7.212847,3.1814857,6.991637,5.3904605,7.2050586,6.4775767,10.456909,7.621994,9.1388855,4.392143,3.7521687,-0.84367764,1.4383175,fearful
-471.39337,29.786955,-24.885462,-4.8296328,-11.664438,-14.487806,-20.444021,-14.181757,-16.725706,-3.3871353,-11.405725,-12.323192,-3.4426668,-8.16956,-0.24977224,-4.8255396,-8.150123,2.8903642,1.7754488,8.17404,12.5218525,13.801983,5.244618,7.00083,-3.3261795,3.390962,-2.5157936,2.1907156,-1.6643982,1.9726521,-1.188255,-1.5365272,-4.477973,-0.49429068,-0.49924722,0.41849214,-0.40752128,0.38256,0.25650886,1.4097595,fearful
-453.1094,25.098068,-23.035017,-2.2172735,-7.8547935,-13.86331,-18.1483,-16.101784,-15.248056,-4.1929474,-13.152894,-9.616971,-2.8260524,-9.982468,0.6768623,-9.427957,-8.714054,1.1799448,-3.750129,0.63625044,3.69511,8.861823,7.673169,11.148032,1.9732553,6.9053607,-0.7318217,4.5617714,-0.16174199,3.3512282,-0.32320663,-1.0578958,-4.394866,-0.14551316,-1.0803413,0.63818544,-0.19625142,-1.943634,-3.0989883,-0.5573376,fearful
-439.54016,21.063198,-25.171326,-3.3569396,-5.938156,-17.463432,-23.485,-17.695898,-17.167543,-3.9069216,-14.418647,-11.605306,-3.317207,-10.677672,-0.48495764,-9.051402,-12.805131,-2.1113296,-10.0502405,0.52006507,6.5288305,14.233453,13.616581,15.379425,3.482944,4.4248915,-3.751944,4.6684117,2.0250292,4.9317417,-2.6968038,-1.766892,-4.956689,2.2433681,-0.014399748,-0.41698396,-2.9778695,-4.214581,-2.150537,0.70608264,fearful
-443.3541,19.536879,-27.621576,-4.664114,-8.193042,-16.166767,-22.340073,-15.246511,-18.038948,-2.9820418,-14.135496,-11.454485,-1.1338513,-9.354887,-3.4035401,-8.176561,-7.1349716,9.149001,8.974031,13.053885,10.68521,9.992525,0.033599265,1.5447005,-2.1568482,3.2609656,-5.78847,3.1535015,-3.0837393,1.4976845,-3.3681793,-3.5731773,-4.628756,0.5922394,-0.17330909,1.2458464,0.45434377,1.6756235,-1.5605817,-1.4765813,fearful
-555.59424,57.83206,-17.39912,1.5924995,-3.6684632,-10.45271,-13.495181,-9.639751,-13.882547,-2.774711,-5.937518,-11.513251,-0.06472497,-9.4173975,0.12792596,-4.335189,-9.678825,-0.5756528,-6.614141,-5.037674,-5.350577,-4.097758,-5.526617,-3.6816359,-5.963049,-1.5239997,-4.277745,1.2608962,-2.088583,1.922826,0.00893496,-0.48720202,-1.1633477,0.5266015,-0.22714657,1.8941674,1.5601014,5.391424,4.1959195,8.107406,disgust
-559.4018,71.50756,-20.91706,-1.7724558,-1.0713001,-11.444304,-15.354432,-8.016673,-15.811308,-6.5544744,-0.5041241,-13.749052,-0.37891036,-10.199868,-3.7772563,-5.8814564,-8.654344,-4.3176155,-6.9533257,-5.4908905,-7.0376916,-4.409238,-4.8816333,-2.411836,-5.465239,-1.3534727,-4.436862,1.1702521,-1.67691,0.35744536,-0.8474276,-0.4998075,-3.2776954,0.17096652,0.649711,4.0411677,3.0723467,6.60718,4.846706,8.395408,disgust
-562.2469,60.59041,-12.218266,0.002344689,-0.576028,-7.4328513,-18.564322,-10.722123,-14.468424,-1.5966468,-6.4008994,-12.188512,1.9204296,-10.935913,-0.5910946,-7.8707933,-8.926221,-0.22570074,-8.297218,-4.812116,-6.6489625,-4.6935587,-5.3535757,-2.5620394,-7.051291,-0.8357976,-6.4335637,0.3213558,-2.0236623,1.4969339,-2.2971227,-2.9401808,-5.8892646,-1.9442495,0.47085407,5.033097,6.4358697,8.627142,6.019204,7.608198,disgust
-549.99023,60.676018,-16.015545,0.8095461,0.4765402,-8.5399885,-12.643822,-12.529171,-15.324864,0.9913905,-4.2450085,-12.974381,1.4579009,-9.474373,-0.5011763,-8.273779,-10.025745,-1.5848465,-6.8700786,-5.126909,-5.330951,-3.806114,-6.016978,-1.6307424,-6.3301926,-2.847999,-7.424458,-1.3773583,-2.6281462,-0.31594315,-1.1423364,-1.0870833,-4.191803,-0.35141602,0.38179815,3.8101947,5.239748,9.19689,7.0861406,12.304196,disgust
-476.69302,55.608646,-25.684954,1.2541234,-4.9662757,-13.200932,-20.675434,-13.975336,-13.821895,-2.1715918,-4.313355,-15.087343,-1.5093938,-12.537451,-1.6473581,-10.62033,-10.391307,-2.5829704,-9.802287,-6.161341,-7.62808,-5.178102,-6.9386153,-5.369055,-7.4224534,-3.0942843,-6.889914,-0.39732185,-4.550155,2.6837094,0.5171669,5.448651,4.2477145,7.236778,3.0043156,4.6900463,2.253443,6.2636776,4.00376,6.856953,disgust
-506.74188,61.059452,-12.7052355,0.072475255,-9.163119,-10.91872,-18.560738,-6.112543,-15.968479,-5.68818,-0.7149001,-17.084791,-3.418549,-8.220504,-4.020262,-5.706021,-9.336627,-2.3115344,-9.059859,-7.0325055,-6.5173197,-5.1310577,-8.102724,-3.3599973,-6.520208,-1.9423362,-6.024913,0.08254148,-0.8604701,1.9153717,0.17489624,2.7937496,-0.9439535,1.3158395,0.62408555,2.8585968,2.938372,7.2032633,4.5550714,5.7408633,disgust
-505.3706,50.35812,-16.903078,4.258539,-8.214478,-11.182694,-22.384209,-9.490694,-15.566665,-1.8533018,-10.681904,-13.333773,-1.4160616,-14.863594,-1.5683519,-9.72725,-11.044245,-4.0557847,-8.667043,-7.7783065,-7.783421,-5.747801,-9.868375,-4.84155,-7.613534,0.20842507,-1.5353609,4.7208724,4.901134,4.2183743,4.763954,5.564954,4.112237,7.84149,6.337268,8.389355,5.134199,4.9482822,0.43515143,3.9706135,disgust
-479.11514,55.022858,-17.143272,3.0731094,-5.216384,-17.209526,-21.49071,-12.745351,-17.456055,-3.6411254,-5.770068,-17.138948,-3.3629737,-12.480206,-4.031857,-10.055951,-11.080669,-2.2829356,-11.3650875,-6.504221,-8.270297,-7.836982,-9.229156,-5.9227605,-8.260428,-3.4472923,-4.611169,0.029478572,0.014569092,2.1317222,2.26342,6.7573223,5.5172462,11.1355505,9.128013,8.750595,2.9689877,2.4890807,-1.419905,3.8610523,disgust
-567.29205,57.59506,-12.981102,-5.296571,-2.6683538,-10.247087,-12.545919,-8.342853,-14.049962,-2.2101297,-4.5894423,-13.134888,-3.1423078,-9.44568,-0.16468929,-4.6123743,-3.3043635,2.165582,-1.7109098,-2.9251955,-1.6534559,-1.155478,-1.0139377,2.6207223,-1.6435342,0.9823762,-3.2863066,-0.16055286,0.20014514,1.7838303,0.6068255,1.2885767,-0.51004684,4.0014515,2.8447838,2.006283,1.5509325,-0.034917567,-2.8272622,0.66622394,surprised
-539.26544,53.263496,-16.856016,-4.541508,-6.49008,-13.506059,-16.251081,-11.839369,-16.755873,-3.5404594,-8.096892,-12.737893,-3.2762609,-11.815238,-0.87822014,-5.7575216,-5.229692,1.6618803,-1.1339102,-1.8454801,-1.4372287,-0.26486018,-1.6718487,1.8107812,-1.7260858,1.6793779,-1.8457955,2.9213393,0.6288114,3.2136412,1.571066,1.5960332,1.0270478,4.03647,2.347323,1.4490194,1.4264641,0.27614447,-2.1148973,-1.0478392,surprised
-550.89905,55.36551,-13.269349,-4.878257,-6.4199877,-7.1936636,-15.337243,-16.563036,-16.854368,-0.5631373,-6.276505,-14.5768175,-2.7850769,-8.51267,-1.1271977,-2.315394,-3.6053457,2.3723044,-4.01116,-3.3181074,-1.9648837,-1.7448798,-3.5161269,-0.51243055,-5.0170946,-1.158136,-1.4869281,2.090521,-0.15876031,5.295182,2.62472,1.8673368,0.92736894,3.1769853,2.881209,3.884396,2.4288712,1.2691643,-1.0979229,1.0864199,surprised
-518.7969,46.469532,-16.36716,-6.3239546,-5.344845,-8.359305,-16.918365,-16.834003,-19.837372,0.52488637,-8.724133,-15.152938,0.3867062,-5.5566387,3.3738353,-4.2420297,-4.819454,-1.3322505,-4.9702163,-2.603285,-1.8277816,-2.6722271,-4.115429,0.47415164,-2.2833755,1.530364,-1.4481717,1.3767188,-0.09817529,7.0888247,5.1152663,4.520166,2.7714121,4.220214,-0.66349876,1.4231778,1.2599851,1.9841638,0.4102575,2.5397654,surprised
-526.48004,45.90969,-14.365454,-7.440268,-7.3782654,-11.011632,-15.731781,-12.142709,-17.823088,0.8650157,-5.7207885,-12.524581,-4.895074,-8.772114,-1.5875965,-7.364855,-5.029583,1.7279626,-2.1289394,0.56306285,-0.50228703,0.33136085,-0.36720574,3.4785473,-1.6073099,1.6561688,-2.505156,2.400627,-0.09266404,3.0699594,0.09846153,2.152506,3.0090897,5.9740667,1.3942653,3.244628,0.09749532,-0.022506537,-2.348474,2.2431393,surprised
-476.95206,49.008324,-21.097765,-3.572751,-5.521633,-12.402059,-15.092632,-13.880353,-16.345896,0.9970904,-8.24865,-12.33001,-2.1761878,-9.620263,-0.32290745,-6.79766,-3.6389418,2.6053298,-0.6460409,-0.103407994,-1.2958635,0.52367896,-0.92097664,2.085817,-5.931788,0.5273663,-2.1743941,2.7491915,0.7943491,4.9673066,3.6883824,4.563609,2.264663,2.6216812,-0.6049544,1.1178945,1.955006,2.3833172,0.2944715,1.5543847,surprised
-461.15524,32.72853,-12.192418,-12.280204,-9.264964,-10.139744,-19.402294,-14.170679,-20.627825,-2.4910977,-6.6433887,-14.905506,-4.011846,-7.661302,-1.7224687,-1.7772785,-0.05464759,1.9191147,-4.8216763,-2.0899498,-3.0206077,0.53596157,-1.9955294,1.297329,-3.545526,1.3734794,0.6970287,3.1424823,-1.8796955,4.746331,1.3419507,-0.33913264,-1.35611,1.2147379,0.5445805,1.9514836,1.1308963,1.8216369,0.19342816,1.5371702,surprised
-496.7466,29.797121,-16.758638,-7.0132384,-4.399369,-9.418048,-16.815735,-11.818346,-15.924895,-0.911247,-7.2346277,-13.993334,-6.0726695,-12.957469,-4.4436336,-7.250088,-2.1024513,3.7728853,-1.0152934,-1.9402868,0.42055407,0.8849135,0.53662646,9.005786,4.060909,4.322815,-0.6830917,1.523663,-1.8885356,4.4843593,2.7324238,1.6315951,-0.9711886,1.2730381,-0.00141537,3.6782372,1.2148781,-1.0929244,-1.3483994,2.1222634,surprised
-595.2319,77.045715,-5.966201,10.450278,14.749019,-8.262075,-5.304789,-5.830254,-12.086007,-7.7292075,0.74701446,-6.704789,-2.202955,-2.2714422,-4.934007,2.9178774,-7.188494,-3.6194334,-3.4074218,-2.7309496,-5.8995237,-2.539802,-5.932542,-2.6429234,-5.313191,-0.21513179,-5.5485682,-2.0074031,-3.2076285,-2.1121132,-3.6471837,-1.5713855,-4.4717765,-1.4838958,-4.3953238,0.6240646,-1.4581008,0.48765388,-1.5185938,0.83627075,neutral
-577.93787,73.4441,-8.155051,10.818478,18.377415,-7.9011416,-0.4686263,-2.246443,-11.394729,-5.1708093,2.5494492,-4.096372,-1.3836864,-0.80594695,-5.0614047,2.8580284,-4.988556,-3.551007,-2.662298,-1.2826012,-4.661713,-0.24645375,-5.0713797,-1.0216631,-4.225217,0.8265838,-3.8063495,-0.32798627,-1.6959827,-0.7328634,-3.152157,-0.8710928,-3.7165165,-1.1146276,-3.982263,-0.48243234,-2.135226,-0.014644564,-0.071164645,2.0633366,neutral
-587.4066,64.1155,-10.678668,5.8297358,13.873396,-11.031324,-2.9876366,-6.111257,-13.651488,-7.2199445,-0.15074909,-5.791561,-4.0129375,-1.6293324,-7.1352887,0.80185455,-8.290591,-5.275793,-3.8854501,-3.563865,-8.443499,-1.152927,-5.9996424,-2.6522536,-6.092508,-1.8746631,-4.8210864,-1.76586,-2.476297,-1.8673532,-5.269046,-3.1525981,-5.1407394,-3.8621738,-4.8231077,-0.002958503,-2.2965436,0.6498308,-1.5794487,1.1960168,neutral
-572.45337,72.07175,-7.7276535,6.7978487,16.412304,-10.272917,-3.6775215,-7.229296,-14.128199,-6.218314,-0.61788046,-6.1767483,-3.5053284,-1.4356135,-7.2315354,1.1971562,-8.483425,-4.145928,-5.0268173,-3.7613342,-8.434821,-1.4497285,-5.3928785,-3.346282,-6.2745266,-1.3948019,-5.6235714,-1.6135082,-1.6755817,-2.6593482,-5.091732,-2.1131485,-4.4650126,-1.7735915,-3.9776995,-0.27646145,-2.473413,-0.025937418,-1.5351478,1.798437,neutral
-631.18933,78.44111,6.459735,12.733343,14.628954,-2.2724042,0.3079132,-2.7537174,-7.088258,-4.0277133,0.25824925,-4.759349,-5.4629593,-0.8496543,-3.3652012,0.6335528,-6.506438,-1.2847975,-1.9077679,-1.0014284,-4.0948157,-1.7104181,-4.133016,-3.3344703,-6.1992373,-0.8224241,-6.664721,-0.8319502,-1.6560442,-1.1427264,-3.848769,-0.57095325,-4.0168004,-3.013265,-3.357455,0.8809138,0.3463842,1.2052115,-2.85433,-2.49671,calm
-639.6589,77.511536,4.143244,13.115907,13.241626,-0.5253908,-2.8558803,-5.8497796,-7.311486,-6.5706286,1.9434761,-5.507514,-4.011851,-2.1047404,-1.8588724,1.7963945,-5.314651,-1.4254935,-3.7382615,-1.9440491,-3.522295,-3.1600604,-4.971012,-2.7528574,-5.44255,-0.99333507,-6.906494,-1.8858773,-2.1681225,-2.6780758,-4.933468,-1.4883083,-4.4850607,-3.8383048,-5.8658543,-2.4342763,-1.29652,3.513683,-0.1571404,1.5415769,calm
-597.14417,74.35102,-2.051373,9.987823,9.225372,-4.9432764,-3.6264515,-6.247978,-10.256999,-5.5950303,1.194335,-6.9367895,-5.6766953,-3.0064764,-4.3888955,-0.39002663,-10.010558,-0.51236117,-4.209312,-3.0083487,-4.388378,-2.8873754,-4.250741,-3.697182,-7.396401,-1.6509941,-5.7186203,-4.4272594,-1.1907765,-2.3984482,-3.5712705,-0.87165624,-3.0865076,-1.4360278,-1.4066051,1.4552709,-1.3311518,1.428181,-1.8030158,-0.8934671,calm
-602.8477,73.07473,0.28931203,11.55385,11.306023,-4.627673,-3.9657466,-4.9314756,-10.772664,-4.7934494,-0.5748737,-5.575384,-5.594129,-1.6193564,-4.8312187,0.12235905,-8.762071,-2.010759,-4.09937,-4.616677,-4.768275,-3.2907188,-3.9010386,-2.6756678,-6.849242,-1.761024,-6.97183,-3.1474135,-1.9056914,-3.3265944,-3.57561,-2.1754582,-2.9566607,-2.5105157,-2.9731112,0.48683378,-1.4739385,1.0494777,-2.8720977,-2.1670485,calm
-585.636,80.93805,1.1870145,14.011855,11.561709,-2.0137284,-6.152615,-5.7441273,-8.828647,-7.706039,1.8431286,-7.3112097,-5.7397704,-4.0078654,-4.2654862,0.465939,-8.930753,-0.61778635,-3.2982516,-3.3739953,-5.137331,-3.1906614,-5.4789085,-5.218103,-8.206946,-1.2992678,-8.288368,-0.72077376,-2.3030918,-3.6619563,-6.5881453,-1.8181838,-5.4937887,-4.3772616,-5.163799,-2.4471107,-2.6113398,-0.17262174,-3.2966595,0.9829367,calm
-616.00964,78.02792,2.3946908,13.415159,13.049678,-0.5357786,-4.6841826,-6.3675785,-7.36005,-6.988865,2.5573297,-5.805854,-4.5975795,-2.6579468,-4.479025,1.5735344,-6.488216,-1.6738873,-2.5316453,-1.8572325,-3.476031,-1.2099301,-3.8548875,-3.5818534,-6.379405,-1.3725591,-7.726116,-0.32772467,-0.64976746,-1.3037187,-2.8813589,-1.2349133,-3.143371,-2.2615361,-4.5401087,-0.95686924,-2.3354259,1.5348004,-2.12046,1.7555832,calm
-614.1647,78.302124,-0.5247981,12.557303,15.655757,-1.3290603,-5.07737,-8.69338,-10.480351,-3.625538,1.6870898,-5.633957,-5.9482903,-0.21370545,-2.7392087,0.5790711,-7.8509808,-1.7187904,-2.5744178,-2.9843059,-4.540499,-3.2077706,-4.189471,-2.384062,-6.2018137,-1.2302175,-5.7916827,-1.6763875,-2.0699267,-2.0033097,-4.93807,-0.43246618,-5.560269,-3.1244962,-4.0973287,0.9429268,0.3806586,1.5414295,-0.15835384,0.5468547,calm
-582.2581,72.79955,-3.6514015,12.999397,10.19475,-3.4112835,-5.431807,-6.712209,-11.566592,-5.728727,2.7979667,-8.288792,-5.4634914,-1.4261192,-4.700372,-0.8875201,-11.353791,0.41416225,-4.1889043,-4.1940317,-5.3763275,-3.6025903,-4.3459477,-3.7784953,-7.607171,-1.5487474,-8.1818695,-2.5437095,-3.6084037,-2.108143,-4.3051615,-0.795564,-6.969923,-3.1746438,-5.018721,-0.2582226,-0.35505664,1.625453,-1.2009057,-1.2576623,calm
-605.07324,54.84387,-10.198145,4.662434,5.8998156,-7.03049,-6.6795907,-8.809501,-13.546266,-6.5171247,-3.3293128,-5.221895,-4.790188,-5.636713,-6.220583,1.0507145,-7.799816,-5.706267,-5.917482,-3.8248825,-8.900714,-1.6156566,-5.9671707,-2.7696295,-2.1030278,2.823136,-1.8651701,3.5918832,0.538394,1.3712645,2.958581,2.9309647,0.6507056,0.8290191,-0.7194602,-0.48683405,0.93444103,1.9609202,0.19360153,3.5430799,happy
-555.9219,50.745995,-8.23672,2.5159266,5.271804,-6.3018236,-6.3233824,-7.5923004,-12.146371,-4.9705615,-3.695169,-5.85482,-3.5885584,-5.2515717,-6.4656954,2.7143204,-9.269695,-4.576635,-5.4937825,-4.8993845,-7.1015105,-2.0879323,-3.437702,-0.22145084,0.32300574,3.8250072,-1.1791664,3.611638,1.1984655,2.9796765,3.2236965,2.5721776,0.6925602,-0.36115226,-0.68615633,0.3676249,0.35367495,0.8918817,-1.3921679,1.0123906,happy
-578.3954,50.943558,-8.310007,4.077277,6.132185,-6.626802,-7.617402,-10.194752,-14.382764,-4.624721,-2.9785635,-6.5554123,-3.4585016,-5.725482,-5.462396,1.8438897,-9.036691,-3.7290335,-4.9048376,-3.9571848,-8.241693,-3.627119,-4.8276205,-3.6291165,-5.976916,-1.6570536,-6.9682856,-3.111386,-3.3331716,-3.7681875,-3.2145972,0.21325022,0.82353896,2.9647017,5.1495447,6.081834,4.694304,3.8595936,1.7812872,3.145503,happy
-575.54846,50.377457,-4.3799806,6.041826,6.396118,-5.9649005,-6.831343,-7.3637567,-14.971326,-3.7286146,-3.4687605,-5.304184,-3.7868712,-5.675254,-4.928343,1.6477016,-8.710657,-3.6331015,-4.7771964,-3.3697798,-8.739019,-2.8002737,-4.211856,-4.5096936,-5.982598,-1.527354,-6.559141,-2.8152163,-4.103774,-3.363803,-3.1868374,-0.6608988,-3.0901651,-0.9710083,0.60445595,1.7321742,4.7832084,5.0229397,3.272001,3.8808975,happy
-482.68616,35.81427,-14.26471,-2.4974513,-2.5586383,-8.0084505,-10.494968,-7.1312613,-13.381832,-6.776974,-4.1904054,-6.8873353,-6.8335433,-6.2608476,-8.059698,-1.3794488,-10.472707,-6.1896195,-6.139424,-3.5456786,-3.9730403,1.9638604,3.9277897,4.8109207,5.045255,5.8926883,-0.5024566,2.9515743,1.799518,1.221823,2.827931,0.35678032,-1.6939145,-0.64277446,-0.5982619,0.6785384,0.3730123,-0.45656177,-1.7914344,0.1008147,happy
-477.6565,36.19909,-15.920496,-3.2985103,-3.9635568,-8.914597,-11.61209,-7.942001,-12.798496,-8.492373,-4.735221,-5.503849,-8.07991,-8.302314,-8.546807,-1.4601679,-10.846709,-5.673846,-5.9848456,-3.6971226,-3.1538339,1.2021744,3.8200057,4.371451,4.412486,4.679899,-1.2106107,1.8722522,-0.08515793,0.30237475,3.3938916,0.78146064,0.117862515,0.1814507,-1.09128,0.6319926,-1.1680715,-0.7684573,-0.65281034,0.15516433,happy
-485.63406,37.723312,-12.582254,-4.468584,-4.502412,-10.299442,-12.096291,-6.0652533,-17.006815,-5.8101907,-3.8491895,-7.3511634,-5.7638392,-8.427573,-8.829113,-0.9219421,-9.718374,-5.2060814,-5.4046807,-5.0886364,-6.403355,-0.63134986,-0.36813498,-0.21688226,0.23190929,4.0519857,-1.3018662,2.6303723,2.9050112,1.3712739,2.1900587,1.5357462,-0.8026364,1.1083465,1.274116,2.8349688,-0.8650598,-1.8172346,-1.6848822,-0.4447421,happy
-510.38608,43.104218,-11.925022,0.0744609,-2.5499961,-10.467403,-9.524406,-6.812225,-17.450245,-6.111477,-3.3734417,-8.14734,-5.5982237,-7.31312,-8.136092,-1.2252153,-10.152329,-4.178677,-4.73635,-4.116502,-7.511855,-3.0793188,-1.9204332,-0.10662375,1.8280675,6.2170286,0.30161265,2.6438143,0.6684132,1.4480536,2.203365,2.5062168,0.85574824,0.39424244,1.1695454,2.9360073,0.7205285,0.8141502,-0.0018550421,-0.57513404,happy
-657.22375,73.8411,-5.214292,9.119377,13.820718,-0.6329692,-3.6817908,-6.3959413,-10.629652,-7.185408,-2.0703976,-5.491428,-5.855226,-0.9514206,-4.5904336,0.058056552,-5.706009,-2.7021902,-5.3189263,-1.8056686,-3.9463284,-3.454651,-4.53461,-2.1170099,-6.3304954,-1.8292661,-6.1723313,-3.8929431,-3.874038,-0.36073092,-4.371699,-1.476473,-5.132391,-3.4419372,-5.511896,-2.5387003,-4.7803345,-2.0343616,-3.970951,-2.1174312,sad
-631.422,77.36441,-5.182556,12.401546,12.119759,-0.69993055,-1.957547,-7.2726607,-9.352562,-6.716327,-0.8949933,-6.0146146,-7.387652,0.44721127,-4.4690003,0.6323294,-6.937121,-1.9216739,-4.671205,-2.4763067,-3.2974749,-4.1078367,-3.8701406,-2.8434346,-6.067164,-0.8316292,-7.4795365,-3.5752525,-3.851293,-2.382404,-3.939145,-1.598781,-4.178139,-3.5164888,-5.5905886,-2.3406005,-4.828727,-1.2977906,-3.5301373,-1.8028046,sad
-609.51904,52.57402,-0.34135437,10.610991,6.7634034,1.2897836,-1.7798281,-7.126321,-7.4410877,-6.6890106,-0.40625316,-5.4817553,-3.9335594,-0.008305065,-4.423954,0.042300973,-5.8815193,-2.595537,-2.3465889,-0.4476514,-4.685046,-2.2116516,-3.3588028,-1.168446,-5.813626,-1.9806232,-4.6436033,-2.9958346,-1.9869276,-0.4914275,-1.9102046,0.29187247,-3.2783864,-2.36152,-5.301573,-1.2236873,-3.8128033,-1.2185342,-1.5946006,-1.1544942,sad
-605.9815,58.580048,-1.6425328,13.073328,8.8512335,1.5264765,-0.9813838,-7.529859,-6.75556,-6.794265,-0.56332034,-4.5252876,-3.9430702,1.4990917,-4.321025,1.3165643,-4.69201,-3.0735245,-1.7253138,-1.9817919,-5.6462517,-1.981604,-3.8777978,-0.23127203,-4.2854056,-1.2979965,-4.907832,-2.0721622,-2.9930336,-1.3991381,-3.466105,1.3034562,-3.1968534,-1.7609664,-4.674814,-1.7515244,-3.1447206,-1.1978526,-3.1000943,-3.231392,sad
-527.55975,69.14642,-4.9475718,12.000354,11.111187,-2.989957,-9.289735,-13.882657,-13.238727,-8.870982,-4.1474066,-6.8700833,-3.6054494,0.42764565,-5.056326,2.0874422,-8.434028,-1.2417513,-3.746244,-4.531586,-6.1078134,-2.5411835,-4.9944954,-3.757218,-5.452002,-3.0157714,-4.2703323,-2.087236,-1.5532049,1.9052572,2.7118032,3.0059073,3.8217366,3.5223563,2.3183613,5.8763876,3.1594214,4.980343,1.9016216,0.8529993,sad
-571.589,69.42155,-13.790078,7.0019736,10.668224,-1.8813249,-6.2938223,-13.065059,-8.247873,-4.691378,-3.641796,-8.087047,-2.0406432,0.99061316,-5.3492765,-0.048847023,-7.5709925,-3.3272858,-2.540658,-2.176802,-4.471426,-3.4234881,-4.6527963,-3.356292,-4.3308616,-1.492504,-4.296957,-3.6686232,-3.789933,-2.8152974,-3.335599,-2.195598,-2.3571296,2.3631356,0.25823018,4.652059,3.9424016,5.419208,4.3681717,5.5882945,sad
-599.7517,57.06845,5.364038,4.861424,6.7626824,0.8701521,-5.3300076,-10.661155,-11.839068,-7.4023576,-1.830539,-10.741791,-3.1256726,-1.5523316,-4.240061,-0.049784087,-6.624748,-2.8290985,-2.570637,-1.8802705,-7.3394275,-2.7322354,-3.0413623,-2.4705284,-4.821055,-2.2668846,-6.363469,-4.047983,-3.4470391,-2.7540753,-4.2262545,-1.9636596,-4.551077,-2.3829734,-2.7909412,1.4306644,3.5008235,6.5405855,6.786405,6.516345,sad
-562.201,62.178223,-5.4350405,11.605437,12.88726,-0.1176467,-4.558339,-15.074049,-9.410906,-4.741763,-3.2308998,-7.2330313,-0.6181229,1.1143565,-4.302842,0.14916217,-6.404677,-0.6932259,-1.9099752,0.5097914,-4.792398,-0.7307347,-4.4963274,-2.6560094,-6.211423,-1.0920933,-3.9435914,-1.3044645,-3.7281346,-0.9593465,-2.8960054,-1.5482541,-4.0170546,-1.6129967,-1.0475018,2.6903303,3.246476,7.1247497,4.3629465,4.181646,sad
-517.9827,47.091118,-12.360268,2.1890843,-0.54835385,-7.0381145,-5.5052834,-5.8706603,-14.065347,-6.9105678,-2.860517,-7.5307655,-4.7247076,-1.2441721,-7.996712,-1.1353973,-9.1170225,-4.3763833,-5.768814,-4.946406,-7.297799,-2.3556514,-3.0674312,-2.4533107,-4.0874314,0.50167656,-4.7581367,1.4359164,1.3777373,2.3271766,3.7148757,2.790701,0.13843253,-0.55792046,-0.6582518,1.9705672,0.6088533,1.5545566,-1.3737899,0.19878034,angry
-505.76968,47.61178,-11.876043,3.881066,-0.21686289,-7.0347676,-7.5673604,-5.550188,-13.762732,-7.2768574,-2.389404,-8.16467,-5.0203457,-2.3586817,-9.063708,-0.17197719,-7.729491,-4.18909,-5.524179,-5.958703,-7.0155554,-1.644569,-3.5132704,-3.0614212,-4.2260585,-0.6256946,-5.014357,0.9070943,1.5758816,2.0191908,1.69851,2.3808532,0.54659706,1.1112273,0.515043,0.97070384,-0.3712667,0.39456797,-1.6731441,0.32355845,angry
-521.564,47.295815,-9.603835,1.9888153,2.0848992,-7.2589335,-5.2387643,-6.070223,-11.585175,-6.5340424,-4.224856,-7.2506957,-4.8434787,-4.1956224,-7.212251,-0.6479791,-7.5706534,-4.1639853,-5.498253,-6.962495,-7.1331053,-2.8148625,-3.447617,-4.172609,-4.8141065,0.9489507,-3.4721727,2.466047,1.8867353,2.1448274,2.501364,2.372959,0.01048673,0.35857508,-1.7696723,0.29959363,-0.15949678,1.3594345,-0.6317464,1.9940104,angry
-521.7396,44.01779,-10.980979,2.4708545,-2.372448,-8.393346,-9.503873,-4.5804453,-14.45986,-9.071219,-3.2036147,-9.613149,-7.4578757,-4.2393875,-9.11457,-3.2838972,-7.8166695,-4.3913646,-7.0340466,-5.806035,-7.1872554,-3.5615244,-5.4933,-3.4550662,-5.132485,1.1323706,-1.1660799,1.7727056,2.5156674,1.860552,-0.5287733,0.65742636,-0.4868579,-1.133804,-1.3695879,0.8599712,0.49092263,2.3538153,0.5894064,0.4264498,angry
-401.84204,33.765106,-18.478819,-0.9570571,-7.6403217,-8.219707,-8.76271,-4.8237176,-10.78381,-9.499567,-3.9637337,-4.031566,-6.2831945,-2.5634992,-7.9931293,-0.4794919,-6.3389378,-1.6630343,-0.095750414,-1.717483,-0.064622246,4.890996,4.819956,6.3455424,5.2489676,5.5413375,-2.34679,-0.927191,0.3271543,0.6527488,0.77462536,-1.11617,-1.8636308,1.830385,-1.0770085,-0.10946495,-1.1140519,0.29366532,-0.38738596,-1.6543543,angry
-416.8138,33.75244,-20.305561,-2.551184,-6.3574233,-9.777964,-7.0555425,-6.608595,-10.710043,-7.9807796,-5.3977838,-5.4208016,-5.229118,-4.5545874,-7.654105,-0.2417066,-8.769741,-0.4419421,0.5007771,-0.7354763,3.7090154,3.144653,1.9179842,3.2436497,2.5764031,5.2932363,-0.17615329,1.0856428,1.5371943,0.6803558,0.82894564,-1.0990506,-1.4787251,0.80145246,-1.8600788,1.1243718,-1.2987227,1.3841338,-0.1845957,-0.31723282,angry
-377.63354,26.102129,-20.651854,-4.51371,-6.5885005,-6.6470456,-8.237441,-8.658084,-9.439958,-7.7406535,-5.1559167,-5.104132,-3.8651738,-4.4909863,-7.3164744,-1.6161262,-6.9643307,0.3130398,4.6691914,3.1061556,2.4287074,5.1311593,1.581525,0.12352442,1.8387995,5.615524,0.8062721,2.3314757,0.018112652,-1.4339781,1.8998997,0.6683194,-2.4865868,-0.66561073,-2.0741706,0.37912136,1.2156206,1.3478805,-0.0070574484,0.88530666,angry
-387.91647,27.395628,-17.460405,-3.0780292,-6.0696325,-9.570449,-7.873375,-7.0266833,-11.925507,-9.218931,-4.6889668,-7.9636493,-5.4862943,-6.1752205,-8.659356,-3.8132455,-9.282531,-1.0066296,2.4825988,0.34901926,1.213678,3.5857713,0.02021085,1.2367855,2.955395,6.533959,0.7737553,2.9481852,-0.66649985,-2.1412919,-0.17877707,0.9651686,-0.31559888,-2.3494995,-3.717489,1.1019428,1.0485445,2.2440565,-0.7675985,-1.8945911,angry
-571.57654,56.88946,-3.381617,7.853773,9.031519,-3.778847,-3.0704417,-9.110023,-11.11319,-3.8574855,-1.832054,-3.7839906,-3.3924882,-1.2645115,-4.679082,0.84609187,-5.778739,-0.9494265,-2.752439,-3.1720545,-5.255447,-3.1625988,-1.6737183,-3.8785422,-3.5774822,-0.8100183,-5.1069674,-0.8299811,-3.4580486,-2.678711,-3.588979,-0.943874,-4.7261496,-2.2239249,-3.2072654,-0.7488675,-1.1283901,0.31440955,-1.8215673,-1.4971145,fearful
-652.8074,62.51639,-3.6437442,8.992209,9.315035,0.30938908,-1.1316003,-4.834566,-10.582822,-4.437751,2.3148723,-5.870459,-3.0265286,-0.29800367,-3.578088,1.5343496,-5.419885,-1.5424924,-2.6059258,-1.9028611,-5.4804797,-3.0351179,-1.4978708,-2.7617776,-4.314393,-1.0642991,-4.4255176,-1.4580845,-2.1220977,-0.50004035,-3.6124685,-0.19883217,-4.224661,-1.8932784,-3.862408,-1.7628285,-2.1900115,-0.4891804,-1.6275378,-0.60986453,fearful
-601.65924,46.166607,-6.008269,8.07654,7.570004,-1.8066409,-4.1283207,-7.840594,-10.532104,-5.9576693,-0.23016271,-6.961401,-2.5177877,-2.984185,-4.645326,-1.4684794,-6.604491,-2.5547526,-2.1125813,-4.5418663,-6.8554387,-4.0859637,-0.67999965,-4.6935987,-3.8073587,-0.1658135,-4.6194096,-2.289638,-2.0735643,-2.4399667,-2.885339,-0.14619829,-4.337629,-2.295064,-2.6263506,-2.1921368,-3.3239098,-0.9848174,-1.1902413,1.1881902,fearful
-627.84045,49.533573,-5.4264007,6.99429,5.790115,-1.9057728,-4.200763,-8.816967,-10.346523,-6.262921,-2.636291,-5.697188,-2.8466952,-2.8506677,-4.2070036,-2.546404,-6.519906,-2.886942,-2.87156,-3.5739563,-6.6170692,-4.584897,-2.161229,-4.903318,-5.256507,-1.8815011,-5.647957,-3.3418796,-3.5020547,-2.2890224,-3.1738503,-1.0362731,-5.524698,-2.8366585,-4.088195,-2.1824074,-3.2018611,-1.4137285,-2.3330104,0.22265488,fearful
-507.01797,52.002193,-16.246796,6.423229,6.7964683,-11.3864355,-10.739321,-11.5846,-14.786526,-5.6636043,-2.742162,-9.335846,-3.0731115,-3.1160645,-8.065187,1.4117332,-8.583376,-5.5487585,-3.8707027,-4.67142,-7.8429446,-3.5857582,-5.590148,-4.4574466,-7.3424015,-2.25545,-7.5494766,-3.3725872,-4.981694,-3.5914161,1.3166785,2.1310725,2.7984056,5.479635,3.1164153,4.557787,3.2926683,5.137392,5.2154584,4.6133,fearful
-524.39325,51.21908,-9.72987,6.459242,4.3890176,-9.220143,-6.886932,-12.996191,-12.240953,-7.758434,-3.4963493,-7.2057376,-3.344046,-3.5651314,-6.798757,1.1530144,-8.711814,-3.7423518,-5.0212035,-3.8661616,-6.8835483,-4.49748,-5.1525474,-3.9485364,-6.8509192,-2.0151265,-7.3043656,-2.4940295,-6.023417,-4.7163744,-2.892077,0.34365255,0.5435963,6.274125,6.1679325,7.608452,4.2326574,2.5438962,-0.041174646,3.3949497,fearful
-476.77866,43.756557,-15.834467,0.84763324,2.4121192,-10.68083,-11.915684,-11.15811,-13.771713,-6.952854,-2.2550583,-10.101966,-6.116151,-1.5377815,-9.50242,-0.4432943,-9.95059,-5.3786263,-4.7694144,-4.637757,-10.123206,-3.3876169,-4.6889396,-7.7373886,-6.4621882,-3.528611,-6.6106267,-1.5997227,-4.231351,0.5298544,0.59966105,4.0599113,1.0037795,2.9772167,3.6911585,6.3773794,5.0771217,4.7881856,2.3801877,2.3074758,fearful
-486.27118,59.575066,-15.955642,0.7256409,5.216413,-3.8949125,-10.313611,-16.229443,-18.074377,-7.076664,-1.4752226,-8.74712,-5.3924136,-2.5559309,-6.955186,2.6799312,-7.894663,-6.5242987,-5.25094,-7.936143,-8.463553,-1.8360782,-5.2476683,-5.6943264,-6.2840605,-2.4219549,-6.7040725,-3.3690214,-4.967894,-2.4845195,-2.2314649,0.19736739,-1.8951557,2.1769419,2.4161227,5.369688,5.840643,5.6626153,4.100051,4.679435,fearful
-603.9039,60.470253,-1.4744699,10.257415,4.8943434,4.302656,-0.933315,-5.1850777,-8.221169,-6.020113,2.535614,-2.8371305,-5.375865,0.98764014,-3.2137015,1.1262681,-2.6783695,-0.5779196,-4.2288504,-0.96334267,-2.9934409,-1.8096689,0.0831982,-2.6162455,-3.1851428,0.6972306,-5.0383687,-1.0830462,-1.1465017,-1.3818934,-1.7312529,-0.54674286,-3.081188,-3.2204828,-4.094207,-2.5224783,-2.3072515,0.028271925,-0.6471375,0.5275163,disgust
-609.4715,56.22669,-2.3175476,10.818729,5.343611,-0.6503452,-2.945859,-5.4580455,-6.883293,-4.2737436,-0.2704096,-3.4837868,-4.649691,0.17352541,-2.9237626,-0.12049878,-5.6051207,-1.4120927,-4.1318097,-1.5825677,-4.830914,-3.4359787,-1.9671001,-2.0735235,-4.1349654,-1.5819076,-4.202097,-2.2942364,-2.7576435,-0.8731201,-1.9215416,-1.0409981,-3.2498643,-3.4424908,-4.103474,-0.60790247,-0.5905825,0.048840802,-1.3973345,-0.6767078,disgust
-634.3495,46.4653,-0.26818752,7.3765006,4.001094,2.21335,-2.6322057,-8.199459,-6.267227,-3.1219232,0.040669948,-4.4044147,-4.426585,-0.5806154,-2.1363196,-0.90792775,-2.6752849,-0.5335151,-4.0608964,-2.04952,-4.8363543,-2.7443209,-2.012108,-2.6681406,-4.6513424,-1.7151203,-4.006483,-2.3011236,-2.7939353,-1.4946486,-3.1396093,-2.5301352,-4.5213485,-3.6430483,-3.1296606,-0.83048797,-1.2278571,-0.849559,-1.0122682,-1.4353108,disgust
-631.9208,49.90492,5.0058193,7.128148,4.434438,0.87380165,-1.4859527,-8.460227,-7.367375,-4.0191665,-1.7425679,-5.949655,-4.2338314,-1.7147123,-2.9533944,-0.144412,-5.3952384,-1.5757223,-4.372713,-1.7550646,-5.843706,-2.8463516,-1.7587243,-3.7735267,-5.2574964,-0.5490239,-4.5211167,-2.5447056,-2.365129,-2.8454037,-3.3873217,-1.945291,-2.8155956,-3.967529,-3.4735289,-2.665672,-2.5831702,-1.2480736,-2.2816913,-0.9929471,disgust
-515.1106,56.63295,-2.7057168,7.2908616,1.5352359,-0.55596256,-4.506281,-4.2624774,-11.586054,-7.30789,-1.149202,-6.299887,-4.769274,-3.155652,-6.2202168,-1.7923245,-8.282521,-2.5575147,-5.917546,-3.3829832,-6.500858,-3.2125938,-6.148786,-4.8997626,-2.8258803,-2.864197,-5.380476,-1.629424,-2.9242742,-3.6203628,-1.0748497,-1.1138759,-0.60133713,1.8666619,1.3421555,2.5638556,1.4715004,1.8465236,0.75029075,1.9443668,disgust
-522.8586,61.36098,-2.1590528,10.365446,0.7114563,-1.6685904,-5.439475,-6.7644796,-13.291025,-7.127613,-0.7372562,-7.1428685,-5.00482,-3.0332088,-2.6235948,0.02442627,-7.6407647,-1.8420248,-6.0219173,-4.836098,-6.260364,-3.9678147,-5.510595,-5.3214517,-2.4452689,-2.9712965,-7.2722282,-1.952198,-5.3450265,-2.2175481,-0.73114246,-0.33957732,-0.89203775,-0.7149463,-1.5568361,1.409784,1.636557,2.808695,1.3038372,3.2469683,disgust
-526.20135,55.040062,0.5398414,6.807306,3.759443,0.5754049,-8.277156,-7.745475,-13.195358,-8.008389,-2.8444731,-8.010901,-6.2227077,-3.5231013,-5.4693117,-0.861085,-6.244368,-3.4098077,-6.1072116,-4.903367,-7.7392654,-3.0081708,-5.793418,-6.229681,-6.565337,-2.9986064,-5.75328,-3.0940413,-4.495713,-1.616521,-1.4730273,0.76202464,-0.99814135,-0.53706133,-2.0240417,-0.09871568,-1.0749673,1.1583211,0.62445563,1.5914818,disgust
-531.7761,55.53022,0.7329482,7.5543165,4.0370784,-0.42968515,-7.707279,-6.48183,-16.645802,-7.1229577,-1.5209497,-8.646417,-5.7274556,-3.9591994,-6.3347235,-1.143134,-7.445603,-3.9872098,-4.991176,-3.8171127,-7.2117763,-3.868731,-4.1504827,-7.1417856,-6.923986,-2.8662443,-5.821825,-1.7582752,-3.1412158,-1.8402704,-2.2746303,-0.36851597,-1.9025356,-0.08379217,-2.4846964,0.5323672,0.13626353,1.9563799,1.2738874,2.2641778,disgust
-540.53845,51.14734,-10.450402,4.1887465,3.1291559,-6.885167,-8.118453,-10.006729,-11.899809,-4.8953605,-1.2264866,-6.4805074,-4.0316453,-3.7214584,-8.934656,-0.48145476,-7.710303,-7.0946674,-4.507159,-2.518833,-4.2635493,-0.43145397,-0.07722041,-0.618955,0.5557392,2.3128347,-3.5818555,2.003559,1.6193043,0.34070042,2.5166788,0.20485967,-2.693775,-0.06754214,-1.4492533,1.3344,0.3960505,1.1132693,1.3636433,3.4998276,surprised
-550.59845,53.667404,-9.5164175,3.5076354,5.2384953,-6.561772,-9.769306,-7.8252544,-12.469899,-3.4607646,-0.6987997,-7.296532,-5.00293,-2.5204785,-9.775799,1.4305078,-7.3222895,-5.2363853,-4.800543,-2.3016698,-6.920158,0.08229619,-2.0731356,1.4520003,2.164522,1.5075618,-0.45328316,3.5566568,3.3235526,1.6759686,1.3848618,2.2380483,-1.8803872,0.43399635,1.0681571,1.9066705,0.7720803,1.541277,0.19725367,1.0754023,surprised
-517.933,52.94978,-8.660535,0.67776066,3.4254413,-3.3281918,-8.3894415,-7.254049,-12.999761,-4.211511,0.72363484,-4.466022,-5.7899218,-3.3346386,-8.7007,-1.0254297,-7.9887967,-6.4556975,-4.854,-1.4009566,-5.791614,3.506155,1.3395467,0.7007183,-0.45451838,1.3959628,-1.3606839,2.1744797,3.5558412,0.7555853,0.16577165,-0.33880678,-1.665645,0.11169995,-0.7741278,0.48640093,0.82100064,0.8679075,0.5610533,1.6596446,surprised
-514.9487,49.69198,-12.306645,-2.0170333,0.25365305,-6.933493,-9.412057,-9.787578,-12.925488,-5.301958,-2.9563465,-6.047889,-7.6566067,-5.5752735,-7.314429,-3.6572807,-10.177765,-5.775834,-6.357403,-2.4442956,-5.4854918,3.2202113,-0.17766088,0.48659536,-0.6479144,0.121940486,-2.713071,0.18544434,0.7449637,-1.4004893,-0.2425316,-0.82064795,-0.56036514,1.5683097,0.43807718,2.2642076,0.7293353,1.632454,0.6313568,0.9376058,surprised
-498.56363,44.16942,-11.601343,1.9660851,3.0809596,-6.362542,-13.297515,-9.534493,-10.860578,-5.3167553,-3.3617058,-6.799885,-8.250219,-5.126403,-10.761279,-2.9951844,-10.0069275,-7.3258376,-2.6843317,0.6431433,0.27822047,4.2911263,-0.18371145,-0.80505717,-0.8460995,1.324993,0.8585542,0.8321898,0.9758909,-0.57366145,1.4106352,3.7582576,0.5741366,0.41551057,-0.83233255,2.118426,1.4487109,1.4706696,0.78207314,2.3433664,surprised
-496.36945,45.74639,-14.328193,-1.2080634,-2.320628,-6.8302927,-11.910323,-10.933288,-11.585724,-5.595091,-3.5546327,-6.798172,-6.131339,-6.301675,-10.375527,-1.5548452,-10.611963,-6.6993265,-3.2908754,-1.0642983,-0.39136407,2.7932608,1.7696027,-0.92216444,0.43995473,3.0012684,-0.15525804,3.3647168,2.7553113,1.3846161,3.042689,1.8443002,-0.3358136,-0.48617327,-0.1882245,2.7192593,0.37349316,0.58478874,0.7316077,0.5812207,surprised
-478.23273,36.09417,-14.567609,-4.933913,-5.735737,-7.3889112,-11.525291,-11.229336,-11.893882,-6.8590093,-4.4567037,-6.021188,-8.024233,-7.2797327,-9.931757,-4.6212745,-9.615412,-5.691443,-2.3033717,1.5977778,-0.51756155,4.9891567,1.5415367,-3.417593,-1.6453667,3.5296972,0.14238696,2.0719614,0.77801126,-0.41174012,2.358961,2.961374,-0.9299161,-1.3015369,-2.0057414,1.3911153,1.0829539,0.34269944,0.7615066,3.1302605,surprised
-498.1352,39.734634,-13.461921,-2.2899392,-2.1503239,-5.9349895,-11.7942295,-9.329057,-12.116042,-5.504665,-3.874506,-5.896591,-7.1399593,-5.7145185,-7.6935596,-3.0321138,-8.494086,-5.144851,-3.2812343,-0.34985775,-2.665279,4.116394,3.1186852,1.7535374,2.1327367,3.1505456,-0.26445118,1.1412035,2.10569,0.91471213,2.2313383,2.2424567,0.0693002,1.3062139,0.73188746,2.0176325,1.3383223,0.89934504,0.44573352,1.0658656,surprised
-656.36584,53.38536,-9.121106,1.0563328,-9.859865,-9.448233,-14.047061,-15.455388,-10.48,-8.201741,-10.553614,-3.9480639,-7.556065,-6.503458,-3.5089383,-7.738669,-5.368682,-5.7930903,-7.532924,-5.400564,-6.1682177,-5.2430463,-4.801351,-3.222277,-2.8687298,0.49711978,0.6575842,2.6132212,2.1087956,5.13848,5.221745,8.237515,8.4328,7.498372,5.052591,2.6610215,0.46261725,1.2044481,-0.41664973,-0.02434352,neutral
-651.5837,49.52367,-15.289289,2.1011274,-10.083639,-11.913665,-12.493158,-15.879214,-9.704224,-6.7829337,-11.67148,-4.0356097,-6.613842,-8.286682,-3.4339967,-7.09375,-6.3538055,-5.418068,-5.642184,-5.4908304,-5.1919527,-5.2215056,-4.043534,-3.1458366,-2.9397626,0.061368033,-0.5771651,1.7894801,1.6677953,3.9599469,4.9454145,7.8314605,6.98257,7.6391068,3.1829035,3.0427766,0.5950229,0.44429561,-0.19602038,-0.1516149,neutral
-648.326,52.6482,-8.608705,4.927527,-10.574008,-6.8694334,-14.353025,-13.974556,-6.995541,-6.648951,-8.316566,-0.6929062,-8.145592,-5.4355946,-2.300266,-8.397831,-3.4676485,-5.6481147,-5.745492,-4.785731,-3.6059804,-2.4814465,-0.625475,1.4673804,-0.23053412,2.1383238,-0.89495283,5.349076,5.773967,9.493833,6.8569193,4.394908,1.1590055,1.7856551,2.3033926,3.4764986,-0.88625336,-4.176881,-4.3787336,-0.45608684,neutral
-647.78534,47.443676,-5.886161,4.6665163,-9.774135,-6.7291317,-18.300083,-14.851842,-9.565573,-7.533538,-10.379729,-2.0484848,-5.4543304,-6.7820506,-1.2525837,-7.267486,-5.023546,-4.0901566,-6.5449924,-5.082344,-3.7310007,-3.139463,-3.4295685,-0.41209182,-0.4437282,0.76002747,0.025987478,3.6119292,2.160904,6.3032613,5.393924,5.5355663,3.93798,4.848092,3.5507436,4.749096,1.792641,-1.3570415,-3.457002,-0.5993339,neutral
-710.7925,47.17636,-3.8070774,4.4549475,-4.397573,-7.0048103,-13.492145,-15.595021,-10.649931,-8.310635,-9.553959,-4.872448,-9.749318,-6.2109075,-3.7128375,-7.7603683,-4.605784,-3.4324782,-4.477668,-3.0753622,-1.7797607,1.887382,2.078424,2.0646708,-0.8135884,-0.92649627,-2.4591215,1.0435792,-0.19413887,1.3393906,0.39891198,4.9299297,8.255916,10.321613,7.1807675,3.8245435,0.28830272,-0.7672262,-1.4047946,-0.19634382,calm
-716.80286,51.303875,-1.270232,3.7705731,-7.5624313,-6.666962,-9.997191,-12.983496,-10.922864,-5.57469,-9.016643,-4.3024883,-8.929726,-4.8692675,-3.1435218,-7.735976,-4.4382877,-4.9392734,-5.6556153,-3.687995,-3.7258906,-0.65008676,-0.8223579,1.6913184,1.376796,1.9325007,-2.0623536,0.81118554,1.1632447,4.646103,4.389986,8.123382,7.128006,7.5726204,4.646004,3.8966353,-0.3579007,-2.6103292,-2.4941773,0.3789339,calm
-684.22,47.031815,2.596472,8.377645,-6.197035,-2.8016193,-13.228344,-9.764068,-8.050813,-5.8177443,-7.204734,-2.7522998,-10.301157,-2.628762,-4.196625,-5.8141356,-7.4250517,-2.827496,-4.8014894,-7.9652033,-3.4137843,-5.1445885,-5.367106,-3.6570683,-2.765546,-3.2364023,-4.130433,-0.09562612,1.8989575,8.303288,11.860689,18.200686,15.127941,13.666877,3.4460435,2.6695821,1.1513839,1.7078775,1.9811563,2.3029292,calm
-656.247,49.35862,3.5867374,0.8763856,-1.9667732,-3.954709,-14.090588,-9.606791,-11.766876,-6.176615,-10.040081,-2.6783316,-8.408793,-4.7582903,-3.1325178,-5.161065,-4.6512756,-4.0064144,-5.55815,-5.8405423,-3.2972343,-5.7512674,-6.223448,-2.6452768,-4.0806575,-3.3656993,-3.946312,1.249342,1.4569257,6.883783,6.872737,11.715988,10.631884,9.989688,4.832158,4.5607195,-0.05248064,-0.85817236,-1.6651981,1.3996575,calm
-612.9928,56.72564,-15.146091,-0.9163748,-10.01479,-11.004426,-15.770983,-14.240053,-11.513997,-8.994307,-10.541305,-3.6138225,-9.369573,-8.547258,-3.5425313,-9.436483,-6.9801636,-7.21204,-6.8668656,-3.6370292,-5.2256527,-3.0290189,0.04573505,-0.23123217,1.574162,1.1812015,-4.043311,-0.3941674,-1.8601458,2.9983885,4.3163657,9.649379,9.259305,10.803978,6.765273,7.152619,1.4756241,-1.0177288,-2.1983361,0.6885076,calm
-633.50305,60.27064,-6.469854,7.440548,-6.0001163,-6.8411865,-12.130846,-11.985105,-11.98571,-10.274362,-5.1516366,-5.247035,-10.726777,-5.7163563,-2.818667,-8.157157,-7.021024,-6.1497297,-4.7703295,-6.458934,-3.2134945,-2.7600956,-0.46348923,0.72391266,-0.7434007,2.4132323,-4.276537,2.2242222,1.8285283,6.5271306,5.5927258,9.936118,6.846607,6.6848774,1.6561645,3.2040117,-0.19095635,-0.6836465,-1.9211837,-2.1885672,calm
-650.7672,58.11755,0.6633869,-0.38985133,-10.287679,-9.421762,-14.952113,-9.343137,-14.369999,-9.719179,-7.9591007,-4.50229,-10.699541,-5.1374516,-4.2730527,-9.842462,-4.665885,-4.479865,-6.084187,-6.2425246,-3.4519298,-3.2493129,-4.6680093,0.7671579,0.42027506,1.7966187,1.7301103,6.151979,2.555188,4.263474,2.6728313,7.6412807,8.206852,10.839371,6.6126943,4.405522,-0.5572787,-0.9407,-1.9666919,1.5493399,calm
-611.9965,51.912163,-6.192483,0.18916282,-5.5473638,-9.687707,-14.276459,-8.404935,-14.5941515,-9.031417,-6.3623395,-6.414779,-9.472055,-6.4113107,-4.2660804,-9.488409,-6.3776064,-6.9076805,-6.0438995,-5.619876,-4.5774264,-4.9139295,-6.1688337,-1.7590688,-1.7848574,1.5661253,-1.3059974,6.3236885,0.7377242,3.5742552,1.0500089,5.8424044,8.40431,10.539512,5.5827975,5.2170486,-0.10576418,-0.34224606,-1.6614813,1.6748188,calm
-624.1466,49.235893,-13.3848715,1.2964716,-8.031517,-10.14586,-11.045021,-10.175456,-11.591082,-7.85332,-11.7551365,-1.4921879,-9.175432,-6.4860053,-1.1640282,-8.801438,-5.220832,-5.334246,-7.2118187,-4.3928,-3.0680385,-1.0076485,0.019713182,0.62967706,-1.695531,1.1153889,-2.5975344,0.5589734,2.199616,6.1855483,4.0229774,4.445532,2.773738,5.5166435,2.7896683,4.9397707,2.1409056,0.74461424,0.65017503,0.64446706,happy
-599.5797,56.61435,-20.286198,5.5258045,-6.475127,-11.378355,-11.263807,-11.922315,-10.307076,-5.420168,-13.29741,-0.41908482,-8.312547,-7.7826576,-1.8971742,-8.7678795,-5.00378,-5.09161,-8.042395,-1.8249519,-3.8019516,0.17624535,0.27265272,-0.4266151,-2.364451,0.5838348,-3.3595748,4.5288363,3.533072,8.529714,5.460542,5.0074697,4.057994,6.291598,2.6523497,4.4332743,1.566468,1.5038922,-0.5600863,0.89097124,happy
-649.2531,56.736923,-16.001938,-0.8095488,-6.876015,-8.218511,-12.306978,-11.301536,-9.085028,-6.782834,-8.135588,-0.97361624,-8.016784,-5.2121816,-1.6258494,-7.945333,-3.6749625,-4.358353,-5.5128155,-3.6345904,-3.2809918,-1.8263168,-2.2186959,-1.5794238,-0.6066675,2.973455,1.1364784,6.402623,3.9117122,4.043762,1.710186,0.39945337,2.497656,3.1988442,2.0180025,2.804219,-0.07764922,-0.5247283,-3.262925,-2.4818282,happy
-576.22174,41.043224,-20.171425,1.4287528,-10.212636,-11.8536005,-16.658966,-10.559933,-11.208423,-9.342772,-9.171896,-2.0449173,-10.312061,-6.555541,-3.2444127,-10.468648,-5.468304,-5.328123,-8.840383,-3.2219763,-3.9687045,-3.7786353,-1.8656158,0.14823021,0.46325684,4.983477,3.035107,7.030265,2.5102704,0.9592178,-0.27375865,2.0441828,7.2668033,8.767607,4.169247,2.303591,-2.6505642,-2.147976,-2.5053406,1.1783042,happy
-464.64737,43.927746,-29.24442,7.2931733,-14.001026,-20.384005,-8.39339,-14.535091,-7.3392825,-3.941602,-12.39067,4.7606716,-9.919825,-3.6367514,1.7170051,-11.095645,-3.13954,-3.4833481,-5.9485188,0.7578146,-0.74991584,0.7836469,3.9318008,5.789656,4.557919,5.4696712,-1.0539279,5.0054927,2.8001597,8.126719,9.761947,7.3706064,1.5177222,-0.103573374,0.75825894,2.5822222,0.16934168,-1.014043,-4.3904223,0.4838957,happy
-486.9382,41.76453,-24.921846,12.779597,-9.843101,-14.038868,-6.63357,-10.798481,-6.2204146,-1.8977677,-10.509088,6.0390596,-2.2992303,-4.019614,3.1761124,-6.369488,-2.9750736,-2.2929275,-4.847077,0.3551787,-1.2911189,-1.166559,0.37221798,2.3186023,-0.10424799,4.4882984,2.0524418,6.5419016,0.8692254,2.650352,5.472617,9.079135,10.668442,8.237811,3.2407987,-0.5204293,-1.7110387,0.8528706,1.421146,1.2734876,happy
-482.82187,36.41154,-25.792582,2.430335,-14.662713,-18.843847,-15.6482315,-14.414743,-14.481482,-4.097418,-12.082464,0.66517144,-12.204762,-4.431871,-1.18453,-11.674824,-3.6257565,-5.035443,-7.8990674,0.09037053,-0.07472323,4.874296,5.4310923,9.042976,9.272977,7.571488,3.819188,8.716014,0.17563711,2.9256694,-0.29953825,1.5724415,2.1725667,-1.6184373,-1.1910272,-1.3171511,-2.8816705,-1.594609,-2.5686755,-2.1373062,happy
-453.0265,24.694395,-27.71903,-5.459496,-19.401943,-19.510746,-16.15865,-12.39457,-12.829659,-5.9192424,-14.615473,-2.6956055,-11.567522,-4.1629715,-4.2057953,-11.6669655,2.0019207,8.246407,11.954355,20.73178,13.145613,4.9594684,-0.33595064,2.3786433,-0.2395374,0.60362333,-2.7006962,0.69500685,-2.2434962,-0.959239,-6.490318,-0.49236614,-0.018380502,1.4931676,-1.41307,2.0029926,0.1678468,0.8047746,-3.0499222,2.9291563,happy
-628.05054,63.42489,-3.6049883,5.8598423,-4.764738,-9.57236,-17.17249,-10.896515,-12.639367,-7.2812996,-11.770719,-5.0511284,-6.972029,-3.889482,-4.5254393,-8.090392,-4.5125566,-5.166252,-5.8167715,-6.428505,-3.309924,-5.4774423,-3.0909932,-1.6180619,-1.0657065,4.2015805,0.24980375,3.315533,-0.7311254,-0.29331678,-2.1870925,0.28439415,1.1996346,5.4262066,7.2521944,8.542349,5.4243703,1.7158118,-0.37554377,-1.1751728,sad
-667.6427,64.858215,1.5765692,10.322733,-5.3995275,-4.2014074,-12.104648,-10.561923,-8.130754,-3.322475,-11.328827,-2.0355465,-7.106885,-0.8543822,-3.0345817,-5.86324,-1.5384711,-5.7764854,-4.0204477,-4.2362947,-4.540178,-4.146868,-4.5699124,-1.8297931,-3.7291899,-1.7815335,-2.6340332,-0.6135977,-2.7162325,3.370159,4.6143603,10.297923,11.840627,13.168806,9.762692,4.717915,1.8662525,-0.39000803,-0.13409323,1.6606377,sad
-670.2715,51.474293,-8.231057,2.7846963,-10.218516,-6.1708226,-13.094866,-16.34828,-10.313572,-9.394699,-9.967474,-2.9467099,-8.576168,-5.400226,-0.7964998,-10.396093,-4.789549,-3.2201772,-5.53633,-6.288236,-4.8018227,-4.8473077,-4.048017,-3.0811472,0.014011882,0.1522462,-1.2228779,3.4598172,1.268838,2.4776301,2.2535284,4.8498626,5.911652,9.395975,8.642052,7.382428,2.554792,1.0560312,-1.3173721,-0.73426807,sad
-644.1476,63.21389,1.1800351,8.077126,-9.052629,-4.3417077,-13.012443,-8.485956,-10.072922,-7.801438,-6.4269648,-4.5141377,-5.199467,-5.1635265,-0.27217397,-7.310959,-3.778286,-3.6855354,-6.8223643,-6.242138,-3.47762,-5.0014687,-4.6437097,-4.013294,-3.7230113,-2.433068,-5.098961,-0.012531809,-1.1234177,1.9523257,1.6359937,4.20832,4.7488003,4.9742227,2.603938,2.1510358,0.5745672,-0.3930888,-3.321406,-1.0016409,sad
-499.3536,53.82789,-31.260757,1.0507646,-17.328598,-23.262213,-17.784733,-25.266312,-20.767292,2.9066508,-14.772438,-8.900168,4.394577,-12.48498,-1.3117676,-4.0498633,-7.9139743,5.643429,3.2342472,6.3580937,5.9392686,4.9530325,2.3860807,10.527182,5.0401125,8.591838,4.758985,-1.6161659,-2.1384206,-2.80245,-1.5193805,-0.48621967,-5.442152,-1.1784254,-1.375431,0.8053861,-0.3205328,-0.3944485,-3.690079,1.894202,sad
-498.1963,68.23839,-19.412458,4.3837204,-16.281212,-22.427368,-7.8682814,-18.363285,-14.691684,-1.9583213,-12.468029,-2.5478601,1.1434422,-10.010192,3.571758,-6.987457,-3.2451522,2.5743043,-3.251687,3.8087592,1.6565824,0.7817198,2.2910497,5.76245,0.06742049,4.8167796,0.9906833,6.566226,3.083064,3.629891,1.0567216,0.33614665,-0.86827075,2.2076838,0.12267629,1.5827881,-1.2101939,1.4366481,-0.8776681,0.22148049,sad
-504.32657,57.29634,-9.218664,2.0453231,-10.837769,-13.300781,-20.246784,-21.119839,-18.949684,-2.270571,-20.33176,-5.7673573,-1.1609756,-13.308718,-1.7074214,-10.90302,-8.348358,-0.6714722,-6.710896,-1.2302703,1.1100103,0.76167536,-1.4223075,5.5174246,0.6136673,5.031539,4.025065,5.861371,4.7433667,2.7441754,-1.3064446,-1.8478093,-4.59189,-1.5515515,-3.3560367,-1.3648381,-2.3511565,-1.6163512,-3.708884,-1.4619633,sad
-598.1933,49.370377,-1.3324336,-0.1224985,-14.010909,-11.485261,-13.150157,-10.877766,-17.621252,-6.1568556,-11.851779,-3.9004908,-4.5955853,-9.096968,-1.6876534,-7.677931,-3.9645178,-0.4284108,-5.175281,-0.6660513,-3.2036273,-1.6052321,-2.7377286,1.6596271,0.07320257,9.857056,7.3176074,15.408364,8.611214,6.53395,1.0445243,-1.4748386,-2.0057342,0.062235467,-0.22185005,-1.2548159,-3.8248723,-1.447472,-3.7981975,-0.68757856,sad
-441.17462,45.21103,-25.011305,0.6743265,-20.209784,-15.904543,-7.3046565,-16.412582,-10.913323,-1.5125542,-13.286139,2.4603074,-6.857884,-7.8579106,1.592438,-10.306154,-4.8360057,-5.6323223,-7.0113587,-1.3432592,-2.8823662,-1.7874051,-0.88415307,-3.384522,-1.2793865,3.08063,3.414316,11.013887,9.195429,7.6014233,4.4407845,1.8955257,0.57295716,2.0036976,1.478527,2.7755983,-0.07705169,0.6224085,-2.4682453,-0.05142828,angry
-467.24356,36.77845,-21.739635,-0.4200388,-14.377234,-13.683625,-9.3537035,-10.710153,-11.065316,-1.929599,-9.362861,0.28040448,-3.877325,-6.626738,-0.2333436,-7.015307,-4.648071,-4.402903,-5.756258,-0.98427886,-3.2580318,0.60307467,3.1727712,4.082324,5.2599607,8.319999,4.65958,6.75562,4.4743037,5.230527,4.0594845,0.9941129,-0.4784627,0.5378315,-0.73877233,1.7416052,-1.1859479,-3.167481,-1.933191,1.0465814,angry
-495.1945,40.086773,-18.816973,4.1134396,-12.475673,-12.288861,-8.439767,-15.763063,-10.760331,-2.9865606,-7.4865274,2.0002139,-4.0416136,-6.977889,0.45704827,-6.2775736,-2.723508,-3.207071,-5.3425727,-3.1063125,-3.7730358,-5.0532565,-3.6476605,-4.2874475,-4.805811,1.370145,-0.23799016,7.076518,5.0845613,5.649684,4.4165726,4.2860684,4.796839,6.2279654,3.8746564,1.4491817,-2.5958676,-2.8157668,-1.941115,2.8276908,angry
-430.98788,45.424038,-24.941673,-4.296393,-15.107083,-22.16604,-11.047746,-16.737698,-15.488645,-1.5692078,-10.039107,1.0077031,-8.983045,-6.88666,-1.9559891,-8.654796,-3.8245132,-4.69671,-9.8644,-3.351546,-6.8936753,-6.5496883,-3.1966078,-1.4518808,1.656884,7.919207,3.0667977,13.011895,6.14681,8.623098,7.4277663,4.5705256,0.97094053,0.6438732,-1.0140967,1.7208785,0.370809,-0.028196013,-3.2327132,-3.0838604,angry
-349.1646,36.816345,-25.99158,1.8140924,-27.87469,-19.53795,-6.897798,-17.58071,-12.768051,-4.9058084,-16.294111,5.0759435,-11.926568,-7.407669,0.12203422,-9.844651,-5.2233806,-7.752274,-9.251579,-3.8846138,-1.3991624,4.5787306,6.5390763,10.035472,11.933008,13.9263935,4.8737583,6.3210974,-1.1576512,1.0890195,-0.34121728,1.9568601,0.037409678,-0.13753912,-0.9334149,2.6093028,0.9549128,-1.3661602,-3.6188598,-1.5993919,angry
-383.83148,39.531364,-29.568766,0.9093272,-22.576288,-19.432524,-8.349224,-16.016798,-14.062508,-0.8393063,-17.350845,4.6977816,-7.194106,-10.32061,-0.078120925,-13.010651,-5.700008,-5.226601,-6.5209527,0.6387414,-0.9183542,0.2648292,0.97879726,6.0055084,9.530581,14.197674,9.968603,6.9607277,0.45955247,0.5145838,1.4744741,3.130403,-0.6056919,-0.8001895,-3.2266066,2.4915917,0.42610565,-0.33842713,-3.5396683,0.4690979,angry
-429.91946,45.70191,-16.09024,-3.148276,-17.782343,-13.366638,-12.353443,-16.927477,-13.4218445,-3.856827,-10.228124,6.2152457,-7.822117,-4.6045604,-1.9512246,-8.600735,-1.8566641,-4.2059693,-7.854155,-1.6293931,-6.6192703,-5.5106106,-0.9345709,-0.9287412,-2.4184964,5.010689,3.053314,11.593027,9.309131,10.364057,6.300486,1.9900832,-2.169777,1.3827609,1.1550853,3.5524423,-0.6383061,-2.078854,-2.4738684,0.7922805,angry
-431.35733,20.4499,-23.67742,2.4245112,-26.27693,-12.8113785,-9.442535,-14.490766,-11.625172,-6.7135887,-10.074029,2.5511372,-9.348433,-8.825468,0.47314456,-9.902237,-2.6919818,-4.3005157,-10.991498,-2.4239779,-5.4122987,0.027540294,-0.23996934,3.3057647,5.5860734,11.397922,7.49779,10.803371,5.750215,5.929996,2.0263202,1.1139438,-1.9945393,0.18383822,-1.7584547,1.6624874,-3.4816856,-4.6302023,-5.1573615,-1.7400885,angry
-450.98514,29.879715,-18.43142,-1.0260366,-15.952594,-12.371973,-13.850445,-16.70282,-5.0753064,-5.2525244,-12.333003,2.0227444,-8.314466,-2.118883,-2.390502,-6.495595,-4.366015,1.4696544,4.0431533,5.627037,9.347465,8.280692,5.116019,8.105989,3.6556513,3.4855225,-1.9113681,0.4307578,-3.203611,-2.8024423,-4.8946953,-3.5870883,-3.9531958,-0.73420954,-0.10776191,0.87145066,-1.9166262,-0.74269927,-1.0564052,2.3349469,fearful
-458.97095,34.912746,-23.265757,-5.3832607,-17.136168,-12.315902,-13.076668,-16.287594,-7.829228,-4.592716,-10.470268,-2.9185069,-7.2540665,-4.9201856,3.9578707,-1.1442821,5.19791,6.575552,6.255216,8.547455,9.387864,6.9783607,5.314724,5.5110826,-1.1139865,-1.0125567,-2.3169253,-0.31508073,-3.234451,-1.6325904,-5.417725,-2.306641,-1.7804537,2.2430139,0.51194876,1.3170875,-0.34325808,1.0180497,-0.45302895,0.6693407,fearful
-469.97137,29.624918,-14.29576,-3.101622,-15.701128,-13.181633,-18.565872,-12.379909,-10.968308,-4.2899904,-12.89197,-4.1885443,-6.208279,-6.351425,-2.9636993,-6.823956,-8.298053,-2.0061233,-4.178475,3.9654434,12.347657,13.00279,11.980654,13.519381,4.610056,2.4936483,-2.592585,3.5692291,-0.11212039,0.66536385,-3.9906054,-3.0578985,-2.889658,0.45688358,-2.101189,-1.8943081,-1.4078672,-1.575758,-2.6505194,-0.02370541,fearful
-474.78415,34.038727,-13.366605,-1.9456412,-15.17893,-8.269096,-13.113725,-14.755612,-7.51531,-4.051412,-9.565344,-2.5743115,-7.681837,-2.5296936,-1.8475229,-7.0956626,-8.433347,-1.8044478,-2.4228497,6.801993,15.025541,16.283075,15.733128,14.135175,4.6837945,3.9901075,1.9045391,5.0381503,-0.5814708,-0.05646891,-4.817807,-1.102157,-2.2290256,-1.1432055,-3.0034728,-1.8051941,-2.8376572,-1.251072,-2.6321938,-0.6660688,fearful
-385.30185,15.957993,-37.821312,-10.284944,-16.27385,-24.865704,-21.63507,-24.60862,-13.547069,0.35677737,-0.6291571,15.60829,12.072349,13.093797,5.462506,-7.8602214,-5.325975,0.33784968,-5.0670147,-3.8653204,2.43506,5.995319,3.500684,0.5234155,-1.602677,2.7547824,-2.7012267,-0.84979403,-0.98162055,-0.16864395,-3.115554,0.39069578,1.0599009,1.0260141,-0.20207377,0.23819374,-2.1230893,0.17930901,-2.0707786,-0.075408906,fearful
-434.9832,20.310568,-22.730799,-11.547097,-17.39034,-19.849676,-12.552186,-15.247674,-12.925396,-5.868801,-9.738366,3.149818,8.229586,15.330914,18.093098,4.5659485,-5.1141725,-2.4002824,-6.2550554,-2.5963647,-0.26074758,-4.475865,-2.7052126,0.2333962,-1.0302471,2.0719125,-0.7783701,2.9294364,1.7623521,1.4110348,-1.9346633,-0.42703053,0.31001586,3.2027507,0.094214514,0.16861601,-1.7481958,-1.8441265,-0.1806062,2.7490394,fearful
-429.5677,6.3970265,-30.647139,-13.176283,-13.239389,-17.216673,-21.445265,-19.861368,-14.187029,2.6879137,0.80154794,16.000015,15.3140745,13.593387,4.049471,-7.9544997,-4.057032,3.4898539,-2.6676488,-4.8310647,-3.9774058,-0.5071294,2.4736874,3.0207534,-0.6262474,-0.027728036,-1.5557376,0.8377346,-1.7974641,-1.1227276,-1.7603209,-0.7513691,0.4404034,2.2124777,0.43987003,1.6317763,0.1790552,-0.4789356,-1.717347,1.8080919,fearful
-398.17722,4.9010873,-34.227615,-21.983677,-15.197242,-18.930239,-22.926914,-18.113293,-14.983438,4.5446477,5.9279366,24.10332,17.96295,9.974859,-5.0340295,-15.129842,-4.870576,2.5484943,-8.839726,-11.687994,0.65582955,11.932106,7.6903057,-0.031729434,-1.5780832,1.7166604,-3.7430754,-3.7247932,-0.44940192,1.0166452,-3.725695,1.8184706,4.733974,3.4116433,1.4302219,0.38126355,-3.183713,1.2325221,-2.320377,-1.0074886,fearful
-521.52966,72.65847,-31.142914,3.3943694,-23.824121,-16.885836,-14.026443,-16.357916,-17.465029,-6.5676155,-10.328676,-3.664995,-7.437532,-5.6417904,-2.0366027,-8.725482,-7.8274913,-7.414249,-9.372999,-6.1712036,-6.4864626,-6.717985,-6.6612887,-4.821785,-7.042253,-1.9909772,-3.4412715,2.0725718,-0.019849572,2.0539315,-1.4552678,2.2600968,1.9727267,3.9198234,5.1747518,5.8909,4.597066,3.551408,0.28838804,-0.19519074,disgust
-499.7157,64.056496,-27.050951,4.9924045,-17.625792,-16.815144,-13.099339,-17.990917,-9.595577,-1.3802774,-13.23929,-4.364425,-5.2705073,-8.460714,-2.3838384,-5.81898,-9.383596,-4.62607,-7.9984365,-5.2081804,-5.575753,-3.808961,-5.072007,-2.4890378,-4.123581,0.56338185,1.5283133,5.3967743,4.38961,2.8435652,0.11797098,-0.04811202,-1.4051707,3.536477,4.505924,3.832009,0.11645801,-0.7479105,-1.6929569,0.8931414,disgust
-523.3105,52.701252,-28.453382,8.519876,-21.419912,-14.25263,-18.95995,-21.631617,-11.486798,-6.9683003,-14.355998,-0.262979,-7.632453,-9.22663,-1.085796,-10.040681,-5.3448815,-4.2848315,-7.6075983,-2.6277907,-6.2075953,-4.8911796,-7.817397,-4.8508162,-5.7698,-0.46191692,-0.43473968,8.734958,6.1064878,9.038691,3.392173,2.613026,1.1974888,4.9971337,3.7826505,4.8120804,3.0521338,2.0325475,1.1493611,2.8532639,disgust
-501.35825,65.49061,-26.578592,5.731133,-16.859747,-16.26354,-18.51524,-20.455427,-17.641384,-3.504971,-10.555517,-8.20556,-1.5300431,-10.301271,-6.1777816,-6.611176,-7.432819,-2.1732302,-8.340497,-4.783768,-6.211667,-5.858056,-5.0725303,-5.179265,-7.0123467,-3.6477463,-3.9032059,-1.3756213,-0.3324559,2.0425656,2.9797654,3.278687,4.9396033,5.334639,3.3153832,2.6517067,-0.04282944,0.38184714,-0.028614808,0.6707064,disgust
-528.2785,76.99133,-16.142036,-1.1175925,-26.958706,-11.0799885,-17.083965,-22.074987,-13.811739,0.5709962,-12.934334,-0.84867823,-5.527309,-6.52389,-0.08900748,-6.425795,-6.0739713,-3.251831,-7.2590885,-3.7131517,-4.2683005,-3.8034916,-4.0556602,-1.4247286,-3.586708,1.1838248,-2.21072,0.090020664,-2.4972618,-2.912646,-1.4834951,-0.8434142,-2.541261,0.0092234975,-1.2516764,-0.49925026,-0.28661332,0.0076895496,-1.6803516,-1.0637848,disgust
-407.4062,40.88929,-34.314556,-4.337107,-23.627388,-17.07026,-20.888052,-14.714753,-7.674113,-2.2052996,-13.526024,-0.6913821,-3.4951422,-8.504083,-2.3672357,-8.868059,-3.9679594,-2.5882323,-5.447471,3.2919087,-0.5485234,-0.2788531,0.49529818,3.2278764,5.9504237,9.682889,7.188117,9.658299,0.039863233,-0.07767639,0.4462123,2.336475,1.8217988,2.0884902,-3.2561512,0.4162472,-1.7099316,0.89958733,-0.86496097,0.89529234,disgust
-439.75397,44.14115,-33.67789,-7.470799,-22.143822,-15.903274,-21.284052,-20.488989,-8.767274,-4.05168,-11.611477,-2.0821853,-10.335315,-6.291096,-5.723553,-10.51139,-10.629864,-8.461443,-8.638376,-1.0775282,1.382633,1.7034984,2.916402,2.7374222,-0.6203925,1.6880106,0.70233846,5.3692174,5.0474567,4.997723,3.2658246,2.4254296,-1.7999709,1.34692,0.73127615,2.4729052,-1.2263724,-3.232313,-3.674053,0.9367819,disgust
-428.63486,34.949665,-26.84122,-4.41798,-20.475027,-19.703466,-25.637081,-20.906979,-13.179353,-5.481083,-10.8155365,-4.8754096,-9.91273,-8.812057,-7.8130946,-7.817593,-9.424408,-7.514311,-11.5847,-8.745887,-8.701636,-3.5037642,-3.1515813,8.827442,9.926306,17.418903,13.496375,13.38664,6.0743523,1.3998617,0.23503031,0.94663835,0.37342858,3.4774785,0.3422702,-1.0417875,-3.3982139,-1.6683562,-2.9732187,-0.76078373,disgust
-647.23883,35.205482,-3.5636077,0.55178255,-9.534861,-6.093286,-9.351324,-9.776473,-8.398802,-7.6534057,-8.000927,-5.837402,-9.699932,-3.8919036,-2.7870066,-4.747538,-2.824344,1.4856308,1.612915,3.20135,2.0265708,0.14421435,0.88730323,1.3643197,1.2356225,3.7575107,0.47723493,1.6858685,-0.798343,-0.2617082,-0.41361347,0.7517885,-0.06660658,0.5039318,-1.9926506,0.6079624,-1.5567738,-0.66955614,-0.7996569,-0.683019,surprised
-539.6659,39.459244,-17.748028,-4.126346,-14.440598,-11.952365,-16.634197,-16.307331,-7.232085,-5.0495453,-11.5683155,-3.84179,-7.1116824,0.63086665,2.8164077,0.8334085,1.0160227,0.39609355,-1.890358,-1.1726551,-0.24749458,0.6774769,-0.14181018,1.6364903,0.75465083,0.46449587,-0.39962396,1.9935892,0.9421457,3.2887104,0.33132315,3.7981343,1.9131306,1.6785249,-0.4455831,0.8484387,-1.2087268,-0.028850555,-1.9461191,0.11641565,surprised
-570.8283,34.65994,-11.941212,1.2944325,-12.437704,-6.9896655,-13.954206,-11.443696,-8.170986,-6.101814,-8.131848,-0.19125672,-8.918426,-1.8070832,-1.4333946,-5.264348,-2.7583337,-0.8561579,-2.1572177,0.47763294,1.5235331,1.927273,3.917829,4.40842,0.26406378,-1.2192291,-2.572434,4.422418,2.5553982,3.6101687,-1.0680331,-0.015569474,0.13008043,1.9538121,1.4931611,1.5651855,-0.090769306,-1.5169812,-2.7356305,-1.577494,surprised
-554.5564,28.57404,-20.387833,-1.9823034,-17.722172,-11.289807,-18.034332,-17.95255,-7.379628,-8.481203,-9.916929,-3.6362627,-7.0867605,2.9618552,4.4505124,-0.37310088,-1.3789876,-1.1903311,-3.4310975,0.19518821,1.3676646,0.17857961,-0.0091321245,1.7699076,-2.5132356,-1.0126238,0.924636,5.74539,1.7888187,0.17450482,-1.5587751,0.9311062,1.2774202,0.9999497,-1.8234982,-1.6558467,-2.0156467,-0.36961582,-1.0914294,0.35163566,surprised
-472.07373,49.37256,-19.427317,-7.9314837,-19.831724,-18.238533,-13.927883,-15.814139,-10.811686,-4.649565,-11.540128,6.0548115,-2.5313725,-0.1936706,2.7336771,-5.423628,-2.0844464,-3.6721952,-1.697155,-0.9137287,-1.0087482,0.818816,3.7230413,4.3286867,1.8598529,6.0311713,2.303442,5.395116,2.0192835,-0.33628973,-2.0039968,-0.33011806,-0.90902543,0.16106702,-1.0232638,1.4504741,-2.6153169,-1.405919,-1.5340284,-0.36181572,surprised
-477.47406,38.98995,-24.028767,-4.061716,-19.043322,-23.25288,-16.09442,-16.43183,-8.976936,-1.0073566,-8.213484,6.0594254,-5.054319,-1.4119878,1.7189232,-5.4956226,0.98356193,-1.8491023,-5.285701,2.7487214,0.4729524,2.7636306,2.0212808,2.0430691,-0.6603765,2.0060458,0.37959102,4.8424277,0.4673813,0.62719315,0.7657903,1.3710907,-1.4105188,-0.17769004,-1.2773925,1.1402729,-1.530022,-0.5198864,-1.2788835,-0.048217077,surprised
-444.8197,29.430103,-7.319829,2.1825602,-13.601598,-6.3902173,-12.2488165,-11.135024,-1.6505779,-5.5109787,-6.947629,-2.9805496,-8.73118,1.5632962,-0.25982136,-3.1918259,-2.0482702,2.7750084,-0.83858824,2.9002018,8.09007,3.997841,6.375877,6.9691277,3.0497553,5.589641,1.3228189,2.4316304,-0.99890864,0.6875603,-1.1591928,1.056354,-2.2076132,-0.29153576,-1.2827722,1.1143728,0.33737406,1.074734,-1.7664626,1.7296301,surprised
-485.24686,34.517685,-2.6824565,-2.740382,-5.6807947,-7.762773,-12.417012,-6.790933,-10.453491,-2.7148404,-8.958115,-4.3383875,-5.8266206,-0.4130169,1.8075937,1.1295079,1.8180957,7.1936655,0.54091424,1.8690943,3.41497,2.1897888,3.2666354,5.6242995,3.135929,3.0509892,0.39936864,3.2290876,0.42354143,2.724855,0.44501156,1.7275761,-0.3059575,0.7580507,0.19949816,1.1982456,-0.33269206,-0.35408658,-2.0401325,0.41914684,surprised
